Date: Minute,Durchschnitt von Pnn50,Durchschnitt von Hr Bpm,Durchschnitt von Lf Ms2,Durchschnitt von Hf Ms2,Durchschnitt von Vlf Ms2,Durchschnitt von VIdx
2026-04-19 07:00:00,6.5420560747663545,106.53833388649187,655.9403668541443,57.92963932857385,995.3536329285138,50.06380331790602
2026-04-19 07:01:00,0.0,110.6157610699561,801.6904226102395,88.41257060614639,1059.837366233494,30.855166975849613
2026-04-19 07:02:00,0.0,104.43950797387356,801.3358105615004,91.55778435891011,934.6299094354277,32.732625914181796
2026-04-19 07:03:00,0.0,98.25710609428003,292.92956609339757,56.11775598100918,888.0370760934842,39.660849510133104
2026-04-19 07:04:00,0.0,98.85675857431069,266.70975687530625,52.0349139818051,827.6055580230817,37.54898337066352
2026-04-19 07:05:00,1.7857142857142856,112.104630988923,260.1273607794727,46.09349072100797,996.420145151899,47.056855472023656
2026-04-19 07:06:00,0.0,114.12934659280518,344.0348349764302,55.07201968041288,850.9852392204608,23.91986005827828
2026-04-19 07:07:00,0.0,109.23667947218975,447.8004771230161,47.61807419528425,771.6234841851705,29.097616558837284
2026-04-19 07:08:00,2.857142857142857,104.67376676026385,458.86215458748046,44.36241111380531,675.4475371805037,42.36375408226326
2026-04-19 07:09:00,1.9047619047619049,105.40404885394011,477.7326510120053,40.89610916045008,644.7526491803162,41.29399120582525
2026-04-19 07:10:00,0.0,107.98920107989201,488.3125169701254,42.835267539676444,558.9651138746068,25.63652823671323
2026-04-19 07:11:00,0.0,110.48983828305488,294.8419133946625,28.889511754466106,602.9235313512271,23.59638634047841
2026-04-19 07:12:00,0.0,100.30425624393996,119.82137977872713,15.021823430060582,544.4706908571835,32.15585227628977
2026-04-19 07:13:00,0.0,101.61218017898355,123.14874044483498,19.453201588068843,475.09287022845047,25.114301831820157
2026-04-19 07:14:00,0.0,104.42082274053473,117.80865453733755,18.835280115277367,444.9590918993681,21.857276083136984
2026-04-19 07:15:00,0.0,100.13852495952736,70.06182270853425,17.859143736963105,432.50903271124906,28.440493154563406
2026-04-19 07:16:00,0.0,102.97597227313626,73.97246737620658,20.240305781182826,365.20921161418187,26.09418147888702
2026-04-19 07:17:00,0.0,104.52961672473867,80.98807681007398,18.59384241278849,309.67301517293936,23.18292496920841
2026-04-19 07:18:00,0.0,99.94503023337164,109.9167820642019,18.344801198853137,324.3932852663235,27.97027742775235
2026-04-19 07:19:00,0.0,101.76932286816549,123.74380457526775,18.89688457057191,227.13081651277855,23.410303002506556
2026-04-19 07:20:00,0.0,102.13447706146425,126.21864835734671,18.15820822405514,194.54595910654157,29.02233603644121
2026-04-19 07:21:00,0.0,103.36695268202118,121.26205136943392,17.74139191007888,204.95219499788632,28.18081779656175
2026-04-19 07:22:00,0.0,104.69798657718121,122.55356356031383,15.673286704316109,188.44816920625618,20.371684007459915
2026-04-19 07:23:00,0.0,106.10256581361982,99.9112560130676,14.523161448000627,155.61752997647486,24.94760579519385
2026-04-19 07:24:00,0.0,103.39808261807961,63.820560833193426,12.996021615141457,132.30108402887134,25.496456995172956
2026-04-19 07:25:00,0.0,104.94228174504023,60.93257725178228,12.727986152815054,124.9914163772037,23.133882753581343
2026-04-19 07:26:00,0.0,104.68898224691692,58.64887023297591,10.396897645679328,125.31600193612906,18.449422580672923
2026-04-19 07:27:00,0.0,105.94813773257906,57.36634615099269,9.825698762778305,120.96133415270923,19.257641061215203
2026-04-19 07:28:00,0.0,108.51726563284993,72.78362552354854,15.091738059372803,108.01457553593305,19.406894440647697
2026-04-19 07:29:00,0.0,107.75066295189822,83.87404042573641,14.16237400202424,92.2904639059976,22.7302911405525
2026-04-19 07:30:00,0.0,104.34782608695652,93.76482172748346,15.989618931357619,106.97734109211228,30.293679170505822
2026-04-19 07:31:00,0.0,104.14580412577608,90.18224065506311,17.395108500816924,108.48179713422587,22.811522244030094
2026-04-19 07:32:00,0.0,103.30820280503504,86.29080964731536,18.839238947890216,113.47434426907277,23.841794513833385
2026-04-19 07:33:00,0.0,103.19460527212043,60.08261739323722,13.24800730513787,114.27047396552888,21.576445341909135
2026-04-19 07:34:00,0.0,104.74686175076897,63.41448665885377,12.528256117198172,130.15209341036885,26.7361425945663
2026-04-19 07:35:00,0.0,105.86100282296007,109.06376423475571,14.935856519202831,140.1101972452586,19.831469204125668
2026-04-19 07:36:00,0.0,103.91686650679456,97.41354658777918,15.67513949588547,144.7931575077818,24.275355382155368
2026-04-19 07:37:00,0.0,105.7620354203043,83.67558078922438,14.647587641457926,123.07256617780565,30.458679615610507
2026-04-19 07:38:00,0.0,103.93017506684829,81.35499137613444,13.49834000688558,120.4032646653369,22.443796341388616
2026-04-19 07:39:00,0.0,107.25458066438254,83.77061083408252,15.727450525758833,124.39464510976538,20.45930496245287
2026-04-19 07:40:00,0.0,106.98785452343303,68.31897288765087,16.07310531021889,125.09602532660925,18.90861488307535
2026-04-19 07:41:00,0.0,103.8338658146965,93.79329604703479,17.01773887789364,97.23280853223447,25.83469366044815
2026-04-19 07:42:00,0.0,102.49024500527524,119.55982908972177,19.12021603632676,114.436072982857,30.440505864685175
2026-04-19 07:43:00,0.0,108.14599709607971,135.64515673114028,19.02779076141222,119.77856984658048,23.86876135739032
2026-04-19 07:44:00,0.0,107.14106907428113,111.58633716739595,18.138908398176593,130.7135240197477,28.917090815302437
2026-04-19 07:45:00,0.0,109.68739093583288,103.18428754858306,13.984134900663992,121.44871197816103,19.677414441958856
2026-04-19 07:46:00,0.0,106.3723030607125,102.67103259468635,17.1056317538025,109.96137148682128,20.865814524976972
2026-04-19 07:47:00,0.0,110.41774714335905,70.4135341250315,15.0906100092053,106.51832871624413,22.975384786128735
2026-04-19 07:48:00,0.0,105.58470017929479,63.812609249735154,15.649959920284045,152.18825439428537,28.05516373687996
2026-04-19 07:49:00,0.0,110.6695507822325,188.03666058154113,26.78421463950124,197.05257494811278,22.91142321791359
2026-04-19 07:50:00,0.0,110.84850704037814,196.01327131753976,25.92266294024642,167.29349248365037,21.241383863978168
2026-04-19 07:51:00,1.8691588785046727,107.8447841424492,172.27250193947378,21.603200202762356,146.03942733531852,37.97437113920591
2026-04-19 07:52:00,0.0,109.95537305075254,195.38905374502758,20.061470436288676,151.1850064306147,22.034247362725527
2026-04-19 07:53:00,0.0,109.31701935613279,177.42723831767017,21.065553701894064,148.92783496826556,17.93271191538988
2026-04-19 07:54:00,0.0,107.82029950083194,102.12710042725855,9.58712268020873,202.90758345618352,23.284736039698334
2026-04-19 07:55:00,0.0,113.4158581465373,103.22042741553773,10.041005146695776,202.6881265109429,17.272007622265544
2026-04-19 07:56:00,0.0,106.66400837362308,114.94552349971038,11.619946996807393,222.45057876333922,29.93132916449736
2026-04-19 07:57:00,0.0,110.58240064338851,142.53425538663242,14.652881003142795,232.76970617400417,23.64008764674965
2026-04-19 07:58:00,0.0,107.25383407397507,158.18868200217503,21.39931173863575,218.82951623790348,25.17365988750921
2026-04-19 07:59:00,0.0,108.65373329532689,121.99384747995506,18.69942868171036,201.73007276288962,30.886353013856283
2026-04-19 08:00:00,0.0,108.1189308239063,140.00838451938904,21.808740336294758,165.3245175368868,27.077380191693873
2026-04-19 08:01:00,0.0,110.36722789341111,152.8457176215724,17.459038811127435,180.64271833093594,24.609956009561675
2026-04-19 08:02:00,0.0,110.64728662676659,142.1592575843263,16.04422707977183,175.9307231496215,27.50858930751077
2026-04-19 08:03:00,0.0,114.3392063120591,157.92668480494902,14.120701713371359,160.9602281138171,22.490176440412263
2026-04-19 08:04:00,0.0,109.58540189615954,190.46539420219506,14.125901554874687,156.64307826381747,28.20113652927961
2026-04-19 08:05:00,0.0,111.24288028863018,164.59371981026592,17.45167293458112,139.97055630145803,28.04870472467681
2026-04-19 08:06:00,0.0,114.04157976182466,291.28877741947383,17.54649739385531,167.66341859627744,30.151765608413207
2026-04-19 08:07:00,0.0,118.1476846057572,246.6680564186594,15.05902038451458,170.4490398811261,16.637324313213124
2026-04-19 08:08:00,0.0,115.42862828996468,215.59897448125332,13.55643695119608,171.0983657513717,34.69180146190271
2026-04-19 08:09:00,0.0,118.0268334510239,215.21371820041583,13.776288621049398,159.040372229398,20.410924554130975
2026-04-19 08:10:00,0.0,113.38740697382724,223.1406557133906,15.263190498796776,151.40492924766704,22.57630136642236
2026-04-19 08:11:00,0.0,109.7932904100305,138.02437649208773,13.27197024144946,149.88983685714658,28.656047357585685
2026-04-19 08:12:00,0.0,110.91127098321341,223.87367574807945,17.68175100355836,148.79907220297332,26.214101826497014
2026-04-19 08:13:00,0.0,113.82736183455093,441.3501782203778,33.41742838677902,212.87595933602378,27.875218775435396
2026-04-19 08:14:00,0.0,110.00470968176008,566.7464506439205,45.76635000857276,225.87448891561684,34.851661527774866
2026-04-19 08:15:00,1.8518518518518516,107.69128498304859,593.3250126894893,49.38752013010437,277.93288797183243,43.535335512462936
2026-04-19 08:16:00,0.9174311926605505,109.20202374392628,697.3448717367368,54.39227475685678,229.1407715763107,41.31218846532161
2026-04-19 08:17:00,0.0,109.97617182943695,639.6917255766026,54.20920726184679,271.28277354155045,30.377189476436193
2026-04-19 08:18:00,0.0,110.50833835643961,385.8883726568973,35.227717897267254,299.65423020412186,35.813510664022495
2026-04-19 08:19:00,0.0,113.59257459748353,269.23614395655096,22.350538487040687,286.5670243256291,26.961027750100452
2026-04-19 08:20:00,0.0,122.0020333672228,236.071269539716,18.50422899273859,219.8064746496814,25.276881595241278
2026-04-19 08:21:00,0.0,122.21999599278702,138.64416252740875,12.796118924126418,274.7093242408087,26.617316234814353
2026-04-19 08:22:00,0.0,128.46891152707383,119.79767737062848,12.211509202426141,341.05482865943094,19.564032569778348
2026-04-19 08:23:00,0.0,123.83900928792569,102.55522479888585,11.018918581908341,334.5963364404497,22.26840643373045
2026-04-19 08:24:00,0.0,126.1724356620715,70.51881180200303,8.1603170458168,333.9376278646361,24.253267258658436
2026-04-19 08:25:00,0.0,131.69579277181109,107.6201971370361,14.478164851534551,421.96348836795624,13.594380753756303
2026-04-19 08:26:00,0.0,129.43774418209614,185.2491292066985,24.42694440542722,457.5590796764507,17.008428772690102
2026-04-19 08:27:00,1.680672268907563,119.23648569663165,295.7490884569595,68.40709472423532,488.18772833793565,39.59057413299383
2026-04-19 08:28:00,0.8695652173913043,115.4039136979428,365.91962544480947,80.98846317989575,555.3081211781005,38.28677355796079
2026-04-19 08:29:00,4.166666666666666,120.7324434905091,916.7835839108186,139.73769208084695,568.6943228527856,54.47397193347111
2026-04-19 08:30:00,0.0,119.92205066706642,888.7506567338954,136.18170236037068,587.4473931241646,30.9304483053993
2026-04-19 08:31:00,4.587155963302752,109.83105498270244,683.6614237147218,116.94078608982547,601.1238492075132,53.030817027946064
2026-04-19 08:32:00,0.0,118.56919857849813,668.880494231247,76.71765347247953,637.7261310889425,32.694692134690875
2026-04-19 08:33:00,0.0,127.08684267582849,678.4420812739893,88.09232041570287,628.4457236859995,24.47270014593632
2026-04-19 08:34:00,0.0,117.11516324385647,229.5796621001708,32.35388091702139,634.8368490541021,34.547057013648626
2026-04-19 08:35:00,0.0,111.41781681304893,366.53956784323765,37.831005368328505,644.6122082001253,36.225753387584504
2026-04-19 08:36:00,0.0,116.46976137086247,328.68335889528174,37.89263614971113,606.4178084187586,32.26700767162773
2026-04-19 08:37:00,0.8771929824561403,113.78759648655843,293.8348653052335,35.47574328711676,503.3723838138975,42.68288442042378
2026-04-19 08:38:00,0.0,123.25266796933714,271.14541127060033,31.075047689998556,422.73889696696443,18.781109971574185
2026-04-19 08:39:00,0.0,118.83581187686731,268.2444498521084,26.156817473876114,325.52411611701535,28.31909384093786
2026-04-19 08:40:00,0.0,116.82087465885641,323.5420620913838,24.164188172868926,290.18668215186545,25.63697225710776
2026-04-19 08:41:00,0.0,114.0418153322885,354.3375276527021,28.222976268264944,332.37653149396306,32.052660145649256
2026-04-19 08:42:00,0.0,110.32730433619737,372.6555871544075,27.700930808453414,285.47859400400796,41.47104300692057
2026-04-19 08:43:00,0.0,117.10539485536984,417.74217846508486,28.958390785108783,283.0575998547001,26.5787845699118
2026-04-19 08:44:00,0.0,118.62557949277338,396.4651773577291,27.089676742766542,250.83770851144934,32.11205516231303
2026-04-19 08:45:00,0.0,117.46398273179058,238.55668988242795,21.64369923459733,245.64395382048025,29.850290702438897
2026-04-19 08:46:00,0.0,119.32615816565279,334.5526589219192,36.08882926735326,221.33960098419195,27.5989777464569
2026-04-19 08:47:00,0.0,116.88506302136231,503.47255690448634,44.16735432173858,235.23575547336043,33.66197513803586
2026-04-19 08:48:00,0.0,113.85199240986718,713.5359400033233,53.90295297804633,195.51627894523878,39.772841618407135
2026-04-19 08:49:00,0.9174311926605505,109.0909090909091,716.1677255740847,57.32648790161975,296.16536250085966,41.3862869259445
2026-04-19 08:50:00,0.8928571428571428,112.37834041272282,848.6349431864709,63.411531670056235,276.38589618301154,42.56147877754531
2026-04-19 08:51:00,0.0,114.551757632597,876.752795487876,50.44833222494958,270.48632508752763,29.46934436368907
2026-04-19 08:52:00,0.0,109.82793623323461,806.3582874989775,52.75699216651317,267.9908794816254,39.962635999065796
2026-04-19 08:53:00,0.0,110.13399636224074,589.8648640354645,46.69210011434468,267.97130910007775,37.916210741292694
2026-04-19 08:54:00,0.0,109.56609147260848,680.5202322451921,50.32846350714207,219.5906104995742,37.71486298823575
2026-04-19 08:55:00,0.0,109.68556803829024,573.0617991134163,53.689324577495825,266.64014317963944,33.73123790078259
2026-04-19 08:56:00,0.9615384615384616,104.60321185503068,461.690583554607,43.54623745968139,353.52458952106326,37.917176164044854
2026-04-19 08:57:00,0.0,107.73783792770925,321.9666597932793,31.558688359364545,282.09506080083975,37.254693009895234
2026-04-19 08:58:00,0.0,112.87098778910594,280.2576197336338,34.96279831063884,255.6039311261324,28.546095632119417
2026-04-19 08:59:00,0.0,118.51355875460328,310.71802564890686,34.64530451283366,357.2878954537837,23.361628046303924
2026-04-19 09:00:00,0.0,119.65698331449843,404.88793617248956,34.8975954330067,514.6608434625854,23.39882028982491
2026-04-19 09:01:00,0.0,120.28065486134314,409.46469034029315,34.09500902167707,545.4344421707098,37.97664070752484
2026-04-19 09:02:00,0.0,118.52053674817792,546.5695927832048,63.90281067790839,576.3913073850647,41.14344073495847
2026-04-19 09:03:00,0.0,122.90781913564825,610.6723723690837,77.78136899826012,616.3969810473883,32.01580616356906
2026-04-19 09:04:00,3.361344537815126,119.27233850625596,538.7965308157992,71.47327072555586,559.8648459975925,44.59624923227826
2026-04-19 09:05:00,0.8130081300813009,123.05742679917294,531.9426497825918,110.36458718102831,602.9999191592855,36.048804307091345
2026-04-19 09:06:00,5.932203389830509,122.19748356029618,595.951246159168,157.38453568545918,559.9970309399705,50.79209194186082
2026-04-19 09:07:00,5.405405405405405,112.475301031868,530.0826957993407,108.2578804592957,660.8892399720755,57.78921926029065
2026-04-19 09:08:00,2.608695652173913,115.0,488.2253174653963,108.24001128641726,727.502766997814,42.14671263209359
2026-04-19 09:09:00,0.0,120.21036814425244,484.5120180023486,90.03283489576432,928.7502839392934,31.2809098528282
2026-04-19 09:10:00,0.0,118.16543160424595,576.03178994268,79.81546487101065,925.0379876888495,25.701954183058483
2026-04-19 09:11:00,0.0,123.71341402085359,502.75404871298247,48.508858911352,930.6338660546929,30.161723221286508
2026-04-19 09:12:00,0.8695652173913043,114.74755537816804,1174.0643535981444,256.77602563428434,1092.1994541004624,45.149573755801015
2026-04-19 09:13:00,0.0,109.84255899876842,1636.7677378287824,344.016826684234,1008.6695397798295,35.45138264664945
2026-04-19 09:14:00,4.9504950495049505,102.98066138735004,2174.1158201174476,393.2620418416534,763.1043604149759,67.94880681455822
2026-04-19 09:15:00,4.761904761904762,103.56221129978795,1876.9098445534667,403.17622199399506,669.56037624769,58.948894010607056
2026-04-19 09:16:00,4.040404040404041,99.24646204741775,1923.0248440575153,460.0484010832337,737.7620776425418,47.57403609382445
2026-04-19 09:17:00,0.0,99.59591556144264,1166.4611116838817,184.09601278125996,805.833345740281,35.94789317291086
2026-04-19 09:18:00,2.0,99.83361064891847,947.4016309083328,97.02243795166588,908.724198972977,41.46484652045778
2026-04-19 09:19:00,0.0,96.55195534472065,629.8589034275174,82.22028106455814,811.3770475758482,41.96980069808464
2026-04-19 09:20:00,1.0638297872340425,95.56244599196869,649.001334788652,75.89594006114956,820.8553727418325,43.13645979883428
2026-04-19 09:21:00,0.0,98.6645405620889,858.2339157997706,74.20543729995602,931.9401468067455,33.7041000298869
2026-04-19 09:22:00,0.0,98.38698882270262,1107.5359081599572,79.10183907865309,752.3015877021248,36.42245800166728
2026-04-19 09:23:00,2.083333333333333,96.44525559667129,1275.688389290097,76.28964889453417,599.1601510107182,44.39184099863857
2026-04-19 09:24:00,3.125,95.59848635729934,1282.0008029489993,76.95262893451037,572.9167247278122,46.26297057112499
2026-04-19 09:25:00,1.0101010101010102,99.64938180476103,1372.8341141926799,72.92852782634965,636.0784959335385,44.17886451004723
2026-04-19 09:26:00,0.0,103.13923797126121,1817.8001583455618,224.01392772114076,569.0029181960456,33.560084579965725
2026-04-19 09:27:00,0.0,99.50743818100402,1647.655269988954,244.08489930703976,601.3988068805246,39.944082527234805
2026-04-19 09:28:00,5.434782608695652,92.56309214387525,1584.9753137299776,243.67462409594674,521.2531341487631,65.41472295453767
2026-04-19 09:29:00,4.123711340206185,97.39118793821851,2100.713584106183,262.1587924703302,533.9469101477006,45.27346929333192
2026-04-19 09:30:00,2.083333333333333,96.08166941900616,1922.6062966478107,255.8678127287863,559.0324212615586,43.716363161439844
2026-04-19 09:31:00,4.25531914893617,93.82954299688897,1050.471932905488,88.00327535507324,837.1508088517604,46.28509247531311
2026-04-19 09:32:00,0.0,102.44735344336938,855.9453245499986,62.18697362817682,748.266955187419,28.417753441396858
2026-04-19 09:33:00,0.0,100.269055298384,682.5761418036703,45.4675264655893,786.117453382573,32.040590324802864
2026-04-19 09:34:00,0.0,98.30693610049153,235.34018919266927,39.64562341922674,854.0560988992672,37.76443478899421
2026-04-19 09:35:00,0.0,96.64105231368076,323.6727346833179,54.81273514805427,832.9222392781804,35.21266884525365
2026-04-19 09:36:00,0.0,97.79788437229725,662.3654415900874,95.43310860543541,625.1150108318188,33.27058374182185
2026-04-19 09:37:00,0.0,101.46334929511436,689.5559654064323,99.03247525566753,759.4230676505357,37.33750182533513
2026-04-19 09:38:00,4.854368932038835,103.59393858119887,640.3901215146859,98.79937902781015,797.4708927441184,55.021930461685855
2026-04-19 09:39:00,1.0,101.73284953711554,751.8699745475434,88.04526269350626,779.3366470243866,39.80205699486228
2026-04-19 09:40:00,0.0,103.76825090630925,669.0699303076476,99.6626793564514,748.9989590437806,28.359333156349305
2026-04-19 09:41:00,0.0,104.74192194712548,457.34998147461056,70.5685112116751,710.4422367284868,35.15956577042306
2026-04-19 09:42:00,0.0,99.65784141115505,1102.8594803150293,166.524455974624,685.767701962685,36.928582396943845
2026-04-19 09:43:00,2.0618556701030926,97.75597957538295,1134.1345919692633,173.11244593355462,628.0878170690172,42.03694844144787
2026-04-19 09:44:00,9.574468085106384,93.96711151097116,1042.0062399275648,184.1187701126723,646.0979548693424,62.84168269985728
2026-04-19 09:45:00,0.0,100.07171806461297,973.6722290515662,185.79413071176094,667.9332714840976,26.64470445138467
2026-04-19 09:46:00,0.0,98.76132679358217,947.0888671357587,174.5285802987702,425.37376960335143,31.24850092064265
2026-04-19 09:47:00,0.0,99.07265327907132,198.2519415468338,37.415046212908976,445.94223208843607,31.688561388542304
2026-04-19 09:48:00,0.0,99.68450023494663,303.587574132275,45.76245171140566,421.46830219090657,32.63739724415024
2026-04-19 09:49:00,0.0,98.52053340410004,302.55249011099005,41.303119844142124,446.5008784560796,36.4589431205757
2026-04-19 09:50:00,0.0,99.28627542748258,416.3802986933206,55.294694075014974,472.9971594767527,38.27749652629047
2026-04-19 09:51:00,0.0,103.10998398291511,419.15690149587874,51.41975195190649,476.0165382562365,31.506200598098776
2026-04-19 09:52:00,0.0,98.96041583366654,412.7912646271207,52.97597353815421,297.37250522553086,40.96504912096898
2026-04-19 09:53:00,0.0,101.99490025498726,510.7423318536539,56.89368585746701,338.2833777139622,33.613862453611
2026-04-19 09:54:00,0.0,102.29153086295945,579.9680906955515,62.51355911584032,387.25998288410165,35.713466435825694
2026-04-19 09:55:00,1.0101010101010102,99.05447996398019,560.6004180031691,57.41843699146445,421.2894548777588,42.26135055885153
2026-04-19 09:56:00,0.0,100.50251256281408,614.5722230848064,52.65021913132126,418.9105249698192,36.04252128099634
2026-04-19 09:57:00,0.0,100.28581457152886,536.5517409206506,49.762240440677274,480.29593780438654,37.1832845217161
2026-04-19 09:58:00,0.0,99.2431457069821,597.9760130548,54.27418852324409,460.8868316584267,35.92718586679783
2026-04-19 09:59:00,0.0,104.36684116360745,629.5575757899575,51.330924857884696,461.4260368133059,31.405258384688306
2026-04-19 10:00:00,0.9900990099009901,101.0,632.7741380644363,54.728726439273956,530.1353853056546,43.45770774305815
2026-04-19 10:01:00,0.9523809523809524,106.09811549537714,639.9872550061093,57.381783124163874,549.0639379698312,35.60627995533995
2026-04-19 10:02:00,0.0,98.6350503138388,644.0381502933217,57.62115050399839,630.3406991855203,39.521989113535305
2026-04-19 10:03:00,0.0,97.2496073254687,385.20726639866086,43.23954654727927,566.0002135757102,39.0879417796728
2026-04-19 10:04:00,0.0,104.71378232830263,449.98788067401114,56.68450281781021,536.8551955250445,29.931201711950834
2026-04-19 10:05:00,0.0,102.97482837528605,630.2362522682793,46.92963817327716,743.1215595086684,31.2680722281258
2026-04-19 10:06:00,0.0,103.57362192308331,529.8445494388429,40.484025715437824,760.5140943403035,37.256704621591446
2026-04-19 10:07:00,1.8691588785046727,106.9821696383936,823.721121961076,235.3897211812672,805.0857754231068,42.0305176524713
2026-04-19 10:08:00,0.0,110.13215859030838,856.9851795789791,230.98317956568155,909.1019636123502,28.384441938041387
2026-04-19 10:09:00,1.9047619047619049,105.8965911383043,835.706431397535,234.18119642581132,1030.3207427358006,66.97375425693951
2026-04-19 10:10:00,0.0,100.83865814696486,1085.082986166387,290.2424650960239,956.5046819123984,35.61216953628543
2026-04-19 10:11:00,0.0,102.98626849753366,1268.2120770135393,295.1599423603934,1009.5873007510643,36.25848258724514
2026-04-19 10:12:00,8.16326530612245,97.92166266986412,1079.7306447176854,80.36476280916882,1150.6401829578426,53.76948698266498
2026-04-19 10:13:00,1.9417475728155338,103.95115305041126,1171.6854903682322,100.22560694996432,1285.5896613619195,38.707987760713095
2026-04-19 10:14:00,0.9345794392523363,109.14654879292758,1526.2042173476514,120.54225441936107,1764.4211149531718,38.9892413943229
2026-04-19 10:15:00,1.8181818181818181,110.15053907006241,1243.3856640688846,92.48340324639986,1682.2786534184524,44.268175296154595
2026-04-19 10:16:00,3.1578947368421053,94.67966712622294,1321.8572893842506,130.86067748196575,1850.8571132837797,47.52507257058839
2026-04-19 10:17:00,1.0309278350515463,96.77580272369012,1186.0099128064287,127.39623807763338,1620.0861224158127,45.44620606570447
2026-04-19 10:18:00,2.197802197802198,91.81871689228959,896.8143909226907,106.56993477557535,1723.8722008922066,46.46002440389658
2026-04-19 10:19:00,0.0,97.47041076815967,1069.9483100206503,169.07354687103168,1704.7944229646569,38.315714136946596
2026-04-19 10:20:00,0.0,111.97417532533038,945.0266216830527,166.40127746852602,1693.0996969770965,32.10714028152747
2026-04-19 10:21:00,5.319148936170213,93.48272890008619,849.531243423459,150.51305516983342,1847.1379220464823,57.88176130016838
2026-04-19 10:22:00,0.0,97.16680301183698,1056.5771523144658,152.84358516506018,1565.9093701626105,39.021754988769516
2026-04-19 10:23:00,0.0,102.19246247098702,1200.2318957294453,162.82996924463475,1337.131666118446,37.78047462104611
2026-04-19 10:24:00,1.0752688172043012,93.14592862150703,1139.3868203323373,186.5791995295072,1223.3591167948043,43.78499681436271
2026-04-19 10:25:00,0.0,94.16636057034094,1115.8515486205365,181.32033525488268,1498.2734393604312,37.37018502415606
2026-04-19 10:26:00,6.521739130434782,92.4901980496632,1251.4252617684724,191.08291554931185,1478.6838708041505,63.22521703864604
2026-04-19 10:27:00,0.0,95.5731067896728,1127.4058767897125,187.77045292581016,1345.8074658563964,35.748635463399765
2026-04-19 10:28:00,0.0,89.47421333065246,1215.6627031160456,194.55475963323687,757.1524215637405,41.2993168908113
2026-04-19 10:29:00,0.0,93.57392004292997,573.760814409383,72.33563146232896,666.3950155610173,36.689077186653954
2026-04-19 10:30:00,0.0,94.67180441137391,1327.99071691999,105.6615879845799,735.5205691022117,40.44098137085763
2026-04-19 10:31:00,0.0,93.51903061994066,1405.846789236965,102.12482382754791,531.7059817218911,39.610724256820546
2026-04-19 10:32:00,9.782608695652174,91.47554023598038,2027.6296025876584,181.8002671312198,620.2827680033929,57.18916939848279
2026-04-19 10:33:00,1.098901098901099,92.7246790299572,2483.6963510059086,180.82025962878356,608.8143373874163,42.51366314926411
2026-04-19 10:34:00,6.741573033707865,90.10681200749204,2563.971868259379,206.7343011340227,602.61046381768,53.59312763866208
2026-04-19 10:35:00,5.681818181818182,87.56073696953617,1907.353972069921,202.12409967187995,493.8404679290333,50.83106234339302
2026-04-19 10:36:00,2.197802197802198,90.85160903857034,2219.3203078851993,215.19052546729213,436.7851363699611,44.42278945146751
2026-04-19 10:37:00,0.0,90.13068949977466,2724.0298224233347,272.405291408068,466.0824495587406,44.44594029377102
2026-04-19 10:38:00,4.395604395604396,90.96664556329345,2431.4467908292463,196.12142354942614,488.93790542562664,49.439598718616985
2026-04-19 10:39:00,11.494252873563218,87.55744909255594,2321.0233630604253,168.26594701141613,551.2480572633998,60.95619154363704
2026-04-19 10:40:00,0.0,90.02100490114361,2099.036817677131,165.4046462606238,458.47126261374285,39.75162887727286
2026-04-19 10:41:00,0.0,93.31727874774232,1441.1420827304578,164.62797944358275,438.6547773118662,36.67494291554026
2026-04-19 10:42:00,0.0,92.42236024844719,362.19950034676447,83.15705742241678,460.79047360583166,36.61313036088881
2026-04-19 10:43:00,0.0,93.32820418471626,304.3473618398831,85.12380743110032,422.3058720031053,35.490955634734576
2026-04-19 10:44:00,1.098901098901099,91.04248649369706,494.97725687070147,93.06558112423532,632.2608169685966,39.150120064495084
2026-04-19 10:45:00,0.0,91.21587757693207,725.9806191881513,96.65771166855149,633.4430596289042,41.5786703200224
2026-04-19 10:46:00,1.1111111111111112,90.56299998322908,721.2960072188195,99.07380324249279,630.3063129689701,44.07051439687868
2026-04-19 10:47:00,1.098901098901099,90.80930046901507,795.6661297280123,90.49510558516269,363.39114489767286,44.80222967632355
2026-04-19 10:48:00,0.0,93.75779236971157,754.5652191556431,76.728193196756,449.74930476205907,34.70094964484064
2026-04-19 10:49:00,1.0638297872340425,94.31595846084383,463.2103695336513,58.45891615209828,431.8276602228911,37.65902652705279
2026-04-19 10:50:00,0.0,94.46603242663808,268.467681074865,50.80783384047492,553.0214525714367,36.70504131728152
2026-04-19 10:51:00,0.0,106.37938603897202,285.9126277199397,48.20891971133292,580.2380186498747,26.508870651797817
2026-04-19 10:52:00,0.0,98.78534348067133,228.6659439205484,51.72810077778831,565.99916426424,36.86659055831561
2026-04-19 10:53:00,0.0,98.86653018425126,349.0604628379067,56.235880695919064,544.9281145479765,32.78054469684077
2026-04-19 10:54:00,0.0,95.92326139088729,391.447380886473,61.99372262788629,575.8298102642658,35.47321665254494
2026-04-19 10:55:00,1.0869565217391304,92.19976616001337,346.08122822078775,57.27257903835586,484.12720227361575,42.94939139178528
2026-04-19 10:56:00,0.0,94.48502311867587,513.0660764481846,60.102264895901115,564.8820930440311,35.78516907081629
2026-04-19 10:57:00,0.0,98.30803183307697,669.2698543135496,58.03614310627179,552.3587546397509,33.96762333968502
2026-04-19 10:58:00,0.0,93.7780585946593,556.4231609747036,56.592366548673084,633.4781947134243,40.61338784518465
2026-04-19 10:59:00,2.1739130434782608,92.14435949654458,578.5329446325171,60.44733154480585,571.2146028746891,42.089852470398284
2026-04-19 11:00:00,0.0,94.67337684986795,620.3452747750382,65.19531889741856,540.0096054214567,36.152885371381984
2026-04-19 11:01:00,0.0,94.72623446422574,477.07902961328966,71.18358241982739,585.5994312440773,37.230692147851215
2026-04-19 11:02:00,0.0,95.59689973943206,445.42953907999976,67.54841570853324,595.8147442733426,36.78815231796303
2026-04-19 11:03:00,0.0,94.36803533781749,422.77629346885175,56.58966050240018,686.9877037240501,36.34246903373436
2026-04-19 11:04:00,0.0,95.58946838839509,396.0629199313752,61.553517469948005,625.6704775047596,40.48026673992126
2026-04-19 11:05:00,0.0,102.60837802387555,390.04491986394356,49.36998000370204,1013.5111052112595,31.984347250063273
2026-04-19 11:06:00,0.0,101.30729880637935,373.60113284472914,49.86451650119977,835.7978102579166,36.10398362128542
2026-04-19 11:07:00,0.0,95.44061751753931,451.65095866292603,147.9321378290378,1012.599977579301,36.217383236514344
2026-04-19 11:08:00,0.0,99.3109039319011,591.1363760518287,197.5017029533149,965.5240391950251,33.85014738360624
2026-04-19 11:09:00,3.0927835051546393,98.02765660002358,855.8580072144898,206.86234302549798,1055.3358336714923,54.683900289029076
2026-04-19 11:10:00,2.941176470588235,101.88113867154986,1016.9161060534396,202.34132095431357,1020.6750246473212,46.0599254141198
2026-04-19 11:11:00,2.0,100.65256412407106,986.3317387476668,202.01783258022505,1263.9705485195411,44.728110379067424
2026-04-19 11:12:00,5.982905982905983,116.70822942643392,863.7365415427515,94.2830609602226,1265.3030379878824,49.42280949202027
2026-04-19 11:13:00,0.0,111.13336003203845,858.726462430749,123.6318972269612,1222.5617280785111,31.796931146835096
2026-04-19 11:14:00,0.0,113.98789509078682,1209.8936830893174,135.5188599426541,1169.374767878698,35.826870607370545
2026-04-19 11:15:00,3.0927835051546393,96.87728876756108,1281.0649287249018,239.60312101289105,1370.9825737269546,47.29747510120058
2026-04-19 11:16:00,6.315789473684211,95.30816306056248,1513.8677529323297,276.6205798686955,1459.6990665046264,52.06481467501982
2026-04-19 11:17:00,7.142857142857142,97.52375897699568,2033.4567874181978,347.836465358401,1763.4525853797397,62.90573991455474
2026-04-19 11:18:00,2.1052631578947367,95.89018050905909,2108.1943170566424,329.21344116391185,1620.2460496616764,45.091687551353246
2026-04-19 11:19:00,5.263157894736842,94.26473506648144,1539.2061457848984,301.98109407617585,1656.3268369150162,51.73187713919316
2026-04-19 11:20:00,2.1739130434782608,92.66875954807192,934.3330303572864,118.95237177718002,1742.6894314317433,46.37714051984078
2026-04-19 11:21:00,0.0,99.94669509594883,1166.0598461413704,158.70181627188276,1632.979942611295,37.56293737072491
2026-04-19 11:22:00,0.0,111.31167268351385,1061.4185267531136,158.61017630965102,1036.0135847969084,35.012507600902644
2026-04-19 11:23:00,4.301075268817205,92.93184997668376,927.1579212298852,133.07543357321717,1015.2191784829166,55.116515152709034
2026-04-19 11:24:00,4.444444444444445,90.10662617430627,1002.8636091568869,151.05225904751225,956.968511948792,49.980982901782795
2026-04-19 11:25:00,0.0,95.45180521133365,1688.142627395716,244.76992071404592,1304.7289207309323,38.50774549049704
2026-04-19 11:26:00,0.0,93.9142862003845,1482.2722111207108,192.24574646261829,1453.3342777861722,41.15918275847406
2026-04-19 11:27:00,7.446808510638298,94.11293552262715,1176.767127929309,141.89889236362126,1455.5000776359773,55.87754605079211
2026-04-19 11:28:00,0.0,97.08899824839436,1264.3022176281283,156.61701119656513,1423.0687477699776,40.36668223557219
2026-04-19 11:29:00,0.0,101.64255700785571,1355.3490266677775,175.31143554727316,1493.0091062923357,37.10371892294737
2026-04-19 11:30:00,1.9607843137254901,102.31376220409255,2204.605172396474,314.6386136457874,1034.2293751240602,49.13431376096563
2026-04-19 11:31:00,1.0204081632653061,98.48751319029195,2610.1544522715376,376.637222167834,923.0757813363234,44.23461232822226
2026-04-19 11:32:00,13.0,99.4068723284403,2906.554498593261,446.96134984772084,759.9709132494548,67.9098446375207
2026-04-19 11:33:00,3.8834951456310676,103.61825559169714,2764.4416139305636,414.0970917628356,900.7514856148335,51.37368214419956
2026-04-19 11:34:00,5.0,100.28916709846725,2802.8882359373483,411.3582600836818,881.7442703115437,48.442554150838525
2026-04-19 11:35:00,1.0204081632653061,97.86136306898561,1625.0849947043837,195.09905356808096,875.557023205906,44.15065284261495
2026-04-19 11:36:00,0.9900990099009901,101.30391173520562,1254.651603786729,149.17432382169633,905.2792064883809,43.94734528586034
2026-04-19 11:37:00,2.083333333333333,96.688096956675,989.0067338000616,111.70121846640991,865.4963406487818,45.44523885583347
2026-04-19 11:38:00,1.0526315789473684,94.75679090334806,1054.1935711645306,106.36079723698647,764.5520315981719,44.08413039164694
2026-04-19 11:39:00,1.0101010101010102,98.55813104581127,989.4604346638819,102.9943848098418,777.9582682845809,39.596178375801976
2026-04-19 11:40:00,4.081632653061225,98.94658903510248,1006.4733824736384,115.51066124963035,565.6009170357659,45.3619782974828
2026-04-19 11:41:00,0.0,97.13436921074153,1193.5281634976704,119.50517015805283,548.2289014779516,41.421638321111466
2026-04-19 11:42:00,4.2105263157894735,95.08081869589151,1263.7132164601467,131.71130706968356,519.4779201601381,47.86043254685068
2026-04-19 11:43:00,2.0618556701030926,96.6552628956721,1141.6077061396359,127.60881305261803,589.4833267993145,45.00754394396071
2026-04-19 11:44:00,0.0,93.85565068205138,1086.6543213841321,145.24734580307407,617.957876174458,42.60900859155991
2026-04-19 11:45:00,1.0638297872340425,95.26866100234793,954.457043258687,126.3649466737865,606.1075424988042,41.06058874148081
2026-04-19 11:46:00,0.0,96.57667225328974,768.5056292295016,122.19060470901003,435.1423935307564,42.085780312096
2026-04-19 11:47:00,2.0408163265306123,98.4462898473078,699.7742129898986,102.88008478012712,773.0550382212825,44.46005032720296
2026-04-19 11:48:00,0.0,96.91748552968097,674.98619911056,98.39427987520818,632.2863232475733,42.661731888427376
2026-04-19 11:49:00,0.0,100.14377076000198,778.9032400360618,89.4805901291786,693.7856302065367,37.95674896206607
2026-04-19 11:50:00,0.0,100.79290417954576,649.724992395224,75.82653099216137,565.3113845779683,36.83660199230051
2026-04-19 11:51:00,0.0,102.96224717603546,563.3679543193283,67.21766736655326,604.0799303518542,41.15419201628404
2026-04-19 11:52:00,0.0,104.28504579183101,476.67647905854886,61.29166682721774,653.9675375784853,37.14739950665139
2026-04-19 11:53:00,0.0,104.48061080972474,492.6999609024426,54.10083733752131,822.0273910557538,35.87557574265545
2026-04-19 11:54:00,0.0,111.31725417439704,350.33332557852896,48.07682893540497,580.6986087839717,35.42625660261598
2026-04-19 11:55:00,0.0,111.83127917520234,339.0584734527438,46.970987741863986,933.8581131509359,35.45070938495453
2026-04-19 11:56:00,0.0,109.83707500540865,401.95809622984166,77.45475419074529,785.4944268758592,35.3563384023373
2026-04-19 11:57:00,0.0,107.54489413025999,459.72141746796495,66.65754792115192,774.7231103800004,31.71475026983202
2026-04-19 11:58:00,1.834862385321101,109.63588815127741,434.15170896771593,130.60197278222853,525.2127033204462,50.93942928072855
2026-04-19 11:59:00,0.0,120.52260220789304,1117.9024416566258,171.11055049128348,755.6548222573081,32.74255892429848
2026-04-19 12:00:00,2.380952380952381,127.06523017967292,1107.5750195407884,225.06477649246784,642.9656605368197,50.91433481253505
2026-04-19 12:01:00,7.563025210084033,118.95043731778425,1118.555433804607,206.9319592636619,605.6329760911813,57.872564799484785
2026-04-19 12:02:00,2.2556390977443606,132.6793582176407,1148.3387382232902,260.8525685315985,627.2618413005273,54.55127336776321
2026-04-19 12:03:00,0.0,126.77331723513433,1143.9019903209764,300.0068498287443,647.4798279474171,29.64845895697849
2026-04-19 12:04:00,3.3333333333333335,120.56464441802441,598.7007527391986,219.03752280110814,812.734299014532,52.09713018999632
2026-04-19 12:05:00,3.361344537815126,118.8553926056631,514.5432075823089,174.4101050571347,724.1714152102411,54.85650303858892
2026-04-19 12:06:00,0.0,122.51046025104603,500.6778959397921,170.11186439693367,665.5479603562334,25.256286448461466
2026-04-19 12:07:00,0.0,123.2711966325917,362.0823185973046,109.28537192813288,747.3535766894512,34.456731701062026
2026-04-19 12:08:00,0.0,124.41471571906355,159.83405957587613,33.386793335253046,750.8618157460343,26.966218613739105
2026-04-19 12:09:00,0.0,124.48132780082987,142.7849561112412,31.473350611954842,585.5837423848475,33.41781604085475
2026-04-19 12:10:00,0.0,127.1334901646729,354.8066691153774,95.49791802936025,620.2451834082115,29.480102722723124
2026-04-19 12:11:00,0.0,132.06754599680752,319.5973715182133,68.52069265505976,707.8738087842828,14.907392711276335
2026-04-19 12:12:00,4.761904761904762,125.64609682726986,312.2070361225267,65.34725756456366,912.4109640525897,53.203959485661244
2026-04-19 12:13:00,0.0,121.10091743119267,323.6027121029795,64.85524952777199,895.9363026481009,27.57610853303477
2026-04-19 12:14:00,0.0,131.37002557202788,393.75216555982746,69.89808038661107,1247.0961908624674,31.619352551137382
2026-04-19 12:15:00,0.0,126.83074135588103,233.17469308675783,34.606604223217005,1504.5421558164326,29.380612461071053
2026-04-19 12:16:00,0.0,128.97205605452152,509.938108215731,65.1913007193018,1825.6747801485553,29.93547457534531
2026-04-19 12:17:00,0.0,125.68547975067271,696.3340736516021,131.63371700191567,2005.4883551363632,26.235712256296996
2026-04-19 12:18:00,3.225806451612903,124.11170053047744,1044.1523836510564,182.4964605781035,2505.2720727899246,53.38987980384192
2026-04-19 12:19:00,5.3097345132743365,113.3343362920616,1392.2498000433238,324.31995708470026,2496.5382620755763,56.70370182000982
2026-04-19 12:20:00,4.0,124.60334601518498,1292.3408545383031,309.9615994301495,2495.925463849674,53.02313341921061
2026-04-19 12:21:00,6.896551724137931,117.29216872545881,1338.5537375135998,377.5456508284503,2450.964352625588,62.69748131848624
2026-04-19 12:22:00,0.0,128.97635433503856,991.3440055603949,287.1708970811151,2364.1845132477893,28.93889686869034
2026-04-19 12:23:00,4.464285714285714,111.72255565346056,1101.097835058277,420.86210394509845,2410.5600570257325,57.581507085934604
2026-04-19 12:24:00,0.7407407407407408,135.17121687470797,724.8886629666664,284.7495295949952,2421.4010595274867,37.85221392618129
2026-04-19 12:25:00,10.784313725490197,102.86232919306856,988.2655696633385,327.13109994220724,2540.3691862929018,64.69015663697911
2026-04-19 12:26:00,0.0,110.34162828456874,1438.5169304137235,525.3062015602476,2266.028029518127,30.435056392116604
2026-04-19 12:27:00,3.816793893129771,132.19415385650376,1575.7080259978695,544.43803248485,2426.1288038381745,46.50109802481787
2026-04-19 12:28:00,7.6923076923076925,130.4413264879509,1103.0335814050115,359.97190787835746,2450.37717511893,68.76214329704243
2026-04-19 12:29:00,0.0,124.91464166153129,1112.2688201107196,372.648249575901,2283.1478091185263,24.779626089306028
2026-04-19 12:30:00,0.0,119.78040259524205,1007.1858691249406,346.0780711108555,2173.545065336966,33.868008195798076
2026-04-19 12:31:00,0.0,119.30821288328181,405.2727539751715,105.12481811998103,1948.85016488174,31.68865634042124
2026-04-19 12:32:00,0.0,116.0986838812991,1117.6736164004708,99.4311242077711,1517.9980346014706,32.237023568587595
2026-04-19 12:33:00,1.6666666666666667,121.2366134572641,1071.3744720060408,94.5113527940425,1310.729495521543,55.61333682960785
2026-04-19 12:34:00,4.23728813559322,117.34676964895415,1513.741652255472,252.53669495825025,1126.2245455891884,53.842659352211406
2026-04-19 12:35:00,0.0,122.87528158918697,1596.5552433471423,273.54908107971687,1053.5042411623824,30.40794040690953
2026-04-19 12:36:00,7.6923076923076925,117.15034294010647,1817.2258639204213,243.6972438549227,781.7480278305308,56.723184017168734
2026-04-19 12:37:00,2.4,125.11677565728013,1112.9649320856215,186.97317292041586,714.889056993304,46.91995348448221
2026-04-19 12:38:00,3.3057851239669422,121.48391091179866,1188.915658248554,213.10263845739502,782.9922363314732,47.70980088262739
2026-04-19 12:39:00,0.0,129.07098904397418,769.5871485471798,103.45052407609849,814.5385772823554,26.970517839514613
2026-04-19 12:40:00,1.7391304347826086,115.06136606189968,607.7557905488824,67.18315362226573,1020.3276699138132,44.50084683242511
2026-04-19 12:41:00,0.0,121.83349422455977,295.82987844096186,56.49129218632817,833.7256647434592,27.46006504740973
2026-04-19 12:42:00,0.0,119.72031724207315,327.38838026126814,59.94684097513956,776.8671148300738,21.476593504072937
2026-04-19 12:43:00,0.0,115.02108719931988,356.3302099303537,38.27488235600214,565.1598723885619,35.82908915836886
2026-04-19 12:44:00,0.0,120.1642244400681,351.1676213466457,37.266924911123986,654.6446816639442,28.17607067782953
2026-04-19 12:45:00,0.0,123.83589227284169,492.8242449223957,55.48810874773447,987.7747265130997,38.402427611676416
2026-04-19 12:46:00,0.819672131147541,121.8274111675127,525.2296748264596,56.73196217165367,1011.7439781272886,35.55465008746682
2026-04-19 12:47:00,0.9523809523809524,105.43580131208996,507.0635126738317,53.64643347644951,984.3108854766758,43.87869078686789
2026-04-19 12:48:00,0.0,101.57002024761842,561.5398313104747,76.49445150044983,820.3873945000764,38.29494591038535
2026-04-19 12:49:00,0.0,104.76302402498196,599.1292646949429,63.33071928189773,774.570816219834,35.110912074152395
2026-04-19 12:50:00,0.0,109.51288534637217,1023.9594407200865,147.3507685316776,737.3583917046107,36.089531233595096
2026-04-19 12:51:00,1.7857142857142856,111.61122091381688,1042.9525488397103,150.20248487613654,780.4931169052725,40.11128304894528
2026-04-19 12:52:00,7.142857142857142,99.52101281248413,1217.7042689897125,236.1054318088808,895.6621514908675,58.68698052042054
2026-04-19 12:53:00,0.0,93.81935570650347,1188.8843885635445,211.84416416772993,1229.4105023850339,46.39263690071237
2026-04-19 12:54:00,3.9603960396039604,100.53585944887769,1375.5327486495382,202.64771176082732,1104.7919946450254,50.53493037838125
2026-04-19 12:55:00,1.7241379310344827,116.66890170309777,1090.0090106473174,143.8203470325214,1441.5181852474589,38.54268448594201
2026-04-19 12:56:00,1.7699115044247788,112.83638723850416,879.9265087053399,103.94299223539907,1439.468121784213,43.36517774727345
2026-04-19 12:57:00,0.0,111.2781954887218,1078.4834955111914,63.945495381051565,1439.835871866949,37.53753876793606
2026-04-19 12:58:00,0.0,111.65691484902845,1240.3241108297138,89.58570902677647,1463.296204304254,34.439068716223225
2026-04-19 12:59:00,3.669724770642202,109.14188444978473,1337.2872867100791,239.53388406746103,1082.6041889371886,47.516164839127676
2026-04-19 13:00:00,4.3478260869565215,115.32097671853325,1489.4156300050483,251.2559467588778,1279.1618953905868,48.133606638938595
2026-04-19 13:01:00,7.894736842105263,114.85181764755268,1418.5289969937573,258.70829942246246,1432.991392199667,62.00945527634574
2026-04-19 13:02:00,0.0,98.8731128385239,1100.5283805196689,267.7809015952829,1070.8927139590273,40.40076570792126
2026-04-19 13:03:00,0.0,100.41168792047395,870.2800821054922,265.6505180312889,929.1383240983968,37.767313135671486
2026-04-19 13:04:00,0.0,92.96746138851402,430.2860996157195,63.267071955526234,1136.1044686602072,39.36630602804681
2026-04-19 13:05:00,0.0,92.32158686089879,222.36435340778277,76.19276872223524,815.1101549262902,33.99557616249335
2026-04-19 13:06:00,0.0,92.81745899730531,342.16534123208027,94.13823093528175,1223.1882131104442,33.83989347770965
2026-04-19 13:07:00,0.0,87.58977112557889,284.3117721955955,103.81616811383992,1540.5521296620643,39.31768040315061
2026-04-19 13:08:00,0.0,89.23702344950672,310.2991902336097,125.09786099202095,1602.9184616991704,42.38965930174698
2026-04-19 13:09:00,0.0,87.13360486078655,274.13375097004393,141.15515827748607,856.1137863686655,39.00020191339726
2026-04-19 13:10:00,0.0,84.28121145676306,271.9313257502909,125.17228006611204,852.7518656918038,40.119066732395616
2026-04-19 13:11:00,0.0,86.14429995379233,129.2765260826107,142.98666967650612,683.1863963223545,39.23581155232708
2026-04-19 13:12:00,0.0,86.39742816958007,125.81156571569367,145.4247522307892,684.7718080044319,36.87320712021069
2026-04-19 13:13:00,0.0,82.87568647029455,118.4017976410069,142.1267557205056,581.3865314477179,39.410268081275014
2026-04-19 13:14:00,0.0,82.12044331686474,112.32005585543266,118.8712706139063,490.9228870291443,40.38423128369815
2026-04-19 13:15:00,0.0,84.68168758505972,126.41389029053917,130.94405292595394,413.49105269415173,39.330467888778934
2026-04-19 13:16:00,0.0,90.08558130223713,118.42109072318522,133.30497579677785,338.18968364778283,37.35224906166518
2026-04-19 13:17:00,0.0,82.27562333818291,116.17235658322983,140.31839285166984,339.1678383783164,40.66672365593954
2026-04-19 13:18:00,0.0,82.06154615961972,109.03564979846966,140.51557345684535,334.5668099988151,39.27178004408095
2026-04-19 13:19:00,0.0,80.25547994448996,118.58918232986689,153.8795919953796,328.4727273373511,42.44477545899103
2026-04-19 13:20:00,0.0,81.15999406146385,128.27238969003324,139.8788225621035,300.57907139237153,41.11586710535456
2026-04-19 13:21:00,0.0,83.19550944720092,132.2065990846838,145.23971473475504,297.0499420852304,38.16168963396746
2026-04-19 13:22:00,0.0,84.6646172453762,145.4356255263788,108.03995295817538,304.32132925058966,38.121891039713255
2026-04-19 13:23:00,0.0,86.61743964158302,138.21190729730964,84.0150511048763,286.2742916080732,36.168292340672856
2026-04-19 13:24:00,0.0,85.85135931318912,126.57832861280137,86.49709390630598,125.52319670569962,35.74844117889426
2026-04-19 13:25:00,0.0,83.69868473495416,117.17469088575007,88.65356862412627,123.93437266718828,37.388527145188704
2026-04-19 13:26:00,0.0,83.84628181666945,100.25567650199321,89.37908474060636,190.0433483106453,37.83860605073504
2026-04-19 13:27:00,0.0,83.26506044240833,104.28013436396799,96.06762976428507,301.1279088297716,37.232242933585816
2026-04-19 13:28:00,0.0,84.1543167108843,118.44524756926037,95.1813405653526,310.72687122143753,36.95806939168262
2026-04-19 13:29:00,0.0,83.50380629799793,117.35063593723176,91.01284692248042,291.7804047576899,38.46674572735791
2026-04-19 13:30:00,0.0,85.10780321740872,119.89979510588364,113.56075244825516,338.97887055846394,38.38222620206458
2026-04-19 13:31:00,0.0,85.74134693674083,245.04082593511717,108.93296808448225,330.3413317828205,35.86603694745403
2026-04-19 13:32:00,1.1904761904761905,84.44049793087271,273.1607611807607,107.37492379377441,770.3305083447748,41.48938121969241
2026-04-19 13:33:00,1.1627906976744187,85.54518476765197,244.57080265108607,104.05050723482086,1626.3993036622926,42.566800933288945
2026-04-19 13:34:00,0.0,88.52970272128233,268.3054108120886,114.86945202138276,1784.2653620902763,40.40266288013555
2026-04-19 13:35:00,0.0,83.32217909249096,287.5258007582096,111.2704150286145,2054.6436697549525,37.316843706669
2026-04-19 13:36:00,0.0,83.66811647133039,191.91199124340838,101.80427827072712,2111.6923749820403,39.37164041754181
2026-04-19 13:37:00,0.0,80.27292795504715,582.4262038637042,119.61520034710382,2107.5376853699995,38.14496390435889
2026-04-19 13:38:00,0.0,81.48756727754397,484.96513903546196,202.02896712511156,2114.1796080028375,38.27504572328799
2026-04-19 13:39:00,5.747126436781609,87.49141008665336,648.6446209848942,253.88054346660647,2136.969220648552,52.517413544540695
2026-04-19 13:40:00,9.722222222222223,71.60853998143482,638.3219671504711,210.7739630205058,2910.7231330989816,52.919460545468375
2026-04-19 13:41:00,2.4691358024691357,80.54759103037937,671.4899465845998,215.48656831734488,3284.3436400371684,46.06036269159788
2026-04-19 13:42:00,0.0,79.84502653078414,482.69450598614293,190.80409574579093,2189.301067863211,44.32601017249462
2026-04-19 13:43:00,0.0,81.04685521317012,362.7960852030444,115.30567081414755,2789.501994845351,42.02907549545731
2026-04-19 13:44:00,0.0,82.90155440414507,391.2553885704679,131.9210665264034,2334.5316211111735,35.6045382423674
2026-04-19 13:45:00,0.0,83.41194578223525,647.2539394172179,181.91664753670358,2563.2111905212187,36.770077588315665
2026-04-19 13:46:00,0.0,81.66598611678235,1311.8162525568957,409.41281972389095,2558.134943969814,37.35196545160696
2026-04-19 13:47:00,3.4090909090909087,88.62034239677745,1367.6937010718239,451.917735233097,2660.450809312044,53.979983127730705
2026-04-19 13:48:00,8.91089108910891,100.36934594299154,1779.2236394490758,412.5289006834272,2140.178380199741,64.97590979363184
2026-04-19 13:49:00,1.9230769230769231,104.42466028515965,1710.7355777654059,410.698497453925,2119.418516715856,45.10021141023317
2026-04-19 13:50:00,4.807692307692308,103.92032774872597,1373.787388720256,333.81702435088135,1808.158636763115,47.528210767833535
2026-04-19 13:51:00,0.0,97.76911705415938,988.4951439881306,112.71484696414633,2291.1624143776253,41.0870949905209
2026-04-19 13:52:00,0.0,99.91507218863966,1054.1245436933673,104.132911463455,2072.9620935960934,40.10556724593383
2026-04-19 13:53:00,1.0309278350515463,97.45315718089114,969.0918780940447,108.12118084458956,2514.7521292374554,42.92867747567093
2026-04-19 13:54:00,1.8691588785046727,106.55247958573989,1293.6005208036338,154.92334160891775,2273.3668741268925,43.702697824578244
2026-04-19 13:55:00,2.127659574468085,94.72464352295059,1785.4095843168257,367.2617397958934,2130.5168962299367,46.45527022367014
2026-04-19 13:56:00,4.081632653061225,98.1668837022939,1839.142043777394,361.3037442485477,2218.7427632392823,57.539470089640375
2026-04-19 13:57:00,9.523809523809524,105.14018691588785,1710.0650458158796,354.3817393739267,2286.6824160434844,65.13604805018086
2026-04-19 13:58:00,1.9607843137254901,101.81164845036682,1625.99134352418,355.9317217469195,2235.1597927979556,46.66320608868375
2026-04-19 13:59:00,1.8691588785046727,106.8770913449533,1800.3396830866247,571.8450294278784,2226.0495996197924,42.46788785850996
2026-04-19 14:00:00,3.0303030303030303,99.51915827567142,1730.5963673046865,472.5111921015699,2236.690555334476,43.440958705070166
2026-04-19 14:01:00,6.122448979591836,98.31296293200019,2110.0584689276784,574.2216651953747,2155.5877988422517,67.98917946322292
2026-04-19 14:02:00,7.766990291262135,103.30647587843937,1878.247803266077,539.7959435418921,2376.999729068135,55.33400765518147
2026-04-19 14:03:00,6.862745098039216,101.71350695540893,1660.8693969468031,503.7101221211623,2786.1543488736106,61.44225715888319
2026-04-19 14:04:00,0.0,114.51942740286299,1207.4573840845126,203.32467535690137,2845.6721907444594,24.834379368181754
2026-04-19 14:05:00,0.0,110.49353780218308,834.4454519494868,147.90805218205594,2465.081843000739,33.43833324006489
2026-04-19 14:06:00,0.0,100.91926458832934,675.5078105659704,88.36276282840328,3390.1773716537546,41.26139504495296
2026-04-19 14:07:00,1.9417475728155338,103.39289299337483,775.2218494058268,126.07797826441177,3232.924559185219,42.423589839964784
2026-04-19 14:08:00,3.9215686274509802,101.36645962732919,848.6807850598341,172.15224009300874,2834.0074988756314,51.40254418436682
2026-04-19 14:09:00,1.0752688172043012,93.62101942887823,1452.6687092459501,191.49027692377814,2744.580286123448,39.68269643672278
2026-04-19 14:10:00,3.361344537815126,119.34011934011934,1396.732938319674,191.65067425940123,2377.3743638468563,52.045734462022864
2026-04-19 14:11:00,5.357142857142857,111.97573858997218,1073.3757440627164,166.16091614450983,1884.9062302756722,53.89198079103051
2026-04-19 14:12:00,0.8547008547008548,116.66168112473827,825.4485363855592,112.59034832215227,1891.660837546926,42.32221702912029
2026-04-19 14:13:00,0.0,134.64855721726315,716.0659730056083,68.73827249312446,1993.2742422966796,17.4853803445645
2026-04-19 14:14:00,0.0,123.08616031221855,222.99545705070545,35.81113826180201,1861.6180022369585,29.79593832652032
2026-04-19 14:15:00,0.0,121.8918419771327,204.96831142563977,18.967055833097618,2264.347930519183,33.83749357142705
2026-04-19 14:16:00,0.0,118.24239691367302,299.26143848095694,31.17402782900403,1943.5796290457479,30.09860504379854
2026-04-19 14:17:00,0.0,118.40599658380458,438.162840593702,83.21001560662098,961.9665781078611,28.618171285351202
2026-04-19 14:18:00,0.0,119.16182782125725,492.9586605937033,84.78488250023861,903.661948173405,29.51347810899384
2026-04-19 14:19:00,3.4482758620689653,115.88990459063889,476.74941310417097,83.18962801666791,724.5842607741379,53.078033790489755
2026-04-19 14:20:00,1.7543859649122806,113.89369921406688,392.9206271077777,70.62271777236937,641.3399332020454,38.71907681926803
2026-04-19 14:21:00,0.0,120.22843402464683,453.60793785168636,73.52622495030175,516.4215902358308,22.718488073063035
2026-04-19 14:22:00,0.0,129.37840637044332,286.3748093236461,20.36024816318875,541.3153656670187,28.067724824874702
2026-04-19 14:23:00,0.0,120.8155046564309,171.94998776543096,14.119497380250445,530.0197372864237,33.3156865045294
2026-04-19 14:24:00,0.0,118.00393346444882,181.05386693780517,17.459783271739212,557.6145772945309,31.35835000662619
2026-04-19 14:25:00,0.0,119.24445112480585,294.8064186858024,53.924049901245795,569.6535172323471,24.02365603723078
2026-04-19 14:26:00,0.0,122.1853143934968,295.9200811960941,53.2470856638774,822.5229487418036,26.951057451008587
2026-04-19 14:27:00,3.968253968253968,126.14717170031703,309.6896346697809,89.05658154615185,947.9990002646311,50.43731524099358
2026-04-19 14:28:00,0.0,116.51850735774194,346.6937487187644,95.33224402164716,1165.2041584550516,34.26030122656481
2026-04-19 14:29:00,3.4482758620689653,116.0019333655561,416.94950646131656,120.83360028296278,1118.8389827705537,53.88004262931369
2026-04-19 14:30:00,0.0,118.05509237644233,401.1719309917656,85.88538018551984,1124.7532169697756,33.07954566519244
2026-04-19 14:31:00,0.0,108.43373493975903,780.9705407080729,160.54086298211138,1100.2683236977073,40.16407393791812
2026-04-19 14:32:00,0.0,117.14056868241892,851.4385980809114,122.7626984976607,1238.487774879837,35.96782732330708
2026-04-19 14:33:00,5.660377358490567,107.95946427662066,1066.442791204796,139.45718180637763,1338.3767422637757,55.500228909688396
2026-04-19 14:34:00,0.8403361344537815,117.03191332426364,1045.0410894325871,121.17246858183721,1500.2451221483705,40.43036468270238
2026-04-19 14:35:00,3.0,100.54630157187384,1156.2507770855145,127.99247108388043,1273.7233852906897,46.11570603527857
2026-04-19 14:36:00,0.0,109.64183666688817,808.2162289355881,85.34516732738916,1202.983472605789,33.13761526026495
2026-04-19 14:37:00,0.9433962264150944,106.55408122235625,875.9492191689667,108.10580164137237,1231.2644013479662,36.95801068315443
2026-04-19 14:38:00,1.9047619047619049,105.56654043366065,872.0790298398518,94.17963148945255,1068.1125415976503,45.59138506275554
2026-04-19 14:39:00,0.0,107.83285906844392,1106.1951580449688,113.66514587596204,954.2003003296039,40.28538815702847
2026-04-19 14:40:00,1.0101010101010102,100.43114379913771,1250.9908421897821,144.01335419491366,983.668480516835,45.25475954904748
2026-04-19 14:41:00,3.0303030303030303,99.31947765311753,1064.8889504852302,112.85689520189013,814.3476553310109,45.94175255038503
2026-04-19 14:42:00,2.912621359223301,103.47252452868098,967.070191726017,113.5483641841319,702.4917838133489,45.349239098176476
2026-04-19 14:43:00,0.9615384615384616,104.18405850335593,861.369806660903,95.97008140460926,637.6883760154672,38.20227713264458
2026-04-19 14:44:00,0.8849557522123894,113.14331486549631,546.5286582627525,67.47245930517826,604.4258772446642,34.65895652525572
2026-04-19 14:45:00,0.0,114.64460173462267,452.53420202355716,40.86316351148842,704.6240192873574,34.6036770915514
2026-04-19 14:46:00,0.0,118.7142641560053,364.40878387764894,33.65780925965816,863.9625532126562,25.06389926569419
2026-04-19 14:47:00,0.0,114.97508873077501,327.726443011834,30.760131251030955,902.7361319076516,35.05901631385137
2026-04-19 14:48:00,0.0,108.65555518293705,225.23190460464423,26.138083644156346,832.9458742076795,32.616330013581546
2026-04-19 14:49:00,0.0,121.79497845293756,335.50668857380833,33.021543739569374,672.1478952376361,31.7920267741094
2026-04-19 14:50:00,0.0,125.19405077870701,390.27060802991974,37.587760389603524,629.207982306896,20.652528716490526
2026-04-19 14:51:00,1.680672268907563,119.33214112613442,355.41385932306014,59.46303568848859,615.101833333265,42.41245120848063
2026-04-19 14:52:00,3.3057851239669422,121.44529943124792,350.40810800148597,56.357285047524115,690.2055842608233,44.79537162039911
2026-04-19 14:53:00,0.78125,128.50115450255998,429.75617064193267,61.96646836999622,738.0147868731835,39.00926068175378
2026-04-19 14:54:00,0.7751937984496124,128.87542042692064,417.050144219293,77.98475978452184,725.5374779583287,35.29671337972825
2026-04-19 14:55:00,0.0,117.78244093955189,386.9637052151159,75.70044240204082,816.1312403685691,36.72727673004088
2026-04-19 14:56:00,1.7699115044247788,111.77973786167671,431.86185706304065,68.50659253343251,1451.2056382505964,42.77581023271487
2026-04-19 14:57:00,1.834862385321101,109.04361744697879,581.7296547191712,84.49295918479586,1351.5418971031684,44.40761322171818
2026-04-19 14:58:00,1.0101010101010102,101.12531708064489,497.57288272155597,78.8398129899757,1768.0208909196854,41.80479815165404
2026-04-19 14:59:00,0.9708737864077669,102.60837802387555,600.3978744225822,74.19151592704485,2180.72926033346,42.033674911098736
2026-04-19 15:00:00,0.0,115.29399969923304,763.8564724893185,67.14636626637797,2529.7568024418374,31.302237362992834
2026-04-19 15:01:00,0.9615384615384616,104.6172417261845,1342.9376729524618,277.3946258408299,2546.1860094552426,42.358860878545194
2026-04-19 15:02:00,1.0204081632653061,98.11446687802436,1239.4233763732107,287.826863801769,2773.826047067544,44.96081938104874
2026-04-19 15:03:00,17.073170731707318,82.2192513368984,1908.9805456192632,368.78137066614715,3553.3170714573935,66.35766422451869
2026-04-19 15:04:00,0.0,99.81036031540074,1657.7801415164665,368.2095187683909,3398.3273077846266,40.20351874513998
2026-04-19 15:05:00,4.901960784313726,102.24026462186137,1499.9117961186114,360.45548203038925,3018.1878687058766,56.88740566286248
2026-04-19 15:06:00,0.0,89.30363234998997,860.6882441860132,134.22920818620844,3371.471125661636,43.321211137362184
2026-04-19 15:07:00,0.9433962264150944,105.92408773712174,1042.492618764936,160.6584360031412,3521.1656539927053,38.65745383418487
2026-04-19 15:08:00,0.0,110.50278768396203,568.3166524425956,106.43547317476217,3667.2168067147486,33.75456077730492
2026-04-19 15:09:00,3.1578947368421053,95.05227875331431,911.0782082582251,108.48824056015307,3764.1164556020876,45.90143355555509
2026-04-19 15:10:00,1.9417475728155338,102.94509594882729,840.6456798150386,87.50500093629077,3771.953752399819,42.744736830102056
2026-04-19 15:11:00,4.716981132075472,106.02827420645507,882.1619136628931,92.4483091447322,2774.360985489493,46.4583501448908
2026-04-19 15:12:00,0.0,108.74125287375611,889.1338925028098,126.8220853213036,2520.5738139139253,35.68076531560279
2026-04-19 15:13:00,0.9009009009009009,110.79318605270163,1160.7933497213194,108.26538765524498,1931.376355024043,40.79255508563623
2026-04-19 15:14:00,6.451612903225806,93.3250823702564,1335.3462769669657,122.8550590180061,1405.658199750868,48.648468399764745
2026-04-19 15:15:00,4.123711340206185,98.93416288438982,1276.4988549309064,114.52882008921412,1916.6003386398072,45.97843928225951
2026-04-19 15:16:00,7.291666666666667,95.57469261785056,1481.9384703595756,121.60149765328168,1773.9578005403243,51.37423453463893
2026-04-19 15:17:00,0.0,104.41417623238848,1253.687527117644,98.61242500102736,1485.824822010404,35.43341489211781
2026-04-19 15:18:00,0.0,106.49341951039817,893.3281718866579,75.8941641464996,1226.4528208742493,38.438066253481665
2026-04-19 15:19:00,0.0,106.09371611590238,480.06408657832736,35.22339431224547,1251.6777084393605,34.624466567760926
2026-04-19 15:20:00,0.0,104.15971155772183,650.0294670425409,81.18258859835471,1325.669514408853,37.11474139218315
2026-04-19 15:21:00,0.0,105.01925352981381,653.9791029956524,73.44049322742323,995.1426114437371,36.22545597019743
2026-04-19 15:22:00,3.3333333333333335,120.12813667912441,946.051823618121,91.27652208800022,1233.4404225080275,51.85821223419609
2026-04-19 15:23:00,0.0,108.82406775712597,1012.4984759322024,102.58438726462724,1252.8202582821152,40.25184992504
2026-04-19 15:24:00,0.9900990099009901,101.6028435383274,1493.9752665117796,138.37988760052423,1071.459434695254,45.82812444426453
2026-04-19 15:25:00,1.8518518518518516,108.22366223528626,1686.482192128728,135.63276151728766,986.7560104185249,40.85116759288108
2026-04-19 15:26:00,4.901960784313726,102.0238055546294,1913.1533121615528,152.7416140386088,933.5702638750702,50.39744118917751
2026-04-19 15:27:00,2.9702970297029703,101.59092052103065,1355.7371695774789,112.7500756956388,974.5119149235067,46.34999179451151
2026-04-19 15:28:00,2.941176470588235,102.17198951568473,1221.522570531606,104.57099157320206,964.8753330715083,45.92335198156533
2026-04-19 15:29:00,0.0,113.94682481508629,742.7462198212013,67.19746720734364,1006.7597851443062,31.891777507637986
2026-04-19 15:30:00,0.0,110.65328636937595,629.9198299756185,44.632558206724326,770.3887559803956,33.78407001337328
2026-04-19 15:31:00,0.0,106.684559255221,543.2294915996749,31.353346103984315,593.5104646394057,36.04994999299834
2026-04-19 15:32:00,0.0,106.90378659206714,738.4171469883241,70.42283553794731,549.7547865542385,40.301550881874284
2026-04-19 15:33:00,0.9090909090909091,112.31175019144048,926.0057639032901,69.30480187924837,526.9352328488845,37.39229249241622
2026-04-19 15:34:00,1.8518518518518516,107.89390432741138,952.0500059355353,75.1916112860043,685.2985672786368,45.3573348289328
2026-04-19 15:35:00,1.8518518518518516,108.35939198341165,876.8666470676385,86.06371735071168,879.941956664485,42.044888992770865
2026-04-19 15:36:00,0.8928571428571428,112.32949986627442,881.7959295113665,90.75179434468832,1024.4733000760336,39.42798702217581
2026-04-19 15:37:00,0.8928571428571428,112.26569547930102,915.3912048026671,59.19036487091805,1168.2744554619871,39.38970034035075
2026-04-19 15:38:00,0.0,103.22537540296314,762.1531305068575,55.991509987164555,1270.0234296488456,42.35083870027555
2026-04-19 15:39:00,0.9009009009009009,111.39359068709439,668.1615501969354,60.61689960934541,1359.5410347344264,41.55075807774073
2026-04-19 15:40:00,0.0,108.17488272707544,470.6636218796646,39.7991155642951,1339.553702714473,35.687633419637095
2026-04-19 15:41:00,0.0,119.02182066712231,550.2411461250543,63.33176669405961,1409.2948519817548,30.30395254696997
2026-04-19 15:42:00,0.0,117.34617120505492,494.6264245153701,67.72144621431075,1282.058456634376,36.344641667331594
2026-04-19 15:43:00,3.0303030303030303,99.03301100366788,432.56777564489585,61.81311677972172,1495.8091041938865,47.513441389697974
2026-04-19 15:44:00,1.9230769230769231,104.36527847466131,606.3120487646135,81.3986219749425,1508.5249317950202,44.71449907287601
2026-04-19 15:45:00,0.0,118.37458759553691,630.5589820792839,69.06604133253897,1552.3789422679913,24.957555919463317
2026-04-19 15:46:00,0.0,106.75081405888079,736.6523536664794,52.47835087372073,1381.6804929409905,38.073063439060654
2026-04-19 15:47:00,0.0,108.9291960225853,898.9573277974267,138.41965702123696,1415.3835182819553,28.808008343711133
2026-04-19 15:48:00,0.8849557522123894,112.96987470007997,1014.1944963881313,139.5404192623404,1243.7530023056702,46.474302528509824
2026-04-19 15:49:00,7.017543859649122,114.86146095717885,940.2017756915917,131.63096673848,1179.9737912899109,54.82428311645435
2026-04-19 15:50:00,1.6666666666666667,122.14362054048551,994.4232001761062,125.25756552922702,1317.344069672508,38.05460501325747
2026-04-19 15:51:00,0.0,117.07219451995395,666.0860446980627,105.39933375870727,1386.5883379778916,35.11713742493011
2026-04-19 15:52:00,0.0,121.3235294117647,306.8174770668258,20.625950345941206,1273.7281335696782,31.07517850097899
2026-04-19 15:53:00,0.0,119.82425775529224,188.8744682654309,18.491815519752812,1454.281051325159,30.03737637976169
2026-04-19 15:54:00,0.0,130.80444735120994,225.91727669766038,16.869423802270667,1422.049874414804,22.32528167850315
2026-04-19 15:55:00,0.0,124.78786063691724,614.4532465262633,120.36827192244073,1468.9840255273775,29.300421596208864
2026-04-19 15:56:00,0.0,113.1225494285476,585.2185829140932,116.02532214457663,1432.5856872464083,36.61038715331708
2026-04-19 15:57:00,2.586206896551724,116.20917651773193,629.57582130939,136.904035915289,1477.4172102674554,65.30361222492488
2026-04-19 15:58:00,0.0,129.34275830952024,833.0675771405463,165.41072249563626,1467.7470153401591,28.963085708092866
2026-04-19 15:59:00,0.0,109.93813878429265,745.2494116696819,159.77712400585293,1529.5940349578616,38.24413132696524
2026-04-19 16:00:00,2.6785714285714284,111.44648247039703,281.31334840564097,47.99461497516878,1563.3318834302993,46.91990639097356
2026-04-19 16:01:00,0.0,121.04236482768968,346.09167523317905,66.49790721810864,2082.883615986365,22.071577119675357
2026-04-19 16:02:00,0.7874015748031495,127.33957219251336,315.46865465196845,58.27318774986067,2131.216421687368,38.83660528571659
2026-04-19 16:03:00,0.847457627118644,118.20488847335382,382.6965119347338,50.08757441652039,2270.0940830581935,36.81601988409187
2026-04-19 16:04:00,0.0,106.3954363718487,450.0247672584653,63.3487419944953,2174.369835122672,37.11048366966295
2026-04-19 16:05:00,3.7735849056603774,106.72215323690305,702.8138531591414,120.18702334494739,1985.5007841761487,46.94661530608173
2026-04-19 16:06:00,0.0,112.70696189906245,910.6472446575872,160.76117035902652,1553.9712208025865,35.729077269431286
2026-04-19 16:07:00,3.389830508474576,118.5909783755716,1076.6364023222202,156.62403782522657,1598.9384721206534,49.18675135300305
2026-04-19 16:08:00,5.154639175257731,99.06045751633987,1202.9470042495304,158.4706805968737,1389.1653818949876,48.367485831175
2026-04-19 16:09:00,1.8018018018018018,110.80608934364862,1324.2800895829237,180.3983388305739,1522.2032851152555,41.51238822383266
2026-04-19 16:10:00,3.8095238095238098,105.14018691588785,1054.917995016477,107.42530752017606,1764.3527405761329,50.1400827159555
2026-04-19 16:11:00,2.727272727272727,110.40297084357906,826.4831895294068,82.13830995525889,1630.2753461692143,43.87043594224432
2026-04-19 16:12:00,0.0,116.93958121637154,789.780588669827,95.3909494896822,2813.2981992163086,31.70955869680406
2026-04-19 16:13:00,0.0,110.19835704267682,469.39385481524164,65.22791340503453,3032.399554327157,32.43538192607413
2026-04-19 16:14:00,2.5210084033613445,119.76449670396028,310.5036603972868,50.16422581446131,3030.7851692504055,44.77880600079162
2026-04-19 16:15:00,0.0,117.84679916109059,426.3440135733333,63.5301804998908,3343.6583150636297,35.36395229131742
2026-04-19 16:16:00,0.8264462809917356,121.0706245309764,636.1345233165041,82.52067558695074,2863.4228299242263,36.00355997356913
2026-04-19 16:17:00,0.0,104.88637309581287,1457.0822405586707,308.65462544870127,2469.5425772206067,38.93727035020939
2026-04-19 16:18:00,1.9047619047619049,105.47993369832739,1872.4940961041711,370.95567884536206,2309.4206537619193,48.983001928757986
2026-04-19 16:19:00,11.650485436893204,102.92623619739187,2076.0247874133975,417.26415170819143,2243.1559524397985,69.00831662462899
2026-04-19 16:20:00,5.555555555555555,108.36845273931367,1692.4210867497682,364.2305118195162,2229.215741265327,58.5044098462861
2026-04-19 16:21:00,1.7857142857142856,112.59676284306826,1552.408346400827,350.2647840821367,2239.403432163542,48.11227554839424
2026-04-19 16:22:00,0.0,128.77678690270199,836.3962151636506,110.75073348967584,2191.936485423082,20.780818054494166
2026-04-19 16:23:00,1.7543859649122806,114.01520202693693,494.6844701710986,63.77109873270143,2166.4367244590285,44.14048431314059
2026-04-19 16:24:00,0.8849557522123894,115.30023978368452,467.90669298339304,35.86710984792643,2267.5195417329387,36.85049835379737
2026-04-19 16:25:00,0.9259259259259258,108.61184673661626,842.0978899751663,197.94352472046063,2264.4033141025143,38.457994755685554
2026-04-19 16:26:00,0.8928571428571428,110.29230743980699,1042.8266884679626,196.90901466105996,2354.1841430135764,39.70466858919852
2026-04-19 16:27:00,4.807692307692308,106.03588907014682,1150.0967263432083,206.0512247539395,1470.0274477680066,62.679958634139
2026-04-19 16:28:00,6.837606837606838,116.98635159231422,1216.4308046396106,189.7992900923245,1304.860494414504,48.6495660109944
2026-04-19 16:29:00,1.6666666666666667,119.97800403259403,1465.6851989683298,193.9224119746575,1733.2025941913,39.791989120639485
2026-04-19 16:30:00,1.694915254237288,118.88170598606331,1114.6698594669356,64.81509671098702,1733.5657458390092,39.913424594549745
2026-04-19 16:31:00,1.8181818181818181,110.06236867558283,1032.4715624945252,62.09180440109777,1957.4415337763521,45.31065010548985
2026-04-19 16:32:00,0.0,119.54792800334867,978.6289083396913,66.04408566428803,1801.253572294166,32.342381569098585
2026-04-19 16:33:00,1.8018018018018018,110.3489412466448,852.3124112283364,54.0507534849565,1625.9294062415515,45.27518475474517
2026-04-19 16:34:00,0.0,110.75497977882566,1113.4389028144453,156.7308621792547,1648.3194098013523,34.70508933471343
2026-04-19 16:35:00,0.0,113.8463074848954,1112.20519368898,124.14942765716458,1646.718947599284,35.119078598985666
2026-04-19 16:36:00,4.807692307692308,103.9099447145807,736.3625210910501,93.69444129988653,1641.8205744246843,55.66598985720843
2026-04-19 16:37:00,1.834862385321101,110.08803676334439,659.6512622795628,90.13881398496746,1614.8547475338348,39.260947732093584
2026-04-19 16:38:00,0.0,126.65170780354026,656.6008855226501,107.27780243904137,1721.9788501513074,28.00927452741537
2026-04-19 16:39:00,0.0,123.18888963076718,551.3255453707573,157.11554300118598,1767.8871070579567,28.673273080364947
2026-04-19 16:40:00,0.0,108.69565217391305,735.522508433266,242.64244501387512,1765.658729769706,41.93419709822695
2026-04-19 16:41:00,5.454545454545454,109.33850206252174,911.1187871587858,293.83478849565535,1836.0749692479185,60.86577851801549
2026-04-19 16:42:00,6.481481481481481,110.22095218655917,1164.7023442188222,321.3920612018826,1813.885095479937,59.76078777304513
2026-04-19 16:43:00,0.0,102.36681441833235,1289.3189989342968,299.70335058426923,1605.3536011551819,42.18508408060336
2026-04-19 16:44:00,1.0101010101010102,99.6727913415555,1166.9479726343573,211.78129737858148,1278.964768275088,44.381911773570366
2026-04-19 16:45:00,1.9607843137254901,101.2993461888604,1504.081634592325,157.97403569471084,1378.1457062172326,46.432700213169284
2026-04-19 16:46:00,0.9900990099009901,101.3022182845489,2030.0560354712252,196.09238381768998,1239.1020302416746,44.40541646623418
2026-04-19 16:47:00,8.0,100.16360054756102,2222.4250671544405,197.11683845212056,1222.7420066776065,55.24451978750812
2026-04-19 16:48:00,4.123711340206185,97.25610775040941,2219.705010622254,184.34199476620626,1297.5092542183202,58.56499954737555
2026-04-19 16:49:00,3.7735849056603774,106.56479340504674,2267.569445072681,179.08243233725665,1005.2928064051424,50.068749812460254
2026-04-19 16:50:00,0.0,102.7944111776447,1466.4608224576357,122.05552273988128,934.8128708640086,40.99333767723659
2026-04-19 16:51:00,0.0,103.59393858119887,883.3983196424198,71.31998370112946,958.8514871692353,40.31640638178456
2026-04-19 16:52:00,0.0,110.22596322461044,590.1770977688217,51.60603641391699,1103.3785380388094,32.82911330878305
2026-04-19 16:53:00,0.0,111.59824631327223,460.84316137776636,47.121533569132836,1077.3333409810443,38.35071046369012
2026-04-19 16:54:00,0.0,100.29922602430584,329.78633640469036,43.797766241985364,1085.271546649043,40.667707457793256
2026-04-19 16:55:00,0.0,112.24319358610322,405.94861717769425,50.102000778874995,1309.785029064625,29.637541576334424
2026-04-19 16:56:00,0.0,107.10642638558315,365.59678385492884,44.08502264299601,1340.7241152470906,32.19765260900901
2026-04-19 16:57:00,0.0,113.51858249839593,608.013449435154,48.06702354897723,1237.2479311718953,35.586999365969604
2026-04-19 16:58:00,0.0,101.02862477702016,1023.1694339977939,102.21259417773749,1234.0792169554531,40.17731249489633
2026-04-19 16:59:00,3.061224489795918,99.79972164703487,1211.3794587582686,115.77338173267152,1283.3152483690544,46.549905261477
2026-04-19 17:00:00,7.216494845360824,96.9434496543683,1503.3750515627821,146.13048466764963,1144.8849435339953,51.2540801792886
2026-04-19 17:01:00,1.0101010101010102,99.38761168557373,1486.7438538123833,163.88767219160695,1460.6448576402129,44.2937062543217
2026-04-19 17:02:00,0.0,94.4517944166262,1262.031497117086,156.6373384351923,1931.1630127226317,44.3132463272117
2026-04-19 17:03:00,1.0101010101010102,98.38020471032495,818.8437218837253,104.26972762913029,2037.883106031011,43.76735151644432
2026-04-19 17:04:00,0.0,96.7465609620908,788.2676052545609,97.44923022589055,2134.2146356902326,41.5808842881822
2026-04-19 17:05:00,0.0,100.01500225033756,700.5195134496302,82.22873067502175,1653.004662188463,36.13851978324011
2026-04-19 17:06:00,0.0,92.10745870181879,1398.367965483455,141.03734477470906,1872.8281352801189,43.76873303144737
2026-04-19 17:07:00,0.0,95.74786395824329,1447.0944111445715,154.68471055015388,2049.0872991440433,40.97548561197547
2026-04-19 17:08:00,9.89010989010989,91.17170671431195,1927.7345171142904,318.7331326393381,2040.8864688374135,59.090598257699114
2026-04-19 17:09:00,1.1363636363636365,88.30317423152825,1965.0941599478788,408.64848604315665,2377.7543527654116,45.08914766857599
2026-04-19 17:10:00,8.737864077669903,102.96910926721982,2496.5242044288775,435.33016735261145,2055.0166050851817,62.48170756713277
2026-04-19 17:11:00,8.080808080808081,98.85830309889158,2553.665335531384,405.67403667834157,1983.9830914257898,54.28514575920688
2026-04-19 17:12:00,7.07070707070707,99.7029054836598,2832.3889330397874,597.6218384622439,2832.49118365689,51.106084568290086
2026-04-19 17:13:00,10.0,90.42802598968451,3495.9241404592826,430.9997769661365,3238.010969895004,53.18370765165301
2026-04-19 17:14:00,2.9702970297029703,100.3859724684016,3733.9974868457043,310.9779661653842,3286.8503707148157,58.839881439583294
2026-04-19 17:15:00,14.583333333333334,96.22291642304671,3912.5742609291588,345.3616036947587,3994.0514730001487,55.80521211501176
2026-04-19 17:16:00,8.333333333333332,95.86419239410836,3595.628961770544,312.33403984202266,4242.754343474849,54.985104257450566
2026-04-19 17:17:00,5.263157894736842,97.42423983454972,3960.0107548617607,439.35701041695415,3230.9253554372103,54.0510695248075
2026-04-19 17:18:00,3.9603960396039604,101.25144107867872,4699.025382022661,651.9704238595524,3369.7239018533564,46.81053095092772
2026-04-19 17:19:00,9.782608695652174,95.62912530533757,5471.441516389059,712.802857756607,3301.840065490471,61.69412228773844
2026-04-19 17:20:00,13.953488372093023,85.88977478902076,6151.751737940425,901.4321075566882,4028.996508991848,68.80455999546265
2026-04-19 17:21:00,15.053763440860216,92.79584913190979,5844.100498253952,947.8243874568851,3931.4175372748773,56.243474566672155
2026-04-19 17:22:00,10.891089108910892,101.91725529767912,4609.162837161952,770.9645986380414,3842.878497490669,69.20534114066716
2026-04-19 17:23:00,5.154639175257731,96.28747270200516,2814.6922042551164,489.34214998033633,3969.4826033935324,56.45823307352899
2026-04-19 17:24:00,1.8691588785046727,107.58273984080435,2138.720448920263,407.87845534188136,3538.378944297298,43.17738185380934
2026-04-19 17:25:00,0.9433962264150944,106.56836461126005,905.819372940272,163.19546645567428,3316.6892394932875,39.88172126315779
2026-04-19 17:26:00,1.0,99.72078181092941,564.2214323846887,57.759101164130506,3302.3139590689557,43.31683827613221
2026-04-19 17:27:00,0.0,115.72327044025157,689.3106288757378,74.47901476401135,3089.8350776699226,28.892586738855236
2026-04-19 17:28:00,0.8771929824561403,113.51566648964418,1155.7457674713437,151.2552973576469,2813.7059521180677,42.99501696463267
2026-04-19 17:29:00,0.0,99.5675349492105,1287.5893416855426,131.87794312442782,1594.5646832039079,44.01366690032116
2026-04-19 17:30:00,12.903225806451612,93.14126425078035,1602.1645119370714,187.88788168412503,1333.0819180522274,54.090924460146695
2026-04-19 17:31:00,3.125,96.21327275460604,1771.5014485205877,254.15817165375614,863.0004186999714,46.41497116993206
2026-04-19 17:32:00,1.0638297872340425,93.7780585946593,1783.1200611706465,201.39917049966763,1446.2866442938696,44.66431033644921
2026-04-19 17:33:00,4.9504950495049505,101.85729893268342,1196.692956726683,162.59912979901873,1587.3558541513623,50.757232169535584
2026-04-19 17:34:00,1.7857142857142856,111.2859153763352,1242.6310477250427,143.97851166266662,2514.1975091373833,43.0105828365026
2026-04-19 17:35:00,2.8301886792452833,108.01997350453479,1402.3678496616274,144.46828179014528,2855.8958350416588,45.08349705784241
2026-04-19 17:36:00,5.376344086021505,94.0312089245391,1540.6904009545224,165.08310622280874,2100.5725252111038,48.35074489673963
2026-04-19 17:37:00,3.125,95.44957412255991,1815.1671946739395,270.48111487398444,2325.6838871564896,47.6971289200106
2026-04-19 17:38:00,4.25531914893617,93.97180845746276,1694.9243446891846,218.69160610489547,2439.792967543867,49.96367203115918
2026-04-19 17:39:00,2.912621359223301,103.4811875219772,2114.804517665877,333.76790223385683,2798.0171451830065,62.087559840617516
2026-04-19 17:40:00,2.8846153846153846,104.68569127787006,2257.945892837859,471.5210867711003,3193.8528915318434,46.36018464956641
2026-04-19 17:41:00,14.117647058823529,84.36585002729483,2051.3790237266794,526.0007139866814,3391.51236599528,64.65727863721
2026-04-19 17:42:00,28.000000000000004,75.44133179097722,1591.3174046884033,499.5657698053352,3944.5939392855266,59.76959714745775
2026-04-19 17:43:00,16.25,80.30784674585912,2165.2930246532665,708.6651946696884,4435.059204033302,54.02750634416107
2026-04-19 17:44:00,8.536585365853659,82.01777051694535,1403.4373788946414,617.1523506223721,4308.369153376452,50.40347888802229
2026-04-19 17:45:00,6.172839506172839,81.1149127931236,1012.2825970644225,535.4212510057043,4234.0043935284675,48.895712547675686
2026-04-19 17:46:00,11.538461538461538,77.48857540234454,1014.2885286407311,429.3808985277469,4438.966825303022,53.217035412088656
2026-04-19 17:47:00,7.6923076923076925,78.8502687311509,919.9888731950598,401.64601043875587,4138.808180776419,50.71963721409571
2026-04-19 17:48:00,7.792207792207792,77.2239494534149,2198.717328742219,660.9758207083952,1978.743643616841,50.73933563775852
2026-04-19 17:49:00,4.761904761904762,83.2865122120501,2338.7062261831948,579.50094970452,1708.4252739715614,49.6710075805345
2026-04-19 17:50:00,15.730337078651685,89.61084727559532,2243.971351905413,538.9367125284989,1684.9596451835419,67.91041555686976
2026-04-19 17:51:00,5.376344086021505,92.99690010332989,2130.012684759274,537.5835821955216,1773.4644974881282,48.082307609690126
2026-04-19 17:52:00,2.2988505747126435,87.33478333612179,2203.6060567055333,531.6664550402022,1690.0204752720908,45.709343211229054
2026-04-19 17:53:00,1.1764705882352942,86.13846335737328,1071.1573313594681,168.76138399996847,1785.892669557015,45.56417097207432
2026-04-19 17:54:00,0.0,90.3508625161042,1155.9617160778303,180.66310106434628,2129.8263588912782,44.87769938405759
2026-04-19 17:55:00,0.0,93.75311679244656,1168.042374871771,149.61632083752522,2535.532579448346,43.139180547667145
2026-04-19 17:56:00,3.3333333333333335,90.31006455497207,1537.5201145565638,168.6302603786972,3018.215407082057,48.82736448435161
2026-04-19 17:57:00,1.0526315789473684,95.42144471415418,1935.4722021546977,182.610451363689,2833.42999703373,40.96208841283998
2026-04-19 17:58:00,3.225806451612903,92.73262094294783,1959.0790832695388,196.56788787629736,1897.5223103350663,47.888636612149206
2026-04-19 17:59:00,6.451612903225806,93.92832494487182,2740.001291118504,470.5769902192136,1846.045395709711,54.138672761633664
2026-04-19 18:00:00,2.1739130434782608,92.28762977947937,4609.61067358473,1089.4569515788107,1800.780576031308,45.7556514526307
2026-04-19 18:01:00,10.465116279069768,85.21460538701633,4340.450661936163,1032.9735867902564,1727.6012720930366,67.28263590301312
2026-04-19 18:02:00,9.473684210526317,95.69699309974314,5251.922048253206,1111.6467055320884,1692.1400038683719,74.1922742673544
2026-04-19 18:03:00,7.000000000000001,99.87681859040516,5486.872788929196,1129.0570563701147,2577.6122076064717,53.7259180338088
2026-04-19 18:04:00,9.574468085106384,94.4691970118254,4647.642952552922,860.2100890812579,2532.038357721521,64.22574962390755
2026-04-19 18:05:00,6.896551724137931,86.68792347548823,3116.383192932642,288.1830088528397,2838.758011001696,51.86029521457579
2026-04-19 18:06:00,1.1111111111111112,90.39775010044194,2184.3709611770873,326.60343851451194,2717.04727694092,46.80780438295899
2026-04-19 18:07:00,4.166666666666666,96.02240522788651,1337.3274193889756,158.00988958657882,3016.438881029824,45.52745233064052
2026-04-19 18:08:00,0.0,97.09061791004937,697.2403993735577,86.59447250894881,3057.764669610401,40.53770277791715
2026-04-19 18:09:00,0.0,97.92655508368725,522.8609638592758,71.28143400906114,2855.7691296615612,39.902376916757625
2026-04-19 18:10:00,0.0,126.65013737184212,361.83527539483725,83.02216612075996,2527.9054767914977,14.785151053534488
2026-04-19 18:11:00,0.9803921568627451,103.70420578167891,546.4375247425747,89.30913820316563,2083.9737891868904,43.62278960846465
2026-04-19 18:12:00,0.0,88.3918706264439,956.3970534497688,155.67758055920814,1821.618930258936,45.17477023122128
2026-04-19 18:13:00,7.6923076923076925,91.11541285628462,1389.1814218741,224.06296245116752,1987.8730662964017,49.39954996551003
2026-04-19 18:14:00,13.333333333333334,89.97450722295349,1555.5367707481412,209.90919001445687,1846.2825058394137,55.15767430439994
2026-04-19 18:15:00,0.9345794392523363,107.25920975691254,1560.3653693248316,214.08248749336704,2399.655490972787,39.514519486088325
2026-04-19 18:16:00,5.1020408163265305,97.62900976290098,1738.4542621537398,193.927226561639,3092.1950037175156,47.99197023139713
2026-04-19 18:17:00,0.0,96.6167368368083,1184.6126944418234,135.6505517450313,3249.309156611369,44.03269849386821
2026-04-19 18:18:00,3.1578947368421053,95.1808436028454,1430.1898318631827,223.91892252094462,2375.5094698522075,49.929611919545344
2026-04-19 18:19:00,0.0,93.21439310413953,1326.7748124758043,250.91224062859166,1409.2682287501,40.31519405285987
2026-04-19 18:20:00,2.3255813953488373,85.67443713887228,1270.9580057302965,289.3652751325732,1787.1190144260024,49.386786500345465
2026-04-19 18:21:00,4.819277108433735,82.94332206325679,872.5868920733795,338.04993333009804,1559.1609189463234,49.14883581333543
2026-04-19 18:22:00,3.6585365853658534,82.84501919579714,934.3176937079865,436.4757740059815,1360.0581814135649,47.101020419612595
2026-04-19 18:23:00,8.75,79.2995208987279,778.3300857095635,455.4067038779018,1530.2157430719255,51.02286533476792
2026-04-19 18:24:00,5.128205128205128,78.6343168223671,813.1612606227184,437.11568670726217,1505.4704563440916,50.53836218994356
2026-04-19 18:25:00,3.8461538461538463,79.15299529817678,1412.0938666770594,571.0935807812598,1780.7876872447696,48.13292847246697
2026-04-19 18:26:00,0.0,89.47871110440859,1952.5202545292937,520.894402538097,1904.501104464685,43.45589978870252
2026-04-19 18:27:00,11.34020618556701,96.57186473301697,1685.0904106867317,422.8638608776007,1882.334003059013,62.457773742954316
2026-04-19 18:28:00,2.8301886792452833,105.20221652468777,1621.9863376129333,419.2931263243132,2054.713509354923,50.33513029086004
2026-04-19 18:29:00,1.0309278350515463,97.97155121622758,1977.7135971560854,485.46437792965514,2109.293929874812,47.02879536992611
2026-04-19 18:30:00,5.0,80.55583526331688,974.6521349392763,316.66834805606186,2229.1336378547135,50.45691608688729
2026-04-19 18:31:00,1.25,80.18710324089542,1688.2599789200215,372.80629584548876,2370.077314648683,47.58133707769692
2026-04-19 18:32:00,3.8461538461538463,78.36833115643525,2228.270742276041,438.3384638092033,2476.2727149133607,48.94961229572634
2026-04-19 18:33:00,12.195121951219512,85.3514676288946,2898.308968208901,458.6768007220642,2640.657912753989,56.24753968899744
