time,HR,Dominance,Interference,HF,LF,VLF,ULF1,ULF2,PNN50
2026-04-23 22:11:00,78.4,-0.327,0.7,291.0,575.0,1850.0,2310.0,1760.0,3.85
2026-04-23 22:12:00,83.6,-0.296,0.7,293.0,540.0,1640.0,2330.0,1770.0,1.19
2026-04-23 22:13:00,75.8,-0.34,0.6,331.0,672.0,1610.0,2350.0,1780.0,2.67
2026-04-23 22:14:00,79.6,-0.334,0.6,393.0,787.0,1620.0,2370.0,1800.0,5.0
2026-04-23 22:15:00,78.4,-0.161,0.6,409.0,567.0,1580.0,2400.0,1810.0,7.69
2026-04-23 22:16:00,84.6,-0.181,0.6,330.0,475.0,1500.0,2420.0,1820.0,0.0
2026-04-23 22:17:00,77.9,-0.259,0.6,340.0,578.0,1400.0,2440.0,1830.0,3.85
2026-04-23 22:18:00,82.3,-0.468,0.6,287.0,792.0,1320.0,2470.0,1840.0,2.44
2026-04-23 22:19:00,82.2,-0.619,0.6,194.0,824.0,1260.0,2490.0,1860.0,2.47
2026-04-23 22:20:00,79.4,-0.559,0.6,212.0,750.0,1200.0,2510.0,1870.0,2.53
2026-04-23 22:21:00,77.7,-0.571,0.5,241.0,881.0,1140.0,2520.0,1880.0,5.13
2026-04-23 22:22:00,82.2,-0.486,0.5,250.0,722.0,1060.0,2520.0,1890.0,0.0
2026-04-23 22:23:00,75.7,-0.324,0.5,294.0,575.0,956.0,2520.0,1900.0,5.33
2026-04-23 22:24:00,79.5,-0.249,0.5,323.0,536.0,835.0,2540.0,1910.0,3.75
2026-04-23 22:25:00,77.5,-0.318,0.4,363.0,702.0,715.0,2560.0,1930.0,3.9
2026-04-23 22:26:00,79.2,-0.418,0.3,380.0,926.0,621.0,2570.0,1950.0,2.53
2026-04-23 22:27:00,78.7,-0.372,0.3,412.0,901.0,578.0,2570.0,1960.0,6.33
2026-04-23 22:28:00,78.7,-0.076,0.4,445.0,518.0,599.0,2540.0,1960.0,0.0
2026-04-23 22:29:00,77.7,0.0226,0.4,448.0,428.0,671.0,2530.0,1960.0,1.3
2026-04-23 22:30:00,76.2,-0.167,0.4,432.0,605.0,768.0,2560.0,1970.0,3.95
2026-04-23 22:31:00,76.6,-0.275,0.4,478.0,840.0,856.0,2590.0,1970.0,3.9
2026-04-23 22:32:00,77.8,-0.279,0.4,541.0,960.0,905.0,2620.0,1970.0,8.97
2026-04-23 22:33:00,75.6,-0.253,0.4,523.0,877.0,903.0,2650.0,1980.0,5.33
2026-04-23 22:34:00,73.6,-0.0637,0.4,548.0,622.0,874.0,2680.0,1950.0,10.8
2026-04-23 22:35:00,75.5,0.111,0.5,484.0,387.0,868.0,2730.0,1930.0,6.67
2026-04-23 22:36:00,77.1,0.365,0.6,493.0,229.0,938.0,2760.0,1970.0,6.49
2026-04-23 22:37:00,73.8,0.321,0.6,484.0,249.0,1120.0,2820.0,1910.0,4.11
2026-04-23 22:38:00,77.5,-0.126,0.6,421.0,542.0,1380.0,2870.0,1880.0,0.0
2026-04-23 22:39:00,76.3,-0.407,0.6,370.0,879.0,1650.0,2920.0,1820.0,5.26
2026-04-23 22:40:00,76.9,-0.448,0.6,324.0,849.0,1830.0,2970.0,1800.0,3.9
2026-04-23 22:41:00,82.9,-0.473,0.6,327.0,914.0,1830.0,3060.0,1680.0,2.41
2026-04-23 22:42:00,74.4,-0.266,0.6,436.0,751.0,1660.0,3170.0,1600.0,6.76
2026-04-23 22:43:00,75.0,0.0828,0.6,461.0,391.0,1380.0,3200.0,1670.0,0.0
2026-04-23 22:44:00,77.5,0.0326,0.6,428.0,401.0,1050.0,3240.0,1540.0,1.28
2026-04-23 22:45:00,77.0,-0.15,0.4,432.0,584.0,786.0,3310.0,1450.0,3.95
2026-04-23 22:46:00,77.2,-0.219,0.4,413.0,644.0,621.0,3390.0,1380.0,2.56
2026-04-23 22:47:00,79.1,-0.125,0.3,475.0,610.0,544.0,3450.0,1320.0,1.27
2026-04-23 22:48:00,78.2,0.0635,0.3,553.0,487.0,519.0,3500.0,1260.0,3.85
2026-04-23 22:49:00,75.9,0.0136,0.3,546.0,531.0,511.0,3500.0,1210.0,7.89
2026-04-23 22:50:00,76.8,-0.00137,0.3,511.0,512.0,513.0,3380.0,1080.0,3.95
2026-04-23 22:51:00,80.6,-0.000479,0.4,468.0,469.0,530.0,3270.0,1020.0,3.7
2026-04-23 22:52:00,79.9,-0.236,0.4,403.0,651.0,568.0,3200.0,1010.0,3.75
2026-04-23 22:53:00,80.7,-0.473,0.3,412.0,1150.0,618.0,3070.0,1040.0,7.5
2026-04-23 22:54:00,80.3,-0.473,0.3,413.0,1150.0,662.0,2950.0,1090.0,3.8
2026-04-23 22:55:00,76.1,-0.223,0.3,483.0,761.0,653.0,2810.0,1200.0,5.26
2026-04-23 22:56:00,77.0,0.0231,0.4,569.0,544.0,662.0,2760.0,1270.0,6.49
2026-04-23 22:57:00,80.3,-0.0731,0.4,463.0,536.0,624.0,2490.0,1460.0,1.25
2026-04-23 22:58:00,76.8,-0.411,0.3,425.0,1020.0,570.0,2230.0,1690.0,5.19
2026-04-23 22:59:00,80.0,-0.515,0.3,441.0,1380.0,643.0,2340.0,1680.0,6.25
2026-04-23 23:00:00,74.6,-0.564,0.2,417.0,1500.0,557.0,2440.0,1690.0,10.7
2026-04-23 23:01:00,68.2,-0.325,0.4,285.0,559.0,571.0,2470.0,1750.0,10.5
2026-04-23 23:02:00,76.9,-0.458,0.5,2200.0,5920.0,7770.0,1490.0,700.0,27.6
2026-04-23 23:03:00,64.5,-0.342,0.5,2390.0,4880.0,8680.0,1350.0,451.0,55.4
2026-04-23 23:04:00,76.3,-0.344,0.6,1910.0,3910.0,9110.0,1300.0,313.0,21.1
2026-04-23 23:05:00,72.4,-0.202,0.6,2270.0,3420.0,9090.0,1170.0,239.0,32.9
2026-04-23 23:06:00,70.8,-0.143,0.6,2290.0,3050.0,8640.0,915.0,183.0,35.7
2026-04-23 23:07:00,75.6,-0.217,0.7,1080.0,1670.0,7850.0,432.0,93.1,7.89
2026-04-23 23:08:00,77.2,-0.557,0.6,841.0,2950.0,6810.0,422.0,93.7,10.4
2026-04-23 23:09:00,74.0,-0.615,0.5,1080.0,4530.0,5700.0,396.0,103.0,25.7
2026-04-23 23:10:00,72.9,-0.575,0.6,780.0,2890.0,4650.0,394.0,117.0,9.59
2026-04-23 23:11:00,82.3,-0.654,0.6,530.0,2530.0,3790.0,398.0,129.0,3.66
2026-04-23 23:12:00,74.7,-0.726,0.5,425.0,2680.0,3150.0,407.0,144.0,15.1
2026-04-23 23:13:00,83.8,-0.638,0.7,228.0,1030.0,2740.0,425.0,142.0,1.19
2026-04-23 23:14:00,80.0,-0.446,0.8,215.0,562.0,2460.0,408.0,163.0,2.5
2026-04-23 23:15:00,79.6,-0.329,0.6,436.0,863.0,2230.0,422.0,189.0,3.75
2026-04-23 23:16:00,72.9,-0.359,0.5,640.0,1360.0,2000.0,429.0,196.0,25.0
2026-04-23 23:17:00,78.4,-0.308,0.6,472.0,893.0,1740.0,427.0,183.0,3.8
2026-04-23 23:18:00,76.7,-0.234,0.6,398.0,641.0,1490.0,414.0,194.0,1.32
2026-04-23 23:19:00,74.2,-0.393,0.5,451.0,1040.0,1290.0,406.0,224.0,9.33
2026-04-23 23:20:00,76.7,-0.355,0.5,379.0,796.0,1160.0,530.0,291.0,3.95
2026-04-23 23:21:00,78.6,-0.11,0.6,288.0,359.0,1120.0,631.0,352.0,1.27
2026-04-23 23:22:00,77.5,-0.186,0.5,396.0,577.0,1140.0,834.0,502.0,1.3
2026-04-23 23:23:00,77.2,-0.186,0.5,563.0,820.0,1170.0,1140.0,748.0,7.79
2026-04-23 23:24:00,79.4,-0.153,0.5,502.0,684.0,1170.0,1210.0,769.0,2.5
2026-04-23 23:25:00,74.9,-0.221,0.5,376.0,589.0,1120.0,1300.0,696.0,5.41
2026-04-23 23:26:00,77.2,-0.155,0.6,298.0,408.0,1060.0,1410.0,653.0,1.3
2026-04-23 23:27:00,78.2,0.0851,0.5,463.0,391.0,1010.0,1750.0,572.0,2.53
2026-04-23 23:28:00,74.3,0.11,0.5,581.0,465.0,1010.0,2009.9999999999998,536.0,9.59
2026-04-23 23:29:00,72.8,-0.105,0.5,433.0,534.0,1090.0,2310.0,535.0,1.35
2026-04-23 23:30:00,79.0,-0.473,0.5,279.0,780.0,1240.0,2470.0,560.0,5.19
2026-04-23 23:31:00,77.0,-0.315,0.6,283.0,542.0,1470.0,2670.0,638.0,0.0
2026-04-23 23:32:00,75.5,0.143,0.7,409.0,307.0,1770.0,2840.0,742.0,3.95
2026-04-23 23:33:00,73.9,0.115,0.7,455.0,362.0,2080.0,2980.0,888.0,4.11
2026-04-23 23:34:00,80.3,-0.201,0.7,381.0,573.0,2300.0,3050.0,1050.0,2.47
2026-04-23 23:35:00,73.4,-0.455,0.7,285.0,760.0,2360.0,3090.0,1250.0,8.22
2026-04-23 23:36:00,76.4,-0.518,0.7,265.0,835.0,2200.0,3110.0,1420.0,1.32
2026-04-23 23:37:00,75.7,-0.378,0.6,323.0,715.0,1860.0,3100.0,1600.0,5.26
2026-04-23 23:38:00,75.1,-0.286,0.6,342.0,616.0,1470.0,3060.0,1760.0,8.0
2026-04-23 23:39:00,76.2,-0.288,0.6,279.0,504.0,1140.0,3000.0,1910.0,0.0
2026-04-23 23:40:00,73.7,-0.233,0.6,269.0,433.0,982.0,2940.0,2090.0,1.35
2026-04-23 23:41:00,76.6,-0.289,0.6,283.0,512.0,998.0,2910.0,2210.0,2.63
2026-04-23 23:42:00,75.2,-0.284,0.6,285.0,510.0,1150.0,2870.0,2330.0,2.67
2026-04-23 23:43:00,79.2,-0.483,0.6,274.0,787.0,1380.0,2810.0,2450.0,2.5
2026-04-23 23:44:00,74.6,-0.512,0.6,283.0,876.0,1610.0,2770.0,2530.0,5.41
2026-04-23 23:45:00,76.9,-0.38,0.6,339.0,754.0,1780.0,2730.0,2610.0,6.49
2026-04-23 23:46:00,70.8,-0.238,0.6,438.0,712.0,1820.0,2710.0,2680.0,7.04
2026-04-23 23:47:00,74.9,-0.14,0.6,506.0,671.0,1700.0,2700.0,2740.0,8.11
2026-04-23 23:48:00,71.2,-0.0869,0.6,503.0,599.0,1460.0,2690.0,2780.0,10.0
2026-04-23 23:49:00,71.5,-0.149,0.5,461.0,622.0,1170.0,2680.0,2800.0,6.94
2026-04-23 23:50:00,73.9,-0.3,0.4,394.0,732.0,895.0,2670.0,2830.0,8.11
2026-04-23 23:51:00,72.7,-0.494,0.3,355.0,1050.0,702.0,2670.0,2840.0,11.1
2026-04-23 23:52:00,75.0,-0.451,0.4,314.0,829.0,616.0,2680.0,2870.0,4.0
2026-04-23 23:53:00,73.7,-0.148,0.4,395.0,532.0,617.0,2690.0,2870.0,4.05
2026-04-23 23:54:00,72.1,-0.207,0.4,507.0,771.0,691.0,2690.0,2880.0,9.72
2026-04-23 23:55:00,70.5,-0.179,0.4,600.0,863.0,841.0,2690.0,2890.0,17.1
2026-04-23 23:56:00,72.3,-0.045,0.5,561.0,614.0,1110.0,2700.0,2880.0,9.59
2026-04-23 23:57:00,73.1,-0.214,0.6,436.0,674.0,1490.0,2720.0,2880.0,6.85
2026-04-23 23:58:00,77.3,-0.359,0.6,468.0,993.0,1900.0,2720.0,2880.0,6.49
2026-04-23 23:59:00,76.1,-0.39,0.6,470.0,1070.0,2240.0,2720.0,2880.0,10.5
2026-04-24 00:00:00,76.7,-0.398,0.6,526.0,1220.0,2400.0,2720.0,2890.0,6.58
2026-04-24 00:01:00,69.3,-0.182,0.6,681.0,984.0,2350.0,2750.0,2880.0,15.7
2026-04-24 00:02:00,73.2,-0.171,0.5,739.0,1040.0,2140.0,2750.0,2890.0,12.5
2026-04-24 00:03:00,77.4,-0.223,0.5,651.0,1020.0,1850.0,2720.0,2900.0,10.3
2026-04-24 00:04:00,76.9,-0.357,0.5,434.0,915.0,1580.0,2640.0,2870.0,0.0
2026-04-24 00:05:00,78.5,-0.554,0.4,427.0,1490.0,1360.0,2620.0,2880.0,13.0
2026-04-24 00:06:00,73.9,-0.492,0.4,516.0,1520.0,1190.0,2560.0,2880.0,4.05
2026-04-24 00:07:00,78.2,-0.364,0.4,536.0,1150.0,1100.0,2520.0,2880.0,11.5
2026-04-24 00:08:00,76.6,-0.302,0.5,394.0,734.0,1140.0,2540.0,2920.0,1.3
2026-04-24 00:09:00,78.1,-0.334,0.6,350.0,700.0,1330.0,2520.0,2910.0,5.13
2026-04-24 00:10:00,77.8,-0.387,0.6,292.0,661.0,1650.0,2550.0,2910.0,1.3
2026-04-24 00:11:00,78.6,-0.435,0.7,277.0,703.0,2009.9999999999998,2630.0,2920.0,1.27
2026-04-24 00:12:00,77.3,-0.426,0.6,377.0,936.0,2280.0,2700.0,2950.0,9.09
2026-04-24 00:13:00,78.6,-0.371,0.7,313.0,683.0,2370.0,2730.0,2970.0,3.8
2026-04-24 00:14:00,82.0,-0.415,0.8,204.0,494.0,2330.0,2730.0,3040.0,1.22
2026-04-24 00:15:00,76.6,-0.467,0.7,272.0,749.0,2290.0,2730.0,3060.0,2.63
2026-04-24 00:16:00,75.4,-0.312,0.7,386.0,737.0,2430.0,2750.0,3110.0,11.8
2026-04-24 00:17:00,78.2,-0.316,0.7,371.0,715.0,2800.0,2770.0,3120.0,2.56
2026-04-24 00:18:00,85.0,-0.642,0.6,442.0,2029.9999999999998,3440.0,2770.0,3170.0,1.18
2026-04-24 00:19:00,90.7,-0.78,0.5,535.0,4320.0,4300.0,2760.0,3210.0,15.6
2026-04-24 00:20:00,86.0,-0.792,0.6,376.0,3240.0,5200.0,2750.0,3240.0,5.81
2026-04-24 00:21:00,98.2,-0.706,0.8,260.0,1510.0,6020.0,2760.0,3230.0,5.15
2026-04-24 00:22:00,104.0,-0.574,0.8,373.0,1380.0,6570.0,2770.0,3210.0,0.0
2026-04-24 00:23:00,80.5,-0.291,0.6,1370.0,2490.0,6710.0,2800.0,3190.0,12.7
2026-04-24 00:24:00,69.9,-0.219,0.5,2130.0,3320.0,6380.0,2820.0,3170.0,36.2
2026-04-24 00:25:00,72.3,-0.262,0.6,1650.0,2820.0,5670.0,2830.0,3160.0,13.7
2026-04-24 00:26:00,62.4,-0.0155,0.6,1590.0,1640.0,4810.0,2890.0,3120.0,37.1
2026-04-24 00:27:00,63.9,0.377,0.6,1870.0,846.0,4000.0,2910.0,3130.0,37.5
2026-04-24 00:28:00,60.1,0.472,0.5,2250.0,809.0,3360.0,2950.0,3140.0,45.0
2026-04-24 00:29:00,66.1,0.313,0.4,2480.0,1300.0,2860.0,2960.0,3120.0,36.4
2026-04-24 00:30:00,60.1,0.301,0.4,2450.0,1320.0,2410.0,2970.0,3110.0,46.7
2026-04-24 00:31:00,61.7,0.229,0.4,1780.0,1120.0,1970.0,2980.0,3120.0,27.4
2026-04-24 00:32:00,60.4,0.147,0.3,1670.0,1240.0,1540.0,3020.0,3130.0,41.7
2026-04-24 00:33:00,61.4,0.165,0.3,1690.0,1210.0,1190.0,3020.0,3130.0,36.1
2026-04-24 00:34:00,60.4,0.126,0.2,2470.0,1920.0,967.0,3010.0,3130.0,34.4
2026-04-24 00:35:00,63.1,0.189,0.1,3460.0,2360.0,855.0,3020.0,3140.0,42.9
2026-04-24 00:36:00,62.3,0.291,0.2,2750.0,1510.0,801.0,3000.0,3140.0,45.2
2026-04-24 00:37:00,64.5,0.483,0.2,1970.0,686.0,744.0,3000.0,3170.0,27.7
2026-04-24 00:38:00,63.9,0.546,0.2,2540.0,747.0,668.0,3010.0,3210.0,34.4
2026-04-24 00:39:00,62.9,0.741,0.1,3290.0,490.0,577.0,3030.0,3260.0,50.0
2026-04-24 00:40:00,65.0,0.858,0.2,2520.0,193.0,482.0,3060.0,3320.0,29.7
2026-04-24 00:41:00,65.1,0.767,0.2,1850.0,245.0,395.0,3070.0,3360.0,32.3
2026-04-24 00:42:00,64.8,0.64,0.1,1760.0,387.0,329.0,3080.0,3420.0,24.6
2026-04-24 00:43:00,66.3,0.609,0.1,1510.0,368.0,296.0,3090.0,3470.0,22.7
2026-04-24 00:44:00,65.7,0.533,0.2,1250.0,381.0,288.0,3130.0,3580.0,21.2
2026-04-24 00:45:00,65.6,0.382,0.1,1220.0,545.0,291.0,3130.0,3540.0,13.8
2026-04-24 00:46:00,65.4,0.427,0.1,1320.0,530.0,295.0,3110.0,3580.0,22.7
2026-04-24 00:47:00,66.7,0.658,0.1,1690.0,347.0,301.0,3090.0,3550.0,23.9
2026-04-24 00:48:00,67.8,0.773,0.1,2720.0,347.0,315.0,3080.0,3590.0,47.8
2026-04-24 00:49:00,66.6,0.77,0.1,2900.0,376.0,339.0,3150.0,3620.0,37.3
2026-04-24 00:50:00,67.2,0.641,0.1,2470.0,541.0,369.0,3210.0,3630.0,32.8
2026-04-24 00:51:00,65.3,0.595,0.1,2090.0,529.0,398.0,3290.0,3700.0,41.5
2026-04-24 00:52:00,67.8,0.669,0.2,1640.0,325.0,416.0,3310.0,3680.0,14.7
2026-04-24 00:53:00,67.0,0.619,0.2,1670.0,392.0,419.0,3290.0,3730.0,38.8
2026-04-24 00:54:00,67.8,0.589,0.2,1570.0,406.0,411.0,3290.0,3790.0,23.5
2026-04-24 00:55:00,69.2,0.688,0.2,1810.0,334.0,402.0,3330.0,3830.0,30.4
2026-04-24 00:56:00,67.5,0.718,0.1,2020.0,331.0,407.0,3340.0,3860.0,29.9
2026-04-24 00:57:00,68.4,0.701,0.2,2060.0,362.0,435.0,3350.0,3850.0,36.2
2026-04-24 00:58:00,69.9,0.761,0.2,2200.0,297.0,481.0,3300.0,3920.0,43.5
2026-04-24 00:59:00,68.6,0.643,0.2,2230.0,485.0,529.0,3320.0,3910.0,29.4
2026-04-24 01:00:00,67.2,0.396,0.1,2570.0,1110.0,558.0,3300.0,3950.0,26.9
2026-04-24 01:01:00,69.7,0.4,0.1,2330.0,998.0,559.0,3300.0,3990.0,20.0
2026-04-24 01:02:00,68.9,0.52,0.2,1750.0,553.0,650.0,3270.0,3990.0,26.1
2026-04-24 01:03:00,68.5,0.585,0.4,1590.0,417.0,1150.0,3260.0,4010.0,26.5
2026-04-24 01:04:00,68.9,0.701,0.5,1830.0,322.0,2300.0,3300.0,4000.0,23.2
2026-04-24 01:05:00,69.1,0.654,0.6,2630.0,550.0,4059.9999999999995,3300.0,4000.0,44.9
2026-04-24 01:06:00,68.6,0.512,0.6,2640.0,854.0,5940.0,3340.0,3970.0,36.8
2026-04-24 01:07:00,77.8,0.251,0.6,3530.0,2110.0,7320.0,3340.0,3970.0,26.9
2026-04-24 01:08:00,61.1,0.209,0.4,5890.0,3850.0,7720.0,3420.0,3930.0,59.0
2026-04-24 01:09:00,59.0,0.123,0.5,4750.0,3710.0,7120.0,3540.0,3910.0,44.1
2026-04-24 01:10:00,59.1,-0.104,0.5,2240.0,2760.0,5930.0,3730.0,3870.0,37.3
2026-04-24 01:11:00,60.8,-0.0678,0.6,1790.0,2050.0,4810.0,3840.0,3810.0,34.4
2026-04-24 01:12:00,61.7,0.233,0.4,3680.0,2290.0,4120.0,3970.0,3730.0,38.7
2026-04-24 01:13:00,57.4,0.27,0.3,5550.0,3190.0,3900.0,4080.0,3640.0,54.4
2026-04-24 01:14:00,62.8,0.31,0.3,5620.0,2960.0,3860.0,4190.0,3510.0,40.3
2026-04-24 01:15:00,59.2,0.206,0.3,4230.0,2790.0,3690.0,4390.0,3280.0,36.7
2026-04-24 01:16:00,60.3,-0.0144,0.3,3840.0,3960.0,3230.0,4520.0,3160.0,50.8
2026-04-24 01:17:00,59.8,0.0836,0.2,5860.0,4950.0,2650.0,4620.0,3050.0,53.3
2026-04-24 01:18:00,58.6,0.284,0.1,7660.0,4270.0,2070.0,4760.0,2880.0,69.0
2026-04-24 01:19:00,59.2,0.443,0.2,5730.0,2210.0,1610.0,4840.0,2540.0,68.3
2026-04-24 01:20:00,62.8,0.624,0.3,3000.0,694.0,1580.0,4810.0,2100.0,33.9
2026-04-24 01:21:00,64.4,0.755,0.5,1950.0,272.0,2370.0,4210.0,1770.0,26.2
2026-04-24 01:22:00,64.7,0.568,0.6,2009.9999999999998,554.0,4140.0,2800.0,1350.0,31.3
2026-04-24 01:23:00,64.2,0.177,0.6,2490.0,1740.0,6560.0,1400.0,1070.0,41.5
2026-04-24 01:24:00,65.4,-0.0434,0.6,2880.0,3140.0,8720.0,1150.0,1040.0,33.8
2026-04-24 01:25:00,68.6,0.178,0.5,6150.0,4290.0,9880.0,1080.0,1050.0,32.4
2026-04-24 01:26:00,55.6,0.304,0.4,8320.0,4440.0,9760.0,999.0,1080.0,62.5
2026-04-24 01:27:00,58.8,0.301,0.5,4770.0,2560.0,8770.0,1000.0,1080.0,45.8
2026-04-24 01:28:00,60.5,0.277,0.7,2050.0,1160.0,7660.0,1000.0,1080.0,35.0
2026-04-24 01:29:00,62.1,0.299,0.8,1520.0,818.0,7010.0,1010.0,1070.0,22.6
2026-04-24 01:30:00,65.3,0.382,0.6,2820.0,1260.0,6880.0,1010.0,1090.0,26.2
2026-04-24 01:31:00,67.9,0.544,0.4,6470.0,1910.0,6840.0,1010.0,1070.0,45.6
2026-04-24 01:32:00,61.1,0.528,0.4,6040.0,1870.0,6370.0,1010.0,1060.0,52.5
2026-04-24 01:33:00,63.0,0.312,0.4,4900.0,2570.0,5290.0,1010.0,1040.0,41.3
2026-04-24 01:34:00,62.0,0.268,0.3,5240.0,3030.0,3870.0,992.0,1030.0,37.7
2026-04-24 01:35:00,61.6,0.245,0.3,4050.0,2450.0,2570.0,980.0,1010.0,47.5
2026-04-24 01:36:00,65.8,0.407,0.3,2330.0,981.0,1650.0,1000.0,1010.0,24.2
2026-04-24 01:37:00,67.4,0.72,0.4,1410.0,230.0,1130.0,1140.0,1010.0,17.6
2026-04-24 01:38:00,69.5,0.633,0.4,1160.0,260.0,1070.0,1180.0,1020.0,14.5
2026-04-24 01:39:00,68.7,0.5,0.5,1050.0,351.0,1700.0,1180.0,1010.0,15.9
2026-04-24 01:40:00,67.8,0.521,0.7,1080.0,340.0,3220.0,1170.0,1010.0,16.4
2026-04-24 01:41:00,68.3,0.302,0.8,1020.0,549.0,5370.0,1180.0,1010.0,10.1
2026-04-24 01:42:00,67.8,-0.0884,0.7,1600.0,1910.0,7540.0,1190.0,1000.0,17.9
2026-04-24 01:43:00,71.6,0.0242,0.5,4410.0,4200.0,8950.0,1200.0,992.0,20.8
2026-04-24 01:44:00,58.7,0.0651,0.5,4910.0,4310.0,9110.0,1210.0,983.0,50.8
2026-04-24 01:45:00,66.1,0.0789,0.6,2760.0,2360.0,8020.0,1220.0,978.0,26.2
2026-04-24 01:46:00,63.6,0.251,0.7,2060.0,1230.0,6200.0,1220.0,973.0,37.5
2026-04-24 01:47:00,67.5,0.309,0.7,1290.0,678.0,4400.0,1220.0,966.0,20.6
2026-04-24 01:48:00,72.8,0.0229,0.5,1600.0,1530.0,3220.0,1240.0,954.0,11.1
2026-04-24 01:49:00,68.4,-0.193,0.3,2610.0,3860.0,2760.0,1240.0,935.0,18.8
2026-04-24 01:50:00,72.0,-0.314,0.3,2350.0,4490.0,2770.0,1310.0,928.0,22.2
2026-04-24 01:51:00,63.3,-0.204,0.3,2330.0,3530.0,2900.0,1370.0,916.0,30.2
2026-04-24 01:52:00,67.8,-0.164,0.4,1980.0,2760.0,3050.0,1420.0,922.0,19.4
2026-04-24 01:53:00,71.5,-0.269,0.5,1480.0,2570.0,3470.0,1450.0,904.0,21.1
2026-04-24 01:54:00,69.7,-0.208,0.5,1970.0,3010.0,4370.0,1480.0,902.0,30.0
2026-04-24 01:55:00,68.3,-0.367,0.4,2480.0,5360.0,5660.0,1500.0,878.0,29.4
2026-04-24 01:56:00,62.9,-0.442,0.3,3830.0,9880.0,6920.0,1510.0,840.0,38.1
2026-04-24 01:57:00,71.0,-0.174,0.3,6560.0,9320.0,7660.0,1520.0,823.0,28.6
2026-04-24 01:58:00,58.2,0.231,0.4,6540.0,4090.0,7620.0,1530.0,779.0,59.3
2026-04-24 01:59:00,65.4,0.292,0.6,2700.0,1480.0,7020.0,1550.0,727.0,30.8
2026-04-24 02:00:00,66.6,-0.102,0.7,1400.0,1710.0,6420.0,1580.0,684.0,18.2
2026-04-24 02:01:00,64.3,-0.0549,0.6,2260.0,2520.0,6240.0,1570.0,661.0,18.5
2026-04-24 02:02:00,65.3,-0.0858,0.4,4850.0,5760.0,6540.0,1550.0,630.0,32.3
2026-04-24 02:03:00,60.5,-0.128,0.4,5550.0,7180.0,6950.0,1560.0,612.0,29.5
2026-04-24 02:04:00,65.7,0.0879,0.4,5320.0,4460.0,7000.0,1590.0,608.0,36.9
2026-04-24 02:05:00,61.4,0.0506,0.5,3310.0,2990.0,6360.0,1570.0,594.0,26.2
2026-04-24 02:06:00,66.1,-0.277,0.5,2180.0,3850.0,5160.0,1490.0,593.0,28.8
2026-04-24 02:07:00,68.1,-0.28,0.4,1920.0,3410.0,3790.0,1400.0,596.0,23.5
2026-04-24 02:08:00,70.9,-0.218,0.5,1040.0,1620.0,2630.0,1310.0,623.0,14.3
2026-04-24 02:09:00,72.0,-0.261,0.5,620.0,1060.0,1810.0,1260.0,616.0,9.72
2026-04-24 02:10:00,67.9,0.0314,0.6,542.0,509.0,1320.0,1250.0,594.0,5.88
2026-04-24 02:11:00,71.2,0.17,0.5,660.0,468.0,1030.0,1250.0,571.0,5.63
2026-04-24 02:12:00,67.3,-0.0111,0.3,893.0,913.0,849.0,1250.0,551.0,8.82
2026-04-24 02:13:00,66.7,0.141,0.3,1140.0,861.0,803.0,1240.0,540.0,13.6
2026-04-24 02:14:00,65.6,0.35,0.3,1420.0,685.0,903.0,1260.0,500.0,21.2
2026-04-24 02:15:00,66.0,0.42,0.4,1290.0,527.0,1120.0,1260.0,490.0,18.2
2026-04-24 02:16:00,67.7,0.278,0.5,988.0,559.0,1340.0,1270.0,458.0,10.4
2026-04-24 02:17:00,71.6,-0.0808,0.5,812.0,955.0,1460.0,1260.0,434.0,12.5
2026-04-24 02:18:00,66.1,-0.133,0.4,788.0,1030.0,1420.0,1230.0,400.0,9.09
2026-04-24 02:19:00,68.0,0.0831,0.5,790.0,669.0,1210.0,1210.0,363.0,11.8
2026-04-24 02:20:00,68.2,0.308,0.5,739.0,391.0,933.0,1210.0,329.0,2.94
2026-04-24 02:21:00,69.5,0.257,0.4,772.0,456.0,672.0,1210.0,317.0,5.8
2026-04-24 02:22:00,70.4,0.201,0.2,1050.0,700.0,488.0,1220.0,313.0,8.45
2026-04-24 02:23:00,66.0,0.175,0.2,1250.0,876.0,386.0,1240.0,314.0,21.2
2026-04-24 02:24:00,67.3,0.243,0.2,930.0,566.0,326.0,1260.0,306.0,12.1
2026-04-24 02:25:00,69.6,0.374,0.2,656.0,299.0,267.0,1260.0,303.0,4.29
2026-04-24 02:26:00,69.3,0.381,0.2,672.0,301.0,211.0,1240.0,330.0,5.8
2026-04-24 02:27:00,70.3,0.443,0.1,759.0,293.0,183.0,1150.0,248.0,8.57
2026-04-24 02:28:00,69.9,0.545,0.2,816.0,240.0,204.0,1110.0,199.0,7.14
2026-04-24 02:29:00,71.8,0.513,0.2,848.0,273.0,369.0,1090.0,167.0,11.1
2026-04-24 02:30:00,70.2,0.4,0.4,924.0,396.0,987.0,1110.0,148.0,2.86
2026-04-24 02:31:00,70.4,0.21,0.5,1340.0,873.0,2380.0,1120.0,144.0,20.0
2026-04-24 02:32:00,67.8,0.0974,0.7,1220.0,1010.0,4570.0,1110.0,152.0,22.1
2026-04-24 02:33:00,69.4,0.174,0.8,962.0,677.0,7080.0,1090.0,143.0,10.1
2026-04-24 02:34:00,69.3,-0.176,0.6,2410.0,3440.0,9100.0,1070.0,140.0,13.0
2026-04-24 02:35:00,63.7,-0.113,0.4,5350.0,6720.0,9880.0,1020.0,140.0,43.8
2026-04-24 02:36:00,57.9,0.0505,0.5,3980.0,3600.0,9110.0,989.0,157.0,37.9
2026-04-24 02:37:00,64.7,0.278,0.8,1320.0,747.0,7130.0,991.0,153.0,15.4
2026-04-24 02:38:00,67.1,0.142,0.8,784.0,590.0,4680.0,993.0,151.0,5.97
2026-04-24 02:39:00,66.9,-0.00791,0.6,820.0,833.0,2550.0,992.0,149.0,16.4
2026-04-24 02:40:00,69.0,0.178,0.5,816.0,569.0,1180.0,990.0,154.0,7.35
2026-04-24 02:41:00,69.7,0.451,0.3,853.0,323.0,585.0,990.0,160.0,7.25
2026-04-24 02:42:00,70.3,0.49,0.3,903.0,309.0,483.0,992.0,176.0,14.3
2026-04-24 02:43:00,70.5,0.318,0.4,797.0,413.0,757.0,1000.0,193.0,7.04
2026-04-24 02:44:00,69.3,0.0917,0.5,695.0,579.0,1450.0,1030.0,198.0,5.8
2026-04-24 02:45:00,68.8,0.108,0.7,738.0,594.0,2510.0,1080.0,173.0,13.0
2026-04-24 02:46:00,70.4,-0.0635,0.7,769.0,874.0,3690.0,1190.0,168.0,8.57
2026-04-24 02:47:00,74.0,-0.47,0.5,1240.0,3440.0,4570.0,1330.0,189.0,9.46
2026-04-24 02:48:00,65.4,-0.251,0.4,2540.0,4240.0,4820.0,1430.0,221.0,49.2
2026-04-24 02:49:00,59.1,0.0321,0.4,2820.0,2650.0,4380.0,1520.0,265.0,30.5
2026-04-24 02:50:00,64.2,-0.00426,0.4,2320.0,2340.0,3440.0,1540.0,213.0,12.3
2026-04-24 02:51:00,63.3,0.135,0.4,1910.0,1450.0,2370.0,1640.0,186.0,31.7
2026-04-24 02:52:00,64.7,0.246,0.3,1790.0,1080.0,1520.0,1620.0,196.0,23.4
2026-04-24 02:53:00,62.5,0.116,0.3,1700.0,1350.0,1030.0,1680.0,243.0,36.5
2026-04-24 02:54:00,66.4,-0.0944,0.2,1270.0,1530.0,871.0,1810.0,324.0,15.2
2026-04-24 02:55:00,66.1,-0.204,0.2,1430.0,2160.0,927.0,1870.0,378.0,12.1
2026-04-24 02:56:00,65.5,-0.191,0.2,1600.0,2360.0,1280.0,1880.0,428.0,16.7
2026-04-24 02:57:00,69.2,0.0992,0.5,1250.0,1020.0,2060.0,1860.0,465.0,15.9
2026-04-24 02:58:00,68.2,0.318,0.7,1120.0,577.0,3280.0,1860.0,540.0,19.1
2026-04-24 02:59:00,69.9,-0.0328,0.6,1790.0,1910.0,4600.0,1830.0,521.0,8.7
2026-04-24 03:00:00,68.1,-0.171,0.4,3540.0,5000.0,5560.0,1980.0,701.0,23.5
2026-04-24 03:01:00,64.8,-0.0783,0.4,4770.0,5580.0,5800.0,2009.9999999999998,670.0,38.5
2026-04-24 03:02:00,64.5,-0.0316,0.4,3160.0,3370.0,5300.0,1990.0,846.0,35.9
2026-04-24 03:03:00,63.5,0.15,0.6,1800.0,1330.0,4480.0,2000.0,997.0,26.6
2026-04-24 03:04:00,67.2,0.45,0.7,1250.0,474.0,3870.0,2080.0,1180.0,7.46
2026-04-24 03:05:00,66.2,0.325,0.7,1280.0,654.0,3810.0,2140.0,1340.0,18.2
2026-04-24 03:06:00,67.3,0.229,0.6,1660.0,1040.0,4210.0,2160.0,1550.0,19.4
2026-04-24 03:07:00,77.6,0.287,0.5,3170.0,1760.0,4680.0,2300.0,1380.0,20.8
2026-04-24 03:08:00,64.3,0.267,0.5,3290.0,1900.0,4820.0,2180.0,1460.0,30.8
2026-04-24 03:09:00,67.3,0.145,0.6,1930.0,1440.0,4450.0,2150.0,1510.0,17.9
2026-04-24 03:10:00,67.3,-0.0773,0.4,2530.0,2960.0,3690.0,2140.0,1530.0,23.9
2026-04-24 03:11:00,71.6,-0.131,0.3,2850.0,3700.0,2810.0,2160.0,1560.0,20.8
2026-04-24 03:12:00,66.2,-0.0218,0.4,1820.0,1900.0,2070.0,2150.0,1580.0,19.7
2026-04-24 03:13:00,65.4,0.251,0.4,1560.0,937.0,1590.0,2140.0,1590.0,23.1
2026-04-24 03:14:00,66.3,0.37,0.3,1930.0,888.0,1380.0,2120.0,1610.0,29.9
2026-04-24 03:15:00,65.5,0.501,0.3,2090.0,697.0,1340.0,2110.0,1610.0,26.2
2026-04-24 03:16:00,67.1,0.408,0.4,1760.0,740.0,1420.0,2110.0,1600.0,30.3
2026-04-24 03:17:00,69.9,0.02,0.3,1520.0,1460.0,1530.0,2100.0,1620.0,12.9
2026-04-24 03:18:00,65.0,-0.13,0.3,2050.0,2660.0,1570.0,2130.0,1640.0,21.5
2026-04-24 03:19:00,66.1,-0.0179,0.2,2540.0,2630.0,1530.0,2110.0,1630.0,30.3
2026-04-24 03:20:00,66.1,0.0765,0.2,2540.0,2180.0,1410.0,2140.0,1640.0,19.7
2026-04-24 03:21:00,64.9,0.0411,0.2,2970.0,2730.0,1280.0,2130.0,1650.0,27.7
2026-04-24 03:22:00,63.5,0.0674,0.2,2450.0,2140.0,1140.0,2140.0,1650.0,27.0
2026-04-24 03:23:00,66.1,0.0891,0.2,1730.0,1450.0,1020.0,2150.0,1660.0,22.7
2026-04-24 03:24:00,67.3,0.3,0.2,2100.0,1130.0,893.0,2130.0,1670.0,39.7
2026-04-24 03:25:00,67.8,0.337,0.2,2250.0,1120.0,768.0,2120.0,1680.0,37.3
2026-04-24 03:26:00,67.8,0.268,0.2,1970.0,1140.0,650.0,2120.0,1690.0,20.6
2026-04-24 03:27:00,69.4,0.534,0.2,1890.0,576.0,543.0,2120.0,1700.0,36.2
2026-04-24 03:28:00,69.1,0.623,0.2,1980.0,461.0,447.0,2130.0,1700.0,27.1
2026-04-24 03:29:00,70.2,0.632,0.1,1850.0,417.0,370.0,2130.0,1710.0,24.3
2026-04-24 03:30:00,69.3,0.624,0.1,1700.0,393.0,327.0,2120.0,1730.0,17.4
2026-04-24 03:31:00,70.0,0.486,0.1,1630.0,563.0,340.0,2120.0,1740.0,24.3
2026-04-24 03:32:00,72.3,0.581,0.2,1470.0,389.0,416.0,2120.0,1740.0,15.3
2026-04-24 03:33:00,70.0,0.743,0.2,1530.0,226.0,535.0,2140.0,1730.0,22.9
2026-04-24 03:34:00,70.1,0.682,0.2,1670.0,316.0,661.0,2140.0,1740.0,27.5
2026-04-24 03:35:00,72.3,0.428,0.2,1660.0,665.0,751.0,2140.0,1730.0,27.8
2026-04-24 03:36:00,66.8,0.275,0.3,1380.0,783.0,781.0,2040.0,1710.0,11.9
2026-04-24 03:37:00,67.5,0.381,0.3,1240.0,557.0,785.0,1940.0,1690.0,11.9
2026-04-24 03:38:00,68.0,0.519,0.3,1560.0,495.0,1030.0,1930.0,1660.0,26.5
2026-04-24 03:39:00,70.3,0.499,0.5,1640.0,549.0,1930.0,1930.0,1650.0,21.4
2026-04-24 03:40:00,70.1,0.398,0.6,1510.0,649.0,3750.0,1920.0,1650.0,21.1
2026-04-24 03:41:00,72.9,0.405,0.8,1270.0,536.0,6370.0,1960.0,1640.0,16.7
2026-04-24 03:42:00,72.7,0.0228,0.8,1310.0,1250.0,9130.0,2009.9999999999998,1650.0,11.0
2026-04-24 03:43:00,69.7,-0.28,0.6,2440.0,4340.0,11300.0,2040.0,1660.0,27.1
2026-04-24 03:44:00,56.7,-0.205,0.5,4420.0,6690.0,12500.0,2060.0,1680.0,50.0
2026-04-24 03:45:00,61.7,-0.119,0.6,4430.0,5630.0,12700.0,2060.0,1690.0,44.3
2026-04-24 03:46:00,56.6,-0.275,0.5,3900.0,6850.0,12600.0,2070.0,1700.0,64.9
2026-04-24 03:47:00,57.3,-0.19,0.5,5520.0,8109.999999999999,13100.0,2070.0,1750.0,46.6
2026-04-24 03:48:00,56.7,-0.141,0.5,5690.0,7550.0,14700.0,2100.0,1830.0,63.2
2026-04-24 03:49:00,75.1,-0.416,0.7,1870.0,4550.0,17100.0,2100.0,1790.0,8.0
2026-04-24 03:50:00,73.0,-0.214,0.7,2900.0,4480.0,19300.0,2090.0,1710.0,6.85
2026-04-24 03:51:00,64.5,0.0492,0.5,9970.0,9030.0,20000.0,2060.0,1700.0,50.0
2026-04-24 03:52:00,58.7,0.094,0.4,14400.0,11900.0,18900.0,2029.9999999999998,1690.0,63.8
2026-04-24 03:53:00,56.0,0.156,0.4,12900.0,9390.0,16600.0,2009.9999999999998,1680.0,75.0
2026-04-24 03:54:00,60.4,0.126,0.5,7550.0,5870.0,14300.0,1990.0,1670.0,46.7
2026-04-24 03:55:00,61.0,-0.0079,0.5,6010.0,6110.0,13400.0,1970.0,1700.0,47.5
2026-04-24 03:56:00,60.2,-0.0711,0.5,6990.0,8060.000000000001,14800.0,1950.0,1740.0,46.7
2026-04-24 03:57:00,59.7,-0.187,0.6,5430.0,7940.0,18000.0,1980.0,1780.0,45.0
2026-04-24 03:58:00,62.7,0.0294,0.6,7380.0,6960.0,21500.0,2060.0,1850.0,37.1
2026-04-24 03:59:00,49.3,0.393,0.6,10900.0,4760.0,23800.0,2130.0,1940.0,82.0
2026-04-24 04:00:00,66.6,0.369,0.6,9250.0,4260.0,23800.0,2180.0,2050.0,39.4
2026-04-24 04:01:00,49.2,0.255,0.6,11000.0,6550.0,22200.0,2220.0,2160.0,79.6
2026-04-24 04:02:00,52.5,0.266,0.5,14300.0,8330.0,20000.0,2210.0,2220.0,73.1
2026-04-24 04:03:00,49.9,0.302,0.4,17200.0,9220.0,18400.0,2180.0,2260.0,80.0
2026-04-24 04:04:00,53.6,0.223,0.4,16200.0,10300.0,17700.0,2110.0,2310.0,75.9
2026-04-24 04:05:00,50.2,0.29,0.5,12900.0,7090.0,17300.0,2090.0,2400.0,80.0
2026-04-24 04:06:00,72.0,0.276,0.5,8630.0,4900.0,16300.0,2080.0,2450.0,27.8
2026-04-24 04:07:00,56.6,0.298,0.6,6480.0,3510.0,14000.0,2090.0,2550.0,66.1
2026-04-24 04:08:00,59.0,-0.241,0.5,3480.0,5680.0,10800.0,2110.0,2670.0,40.7
2026-04-24 04:09:00,60.0,-0.477,0.3,3630.0,10200.0,7410.0,2120.0,2760.0,61.0
2026-04-24 04:10:00,58.4,-0.263,0.3,4990.0,8550.0,5080.0,2120.0,2820.0,50.8
2026-04-24 04:11:00,60.8,-0.0304,0.4,3850.0,4090.0,4420.0,2080.0,2860.0,43.3
2026-04-24 04:12:00,59.3,0.155,0.4,4370.0,3200.0,5410.0,2029.9999999999998,2940.0,42.4
2026-04-24 04:13:00,56.5,0.0932,0.4,5420.0,4490.0,7360.0,2020.0,3010.0,52.6
2026-04-24 04:14:00,59.4,0.0631,0.5,4790.0,4220.0,9440.0,2040.0,3080.0,55.9
2026-04-24 04:15:00,64.1,-0.0288,0.5,5140.0,5450.0,10900.0,2040.0,3140.0,50.0
2026-04-24 04:16:00,53.2,-0.152,0.4,6420.0,8730.0,11300.0,2040.0,3210.0,70.4
2026-04-24 04:17:00,55.4,-0.25,0.4,6020.0,10000.0,10400.0,2040.0,3270.0,61.8
2026-04-24 04:18:00,60.7,-0.294,0.4,4990.0,9140.0,8710.0,2040.0,3340.0,50.8
2026-04-24 04:19:00,56.0,-0.0932,0.4,4470.0,5390.0,6680.0,2050.0,3400.0,67.9
2026-04-24 04:20:00,62.5,0.0602,0.5,2530.0,2240.0,4930.0,2050.0,3450.0,19.4
2026-04-24 04:21:00,62.6,-0.102,0.5,1740.0,2130.0,3840.0,2060.0,3500.0,22.2
2026-04-24 04:22:00,60.3,-0.089,0.4,2590.0,3100.0,3370.0,2070.0,3550.0,33.3
2026-04-24 04:23:00,62.2,-0.107,0.4,2400.0,2970.0,3270.0,2080.0,3590.0,21.0
2026-04-24 04:24:00,63.4,-0.226,0.4,2100.0,3320.0,3290.0,2100.0,3620.0,30.2
2026-04-24 04:25:00,59.4,-0.14,0.3,2820.0,3740.0,3270.0,2120.0,3620.0,44.1
2026-04-24 04:26:00,61.5,0.0123,0.4,2850.0,2780.0,3190.0,2160.0,3610.0,23.0
2026-04-24 04:27:00,59.4,-0.00541,0.3,3420.0,3450.0,3130.0,2270.0,3510.0,45.0
2026-04-24 04:28:00,61.4,0.118,0.4,2990.0,2360.0,3140.0,2420.0,3400.0,32.8
2026-04-24 04:29:00,63.8,0.119,0.3,3530.0,2770.0,3230.0,2590.0,3300.0,42.2
2026-04-24 04:30:00,59.6,-0.00575,0.3,4940.0,4990.0,3380.0,2640.0,3180.0,44.1
2026-04-24 04:31:00,59.1,0.00156,0.3,4450.0,4440.0,3900.0,2680.0,3050.0,44.1
2026-04-24 04:32:00,60.0,-0.00965,0.5,3060.0,3120.0,5270.0,2730.0,2930.0,50.0
2026-04-24 04:33:00,61.1,-0.213,0.5,3520.0,5430.0,7730.0,2800.0,2760.0,37.7
2026-04-24 04:34:00,58.8,-0.225,0.5,4740.0,7480.0,10900.0,2820.0,2610.0,59.3
2026-04-24 04:35:00,61.0,-0.249,0.6,3780.0,6290.0,13800.0,2810.0,2440.0,29.5
2026-04-24 04:36:00,63.2,-0.111,0.6,3980.0,4970.0,15200.0,2870.0,2220.0,38.1
2026-04-24 04:37:00,52.8,0.271,0.6,6660.0,3820.0,14500.0,2930.0,2110.0,60.4
2026-04-24 04:38:00,58.1,0.157,0.6,5340.0,3890.0,11900.0,2980.0,1990.0,58.6
2026-04-24 04:39:00,61.6,-0.122,0.5,3070.0,3930.0,8260.0,3000.0,1860.0,38.7
2026-04-24 04:40:00,64.0,-0.166,0.4,2970.0,4150.0,4930.0,3000.0,1630.0,26.6
2026-04-24 04:41:00,62.2,-0.214,0.4,1960.0,3030.0,2790.0,2820.0,1560.0,29.0
2026-04-24 04:42:00,62.7,-0.0974,0.5,1250.0,1530.0,2310.0,2690.0,1440.0,25.8
2026-04-24 04:43:00,64.8,0.0627,0.5,1510.0,1330.0,3430.0,2620.0,1340.0,29.2
2026-04-24 04:44:00,60.6,-0.041,0.6,2200.0,2390.0,5700.0,2640.0,1210.0,44.3
2026-04-24 04:45:00,62.8,-0.00533,0.7,1830.0,1850.0,8400.0,2580.0,1300.0,19.7
2026-04-24 04:46:00,65.2,-0.149,0.7,2029.9999999999998,2740.0,10700.0,2600.0,1330.0,27.3
2026-04-24 04:47:00,63.8,-0.1,0.5,5610.0,6860.0,12200.0,2540.0,1390.0,38.1
2026-04-24 04:48:00,55.7,-0.149,0.5,6540.0,8830.0,12600.0,2520.0,1400.0,62.5
2026-04-24 04:49:00,58.0,-0.168,0.5,4760.0,6680.0,12300.0,2480.0,1500.0,56.9
2026-04-24 04:50:00,60.3,-0.0843,0.5,4940.0,5850.0,11500.0,2000.0,1450.0,40.0
2026-04-24 04:51:00,62.7,-0.115,0.4,5690.0,7160.0,10500.0,1690.0,1420.0,42.9
2026-04-24 04:52:00,59.1,0.00668,0.5,5340.0,5270.0,9170.0,1680.0,1370.0,50.8
2026-04-24 04:53:00,60.5,0.185,0.6,3280.0,2250.0,7460.0,1740.0,1340.0,35.0
2026-04-24 04:54:00,62.4,0.298,0.6,2210.0,1190.0,5420.0,1760.0,1330.0,34.9
2026-04-24 04:55:00,65.3,0.314,0.6,1770.0,921.0,3350.0,1780.0,1330.0,27.7
2026-04-24 04:56:00,65.2,0.378,0.5,1270.0,575.0,1780.0,1920.0,1380.0,26.2
2026-04-24 04:57:00,66.5,0.583,0.4,1280.0,337.0,900.0,2220.0,1450.0,16.4
2026-04-24 04:58:00,68.1,0.667,0.3,1510.0,301.0,631.0,2390.0,1500.0,32.4
2026-04-24 04:59:00,68.6,0.626,0.3,1680.0,388.0,705.0,2440.0,1570.0,26.5
2026-04-24 05:00:00,68.5,0.341,0.2,2210.0,1090.0,925.0,2520.0,1540.0,26.1
2026-04-24 05:01:00,64.1,0.093,0.2,2270.0,1880.0,1200.0,2510.0,1610.0,31.3
2026-04-24 05:02:00,62.8,-0.316,0.3,1320.0,2540.0,1450.0,2430.0,1570.0,17.5
2026-04-24 05:03:00,65.0,-0.423,0.4,850.0,2090.0,1590.0,2300.0,1550.0,14.1
2026-04-24 05:04:00,66.9,-0.337,0.4,817.0,1650.0,1610.0,2130.0,1520.0,15.2
2026-04-24 05:05:00,64.9,-0.278,0.4,891.0,1580.0,1540.0,2040.0,1510.0,16.9
2026-04-24 05:06:00,68.9,0.223,0.5,994.0,632.0,1440.0,2090.0,1500.0,13.0
2026-04-24 05:07:00,69.1,0.612,0.5,1080.0,260.0,1360.0,2080.0,1500.0,17.4
2026-04-24 05:08:00,68.8,0.293,0.4,1550.0,846.0,1300.0,2070.0,1490.0,20.3
2026-04-24 05:09:00,65.9,-0.0368,0.2,2360.0,2540.0,1230.0,2080.0,1480.0,36.4
2026-04-24 05:10:00,64.1,-0.13,0.2,1640.0,2140.0,1110.0,2080.0,1480.0,18.8
2026-04-24 05:11:00,66.6,0.0619,0.4,866.0,765.0,928.0,2080.0,1470.0,13.4
2026-04-24 05:12:00,68.4,0.458,0.4,948.0,352.0,719.0,2120.0,1460.0,13.2
2026-04-24 05:13:00,68.6,0.368,0.3,1050.0,486.0,525.0,2110.0,1450.0,26.5
2026-04-24 05:14:00,68.1,0.335,0.2,1110.0,553.0,398.0,2190.0,1420.0,20.6
2026-04-24 05:15:00,69.9,0.594,0.2,1240.0,315.0,355.0,2290.0,1410.0,20.0
2026-04-24 05:16:00,69.2,0.571,0.2,1170.0,320.0,367.0,2370.0,1430.0,26.1
2026-04-24 05:17:00,68.8,0.503,0.2,1070.0,354.0,400.0,2300.0,1380.0,15.9
2026-04-24 05:18:00,70.5,0.488,0.2,1000.0,344.0,439.0,2260.0,1360.0,22.5
2026-04-24 05:19:00,69.8,0.359,0.3,989.0,467.0,513.0,2280.0,1350.0,15.9
2026-04-24 05:20:00,69.6,0.398,0.4,1070.0,459.0,962.0,2260.0,1330.0,17.4
2026-04-24 05:21:00,71.0,0.323,0.6,1070.0,547.0,2340.0,2270.0,1320.0,18.3
2026-04-24 05:22:00,69.8,0.229,0.8,984.0,616.0,5010.0,2280.0,1320.0,18.8
2026-04-24 05:23:00,70.9,0.443,0.9,1010.0,388.0,8700.0,2290.0,1310.0,18.3
2026-04-24 05:24:00,71.2,0.214,0.8,1730.0,1120.0,12500.0,2290.0,1300.0,23.9
2026-04-24 05:25:00,70.5,-0.172,0.5,5370.0,7600.0,15100.0,2290.0,1300.0,31.0
2026-04-24 05:26:00,55.1,-0.314,0.4,7670.0,14700.0,15700.0,2290.0,1280.0,68.5
2026-04-24 05:27:00,58.8,-0.312,0.4,7690.0,14600.0,14500.0,2280.0,1270.0,65.0
2026-04-24 05:28:00,57.6,-0.329,0.4,5760.0,11400.0,12100.0,2300.0,1240.0,54.4
2026-04-24 05:29:00,63.2,-0.32,0.6,2460.0,4770.0,9410.0,2330.0,1230.0,17.5
2026-04-24 05:30:00,63.9,-0.224,0.5,2620.0,4140.0,7160.0,2340.0,1230.0,32.8
2026-04-24 05:31:00,60.5,-0.106,0.4,4290.0,5310.0,5530.0,2330.0,1210.0,45.9
2026-04-24 05:32:00,60.3,-0.0994,0.3,3820.0,4670.0,4280.0,2400.0,1180.0,45.0
2026-04-24 05:33:00,63.1,-0.0598,0.4,2470.0,2790.0,3210.0,2360.0,1150.0,19.0
2026-04-24 05:34:00,65.7,0.149,0.5,1830.0,1350.0,2610.0,2370.0,1130.0,36.4
2026-04-24 05:35:00,66.1,0.0742,0.4,2050.0,1770.0,3070.0,2380.0,1100.0,30.3
2026-04-24 05:36:00,64.7,-0.0362,0.5,2330.0,2500.0,4830.0,2430.0,1070.0,35.9
2026-04-24 05:37:00,63.6,0.00873,0.6,2190.0,2150.0,7480.0,2390.0,1050.0,26.6
2026-04-24 05:38:00,64.8,0.127,0.8,1850.0,1430.0,10200.0,2270.0,969.0,31.3
2026-04-24 05:39:00,71.1,-0.0106,0.6,3810.0,3890.0,12100.0,2250.0,927.0,28.2
2026-04-24 05:40:00,53.1,0.125,0.5,6720.0,5220.0,12700.0,2270.0,909.0,62.3
2026-04-24 05:41:00,59.0,0.263,0.6,5380.0,3140.0,12000.0,2280.0,902.0,31.0
2026-04-24 05:42:00,59.1,0.189,0.6,3750.0,2560.0,10800.0,2320.0,895.0,40.0
2026-04-24 05:43:00,67.1,0.0094,0.6,3320.0,3260.0,9890.0,2310.0,869.0,34.3
2026-04-24 05:44:00,59.2,-0.108,0.6,3380.0,4200.0,9840.0,2310.0,867.0,54.2
2026-04-24 05:45:00,60.7,-0.171,0.6,2570.0,3620.0,10400.0,2330.0,825.0,37.7
2026-04-24 05:46:00,62.0,-0.338,0.7,1930.0,3900.0,10900.0,2350.0,811.0,33.9
2026-04-24 05:47:00,65.6,-0.139,0.5,4520.0,5990.0,10600.0,2370.0,825.0,43.1
2026-04-24 05:48:00,58.1,-0.0759,0.4,6160.0,7170.0,9450.0,2340.0,826.0,60.3
2026-04-24 05:49:00,57.3,-0.288,0.4,5130.0,9280.0,8000.0,2330.0,759.0,59.6
2026-04-24 05:50:00,63.2,-0.318,0.4,3070.0,5930.0,7340.0,2290.0,702.0,31.3
2026-04-24 05:51:00,71.3,-0.333,0.8,738.0,1480.0,8240.0,2250.0,695.0,5.63
2026-04-24 05:52:00,70.9,-0.256,0.9,315.0,532.0,10500.0,2260.0,665.0,4.23
2026-04-24 05:53:00,67.5,0.141,0.8,1450.0,1090.0,13100.0,2200.0,634.0,13.4
2026-04-24 05:54:00,68.0,0.226,0.6,5120.0,3230.0,14700.0,2170.0,618.0,44.1
2026-04-24 05:55:00,52.0,0.289,0.5,9300.0,5130.0,14600.0,2150.0,628.0,66.7
2026-04-24 05:56:00,53.6,0.544,0.5,12300.0,3620.0,13300.0,2150.0,642.0,66.7
2026-04-24 05:57:00,57.5,0.344,0.4,10900.0,5300.0,11800.0,2170.0,661.0,63.2
2026-04-24 05:58:00,57.8,-0.015,0.4,7410.0,7640.0,11000.0,2210.0,641.0,53.4
2026-04-24 05:59:00,60.2,0.0833,0.5,5670.0,4800.0,11000.0,2140.0,660.0,38.3
2026-04-24 06:00:00,63.4,0.29,0.5,8710.0,4790.0,11100.0,2120.0,681.0,58.7
2026-04-24 06:01:00,59.4,-0.0124,0.4,7960.0,8160.0,10600.0,2130.0,677.0,50.0
2026-04-24 06:02:00,60.1,-0.228,0.4,5320.0,8460.0,9270.0,2120.0,678.0,45.0
2026-04-24 06:03:00,64.0,-0.173,0.4,4610.0,6540.0,7490.0,2120.0,677.0,32.8
2026-04-24 06:04:00,61.8,-0.193,0.4,3310.0,4890.0,5760.0,2140.0,677.0,38.7
2026-04-24 06:05:00,64.1,-0.198,0.5,2000.0,2990.0,4490.0,2160.0,672.0,39.1
2026-04-24 06:06:00,71.0,-0.369,0.5,1230.0,2670.0,3870.0,2160.0,672.0,28.6
2026-04-24 06:07:00,64.0,-0.299,0.5,1700.0,3140.0,4140.0,2170.0,651.0,40.6
2026-04-24 06:08:00,65.2,-0.0859,0.5,2450.0,2920.0,5510.0,2170.0,627.0,42.4
2026-04-24 06:09:00,61.0,-0.0371,0.7,1880.0,2020.0,7860.0,2190.0,602.0,39.3
2026-04-24 06:10:00,66.6,-0.273,0.8,1170.0,2040.0,10600.0,2230.0,589.0,22.7
2026-04-24 06:11:00,71.5,-0.169,0.6,2960.0,4170.0,12600.0,2220.0,623.0,29.2
2026-04-24 06:12:00,61.1,-0.0127,0.4,7940.0,8150.0,13100.0,2340.0,650.0,60.7
2026-04-24 06:13:00,54.9,0.181,0.4,9270.0,6440.0,12100.0,2420.0,649.0,77.8
2026-04-24 06:14:00,60.0,0.147,0.5,5180.0,3850.0,10400.0,2460.0,638.0,61.7
2026-04-24 06:15:00,59.4,-0.107,0.5,3450.0,4270.0,8940.0,2450.0,646.0,45.8
2026-04-24 06:16:00,62.2,-0.296,0.5,2660.0,4890.0,8350.0,2490.0,588.0,35.5
2026-04-24 06:17:00,63.5,-0.288,0.5,3280.0,5940.0,8450.0,2610.0,491.0,42.2
2026-04-24 06:18:00,67.1,-0.243,0.5,3360.0,5510.0,8510.0,2520.0,566.0,35.8
2026-04-24 06:19:00,62.1,-0.216,0.6,2350.0,3650.0,7920.0,2510.0,522.0,37.1
2026-04-24 06:20:00,62.9,-0.0842,0.6,2280.0,2700.0,6590.0,2490.0,445.0,41.3
2026-04-24 06:21:00,61.1,0.175,0.6,2220.0,1560.0,5210.0,2450.0,438.0,37.7
2026-04-24 06:22:00,62.4,-0.0893,0.5,1680.0,2009.9999999999998,4400.0,2510.0,363.0,38.7
2026-04-24 06:23:00,63.8,-0.173,0.5,1780.0,2530.0,4500.0,2410.0,345.0,28.1
2026-04-24 06:24:00,62.6,0.126,0.6,1890.0,1460.0,5230.0,2790.0,360.0,22.6
2026-04-24 06:25:00,64.6,0.187,0.5,3460.0,2370.0,5970.0,4090.0,630.0,26.2
2026-04-24 06:26:00,64.4,0.151,0.4,6590.0,4860.0,6250.0,5350.0,1030.0,56.3
2026-04-24 06:27:00,59.4,0.147,0.4,5750.0,4280.0,6090.0,5680.0,1300.0,58.3
2026-04-24 06:28:00,61.0,0.113,0.5,3150.0,2510.0,5910.0,5730.0,1890.0,35.0
2026-04-24 06:29:00,62.0,0.199,0.7,1970.0,1320.0,6190.0,5690.0,2450.0,33.9
2026-04-24 06:30:00,62.7,0.143,0.7,1450.0,1080.0,7280.0,5970.0,3260.0,30.6
2026-04-24 06:31:00,72.3,-0.202,0.7,1750.0,2640.0,8980.0,6360.0,4100.0,24.7
2026-04-24 06:32:00,60.2,-0.181,0.6,3130.0,4520.0,10600.0,6570.0,4870.0,51.7
2026-04-24 06:33:00,65.0,0.0223,0.6,4260.0,4070.0000000000005,11500.0,6300.0,5530.0,42.2
2026-04-24 06:34:00,65.3,0.283,0.5,5910.0,3310.0,11200.0,5850.0,6290.0,37.9
2026-04-24 06:35:00,55.0,0.324,0.5,7510.0,3840.0,9680.0,5580.0,7000.0,70.9
2026-04-24 06:36:00,61.5,0.312,0.5,4280.0,2240.0,7680.0,5540.0,7880.0,39.3
2026-04-24 06:37:00,63.4,0.467,0.7,2220.0,806.0,5910.0,5540.0,7890.0,32.8
2026-04-24 06:38:00,63.7,0.196,0.6,1920.0,1290.0,4950.0,5510.0,7910.0,28.6
2026-04-24 06:39:00,64.4,-0.332,0.5,1340.0,2670.0,4840.0,5490.0,7920.0,29.2
2026-04-24 06:40:00,62.8,-0.41,0.5,1290.0,3090.0,5190.0,5610.0,7900.0,32.3
2026-04-24 06:41:00,71.2,-0.023,0.4,3270.0,3430.0,5420.0,5600.0,8000.0,26.4
2026-04-24 06:42:00,59.9,-0.0144,0.4,4280.0,4410.0,5120.0,5640.0,8060.000000000001,43.3
2026-04-24 06:43:00,62.6,-0.0922,0.4,2960.0,3560.0,4330.0,5690.0,8119.999999999999,33.9
2026-04-24 06:44:00,63.1,0.141,0.5,1850.0,1390.0,3450.0,5780.0,8109.999999999999,38.1
2026-04-24 06:45:00,66.0,0.456,0.6,1480.0,555.0,2860.0,5820.0,8180.0,27.7
2026-04-24 06:46:00,66.3,0.343,0.6,1330.0,649.0,2770.0,5840.0,8230.0,16.7
2026-04-24 06:47:00,66.5,-0.131,0.5,1280.0,1670.0,3030.0,5850.0,8280.0,25.4
2026-04-24 06:48:00,67.7,-0.148,0.5,1460.0,1970.0,3310.0,5900.0,8300.0,29.9
2026-04-24 06:49:00,64.5,0.0512,0.6,1430.0,1290.0,3330.0,5950.0,8380.0,21.5
2026-04-24 06:50:00,68.6,-0.231,0.4,1730.0,2760.0,3140.0,5960.0,8270.0,25.0
2026-04-24 06:51:00,60.9,-0.0684,0.4,2190.0,2520.0,3190.0,6060.0,8130.000000000001,50.8
2026-04-24 06:52:00,64.3,0.259,0.6,2020.0,1190.0,4030.0000000000005,5880.0,8020.0,23.1
2026-04-24 06:53:00,64.2,0.0635,0.6,2470.0,2180.0,6040.0,5480.0,8000.0,29.7
2026-04-24 06:54:00,66.9,-0.0494,0.7,2070.0,2280.0,9030.0,5120.0,8020.0,20.9
2026-04-24 06:55:00,65.5,-0.201,0.7,2200.0,3310.0,12400.0,4900.0,8100.0,30.8
2026-04-24 06:56:00,66.0,-0.226,0.6,4720.0,7470.0,15100.0,4830.0,8090.0,37.9
2026-04-24 06:57:00,57.5,-0.183,0.5,6590.0,9550.0,16400.0,4740.0,8119.999999999999,61.4
2026-04-24 06:58:00,67.2,-0.259,0.5,5920.0,10100.0,15800.0,4680.0,8130.000000000001,45.6
2026-04-24 06:59:00,67.1,-0.201,0.5,6420.0,9640.0,13600.0,4520.0,8189.999999999999,51.5
2026-04-24 07:00:00,61.2,0.0353,0.5,5750.0,5360.0,10400.0,4410.0,8200.0,45.2
2026-04-24 07:01:00,63.1,-0.129,0.5,3170.0,4100.0,7340.0,4350.0,8160.0,42.9
2026-04-24 07:02:00,60.4,-0.238,0.4,2670.0,4340.0,4910.0,4400.0,8080.0,40.0
2026-04-24 07:03:00,60.2,-0.423,0.3,2320.0,5720.0,3400.0,4430.0,8010.0,45.8
2026-04-24 07:04:00,61.8,-0.501,0.3,2150.0,6460.0,3080.0,4650.0,7870.0,38.7
2026-04-24 07:05:00,66.3,-0.301,0.3,3240.0,6030.0,4350.0,4960.0,7760.0,25.8
2026-04-24 07:06:00,63.2,-0.16,0.5,3030.0,4190.0,7360.0,5050.0,7640.0,38.1
2026-04-24 07:07:00,63.3,0.041,0.7,2690.0,2480.0,11500.0,5110.0,7450.0,37.5
2026-04-24 07:08:00,63.3,-0.0137,0.7,2970.0,3060.0,15600.0,5230.0,7350.0,44.4
2026-04-24 07:09:00,70.5,-0.219,0.6,3840.0,5980.0,18100.0,5490.0,7280.0,32.9
2026-04-24 07:10:00,48.3,-0.0656,0.5,7280.0,8300.0,18100.0,5600.0,7240.0,66.7
2026-04-24 07:11:00,53.5,0.043,0.4,10300.0,9470.0,16000.0,5540.0,7150.0,83.3
2026-04-24 07:12:00,56.2,0.104,0.5,8780.0,7130.0,13400.0,5660.0,7070.0,66.1
2026-04-24 07:13:00,59.0,0.0733,0.5,7090.0,6120.0,12600.0,5880.0,7130.0,62.7
2026-04-24 07:14:00,57.6,-0.16,0.5,6770.0,9350.0,15000.0,5980.0,7280.0,58.6
2026-04-24 07:15:00,62.8,-0.215,0.6,6270.0,9710.0,20400.0,6150.0,7420.0,40.3
2026-04-24 07:16:00,70.0,-0.236,0.7,4780.0,7730.0,27000.0,6220.0,7560.0,27.1
2026-04-24 07:17:00,47.7,-0.0893,0.7,5950.0,7120.0,33200.0,6260.0,7690.0,64.6
2026-04-24 07:18:00,61.6,-0.0375,0.7,6460.0,6960.0,37300.0,6310.0,7830.0,60.0
2026-04-24 07:19:00,66.8,0.0683,0.8,6360.0,5540.0,38700.0,6370.0,7940.0,44.9
2026-04-24 07:20:00,58.6,0.241,0.8,5410.0,3310.0,37200.0,6420.0,8189.999999999999,56.9
2026-04-24 07:21:00,69.8,0.0878,0.8,3780.0,3170.0,33100.0,6430.0,8420.0,29.0
2026-04-24 07:22:00,62.8,-0.0639,0.8,4130.0,4700.0,27200.0,6420.0,8680.0,41.3
2026-04-24 07:23:00,92.5,-0.417,0.7,2710.0,6580.0,20600.0,6410.0,8990.0,16.3
2026-04-24 07:24:00,97.0,-0.637,0.8,693.0,3130.0,14100.0,6470.0,9450.0,0.0
2026-04-24 07:25:00,92.0,-0.655,0.8,386.0,1850.0,9030.0,6560.0,9870.0,6.52
2026-04-24 07:26:00,82.4,-0.696,0.6,518.0,2900.0,5810.0,6570.0,10200.0,12.2
2026-04-24 07:27:00,95.3,-0.724,0.4,768.0,4790.0,4090.0,6500.0,10500.0,0.0
2026-04-24 07:28:00,91.4,-0.69,0.3,1090.0,5910.0,3400.0,6430.0,10800.0,15.2
2026-04-24 07:29:00,100.0,-0.691,0.4,702.0,3840.0,3180.0,6400.0,11100.0,7.07
2026-04-24 07:30:00,99.9,-0.73,0.5,329.0,2110.0,2950.0,6410.0,11300.0,3.0
2026-04-24 07:31:00,97.4,-0.753,0.7,164.0,1160.0,2720.0,6420.0,11700.0,1.03
2026-04-24 07:32:00,94.8,-0.8,0.6,152.0,1370.0,2390.0,6340.0,11900.0,3.16
2026-04-24 07:33:00,99.7,-0.825,0.7,100.0,1040.0,2160.0,6370.0,12200.0,1.0
2026-04-24 07:34:00,101.0,-0.789,0.7,87.0,737.0,1720.0,6480.0,12400.0,0.0
2026-04-24 07:35:00,113.0,-0.761,0.7,79.9,589.0,1380.0,6650.0,12600.0,1.03
2026-04-24 07:49:00,101.0,-0.783,0.3,158.0,1310.0,759.0,7230.0,13300.0,2.44
2026-04-24 07:50:00,99.0,-0.777,0.4,144.0,1150.0,837.0,7140.0,13200.0,1.01
2026-04-24 07:51:00,105.0,-0.798,0.4,115.0,1020.0,860.0,7130.0,13200.0,1.9
2026-04-24 07:52:00,106.0,-0.82,0.5,83.5,846.0,842.0,6970.0,13000.0,0.943
2026-04-24 07:53:00,101.0,-0.806,0.4,107.0,995.0,866.0,6890.0,12900.0,0.0
2026-04-24 07:54:00,105.0,-0.848,0.4,120.0,1460.0,882.0,6790.0,12800.0,1.9
2026-04-24 07:55:00,101.0,-0.856,0.3,129.0,1670.0,948.0,6780.0,12700.0,2.02
2026-04-24 07:56:00,107.0,-0.784,0.4,180.0,1480.0,984.0,6730.0,12500.0,1.87
2026-04-24 07:57:00,103.0,-0.584,0.3,631.0,2400.0,1030.0,6560.0,12400.0,2.91
2026-04-24 07:58:00,115.0,-0.519,0.2,888.0,2800.0,1150.0,6510.0,12000.0,4.35
2026-04-24 07:59:00,111.0,-0.483,0.3,703.0,2020.0,1330.0,6610.0,11900.0,3.6
2026-04-24 08:00:00,104.0,-0.476,0.4,581.0,1640.0,1550.0,6720.0,11700.0,2.88
2026-04-24 08:01:00,94.3,-0.739,0.4,289.0,1930.0,1740.0,6730.0,11400.0,3.19
2026-04-24 08:02:00,97.1,-0.681,0.4,425.0,2240.0,1830.0,6760.0,11200.0,3.13
2026-04-24 08:03:00,88.0,-0.478,0.5,468.0,1330.0,1770.0,6840.0,10800.0,5.62
2026-04-24 08:04:00,84.3,-0.352,0.7,276.0,575.0,1590.0,6960.0,10400.0,0.0
2026-04-24 08:05:00,88.6,-0.383,0.7,201.0,450.0,1350.0,7070.0,10000.0,0.0
2026-04-24 08:06:00,89.4,-0.335,0.7,154.0,309.0,1110.0,7130.0,9760.0,0.0
2026-04-24 08:07:00,93.0,-0.163,0.7,182.0,253.0,951.0,7220.0,9340.0,0.0
2026-04-24 08:08:00,85.6,-0.361,0.6,217.0,463.0,886.0,7420.0,8900.0,0.0
2026-04-24 08:09:00,90.8,-0.472,0.5,196.0,545.0,897.0,7640.0,8430.0,0.0
2026-04-24 08:10:00,90.9,-0.572,0.5,196.0,720.0,933.0,7650.0,8180.0,0.0
2026-04-24 08:11:00,84.4,-0.56,0.5,255.0,904.0,951.0,7250.0,7170.0,1.18
2026-04-24 08:12:00,86.6,-0.433,0.5,293.0,740.0,936.0,6960.0,6370.0,0.0
2026-04-24 08:13:00,87.3,-0.384,0.5,277.0,623.0,897.0,6790.0,5730.0,1.16
2026-04-24 08:14:00,84.1,-0.267,0.6,239.0,414.0,870.0,6640.0,5120.0,0.0
2026-04-24 08:15:00,87.2,-0.183,0.7,177.0,256.0,896.0,6350.0,4500.0,0.0
2026-04-24 08:16:00,86.4,-0.407,0.6,165.0,393.0,1010.0,6000.0,4050.0,2.33
2026-04-24 08:17:00,86.0,-0.384,0.7,172.0,388.0,1210.0,5670.0,3730.0,0.0
2026-04-24 08:18:00,86.9,-0.368,0.8,154.0,334.0,1480.0,4910.0,3060.0,0.0
2026-04-24 08:19:00,83.6,-0.375,0.8,165.0,364.0,1760.0,4590.0,2690.0,0.0
2026-04-24 08:20:00,85.4,-0.366,0.7,256.0,552.0,1970.0,3920.0,2410.0,1.16
2026-04-24 08:21:00,85.1,-0.41,0.6,447.0,1070.0,2060.0,2970.0,2100.0,3.53
2026-04-24 08:22:00,82.2,-0.268,0.5,616.0,1070.0,2029.9999999999998,2290.0,1920.0,12.2
2026-04-24 08:23:00,75.8,0.063,0.6,620.0,547.0,1890.0,1980.0,1750.0,5.26
2026-04-24 08:24:00,78.3,0.0797,0.6,607.0,518.0,1690.0,2029.9999999999998,1740.0,0.0
2026-04-24 08:25:00,82.3,-0.137,0.6,487.0,642.0,1480.0,2040.0,1750.0,3.66
2026-04-24 08:26:00,86.3,-0.437,0.6,257.0,656.0,1300.0,1960.0,1730.0,0.0
2026-04-24 08:27:00,82.3,-0.54,0.6,195.0,653.0,1160.0,1810.0,1690.0,1.23
2026-04-24 08:28:00,83.6,-0.503,0.5,228.0,689.0,1070.0,1790.0,1690.0,0.0
2026-04-24 08:29:00,84.9,-0.391,0.5,281.0,642.0,997.0,1810.0,1700.0,1.2
2026-04-24 08:30:00,79.2,-0.256,0.5,313.0,528.0,941.0,1840.0,1730.0,1.25
2026-04-24 08:31:00,84.5,-0.15,0.6,296.0,400.0,905.0,1860.0,1770.0,0.0
2026-04-24 08:32:00,80.1,-0.0965,0.5,438.0,531.0,896.0,1840.0,1820.0,0.0
2026-04-24 08:33:00,78.8,-0.00635,0.4,557.0,564.0,915.0,1820.0,1880.0,5.06
2026-04-24 08:34:00,81.2,0.249,0.5,557.0,335.0,963.0,1840.0,1970.0,1.23
2026-04-24 08:35:00,82.7,0.216,0.5,562.0,362.0,1040.0,1880.0,2080.0,2.44
2026-04-24 08:36:00,83.1,-0.01,0.5,486.0,496.0,1150.0,1890.0,2150.0,2.41
2026-04-24 08:37:00,86.7,0.0112,0.6,447.0,437.0,1300.0,1890.0,2150.0,0.0
2026-04-24 08:38:00,82.1,-0.0444,0.6,508.0,555.0,1470.0,1890.0,2150.0,0.0
2026-04-24 08:39:00,79.5,-0.0896,0.6,487.0,583.0,1690.0,1890.0,2150.0,3.8
2026-04-24 08:40:00,83.6,-0.0246,0.7,418.0,439.0,2110.0,1890.0,2150.0,0.0
2026-04-24 08:41:00,86.2,-0.278,0.7,484.0,858.0,2900.0,1890.0,2150.0,4.65
2026-04-24 08:42:00,84.9,-0.405,0.7,475.0,1120.0,4050.0,1890.0,2150.0,5.88
2026-04-24 08:43:00,83.7,-0.436,0.8,328.0,836.0,5300.0,1890.0,2150.0,0.0
2026-04-24 08:44:00,86.0,-0.446,0.8,523.0,1370.0,6220.0,1890.0,2150.0,0.0
2026-04-24 08:45:00,77.8,-0.352,0.7,1090.0,2280.0,6480.0,1890.0,2150.0,27.3
2026-04-24 08:46:00,76.1,-0.243,0.7,881.0,1450.0,5990.0,1890.0,2150.0,14.5
2026-04-24 08:47:00,81.3,-0.157,0.8,482.0,662.0,5000.0,1890.0,2150.0,1.23
2026-04-24 08:48:00,83.8,-0.235,0.8,387.0,625.0,3950.0,1890.0,2150.0,2.38
2026-04-24 08:49:00,85.0,-0.342,0.8,325.0,663.0,3260.0,1890.0,2150.0,1.18
2026-04-24 08:50:00,96.2,-0.381,0.7,497.0,1110.0,3150.0,1930.0,2170.0,4.21
2026-04-24 08:51:00,98.4,-0.501,0.6,503.0,1520.0,3560.0,1960.0,2220.0,4.08
2026-04-24 08:52:00,96.1,-0.468,0.7,420.0,1160.0,4170.0,2020.0,2170.0,7.29
2026-04-24 08:53:00,83.9,-0.346,0.8,436.0,896.0,4450.0,2100.0,2080.0,5.95
2026-04-24 08:54:00,86.8,-0.54,0.8,271.0,907.0,4480.0,2150.0,2060.0,1.15
2026-04-24 08:55:00,104.0,-0.538,0.8,237.0,792.0,4470.0,2220.0,1950.0,0.971
2026-04-24 08:56:00,82.7,-0.27,0.8,387.0,672.0,4390.0,2300.0,1890.0,3.61
2026-04-24 08:57:00,81.4,-0.374,0.8,399.0,875.0,4110.0,2320.0,1700.0,7.41
2026-04-24 08:58:00,79.9,-0.551,0.8,360.0,1240.0,5200.0,2230.0,1570.0,10.0
2026-04-24 08:59:00,78.0,-0.606,0.7,400.0,1630.0,4190.0,1780.0,1230.0,8.97
2026-04-24 09:00:00,82.9,-0.614,0.5,459.0,1920.0,2690.0,1420.0,960.0,0.0
2026-04-24 09:01:00,78.8,-0.319,0.5,344.0,667.0,852.0,1330.0,673.0,0.0
2026-04-24 09:02:00,79.2,-0.347,0.5,231.0,477.0,791.0,1330.0,642.0,2.53
2026-04-24 09:03:00,79.7,-0.388,0.4,274.0,621.0,731.0,1380.0,590.0,0.0
2026-04-24 09:04:00,77.6,-0.457,0.4,313.0,839.0,724.0,1400.0,591.0,3.85
2026-04-24 09:05:00,75.3,-0.377,0.4,341.0,755.0,784.0,1410.0,617.0,2.67
2026-04-24 09:06:00,77.4,-0.379,0.5,355.0,788.0,972.0,1440.0,613.0,2.56
2026-04-24 09:07:00,75.4,-0.435,0.5,361.0,918.0,1170.0,1470.0,601.0,6.67
2026-04-24 09:08:00,75.8,-0.235,0.5,465.0,750.0,1340.0,1530.0,562.0,0.0
2026-04-24 09:09:00,79.5,0.381,0.5,408.0,183.0,635.0,1310.0,563.0,2.53
2026-04-24 09:10:00,78.1,0.307,0.5,467.0,248.0,774.0,1380.0,556.0,7.5
2026-04-24 09:15:00,83.8,0.28,0.4,681.0,383.0,867.0,1430.0,552.0,6.02
2026-04-24 09:16:00,72.5,0.241,0.3,649.0,396.0,463.0,1460.0,544.0,11.0
2026-04-24 09:17:00,71.9,0.295,0.2,592.0,322.0,268.0,1470.0,544.0,4.17
2026-04-24 09:18:00,74.6,0.423,0.3,449.0,182.0,243.0,1490.0,545.0,2.7
2026-04-24 09:19:00,75.1,0.369,0.3,363.0,167.0,276.0,1490.0,551.0,0.0
2026-04-24 09:20:00,76.5,0.234,0.4,378.0,234.0,331.0,1500.0,546.0,1.3
2026-04-24 09:21:00,76.0,0.174,0.4,350.0,246.0,401.0,1500.0,550.0,2.63
2026-04-24 09:22:00,74.9,0.0473,0.5,281.0,255.0,481.0,1530.0,558.0,0.0
2026-04-24 09:23:00,78.3,-0.428,0.4,217.0,542.0,591.0,1550.0,555.0,0.0
2026-04-24 09:24:00,78.7,-0.708,0.4,153.0,893.0,693.0,1530.0,510.0,1.28
2026-04-24 09:25:00,74.0,-0.684,0.4,172.0,916.0,768.0,1530.0,490.0,6.76
2026-04-24 09:26:00,74.0,-0.515,0.4,291.0,910.0,805.0,1530.0,488.0,4.05
2026-04-24 09:27:00,76.4,-0.336,0.4,368.0,740.0,810.0,1560.0,531.0,1.3
2026-04-24 09:28:00,78.9,-0.39,0.4,295.0,671.0,787.0,1560.0,496.0,0.0
2026-04-24 09:29:00,77.4,-0.486,0.4,295.0,853.0,737.0,1550.0,497.0,3.85
2026-04-24 09:30:00,73.6,-0.339,0.4,339.0,686.0,664.0,1540.0,506.0,2.74
2026-04-24 09:31:00,76.0,-0.197,0.4,345.0,515.0,578.0,1550.0,489.0,1.32
2026-04-24 09:32:00,74.4,-0.0916,0.4,391.0,470.0,508.0,1560.0,486.0,1.33
2026-04-24 09:33:00,74.7,-0.165,0.3,377.0,526.0,482.0,1550.0,468.0,2.7
2026-04-24 09:34:00,76.9,-0.0716,0.4,356.0,411.0,513.0,1540.0,456.0,2.6
2026-04-24 09:35:00,74.7,-0.0956,0.4,374.0,452.0,594.0,1540.0,461.0,0.0
2026-04-24 09:36:00,77.4,-0.361,0.4,367.0,782.0,695.0,1700.0,532.0,3.9
2026-04-24 09:37:00,76.6,-0.319,0.4,336.0,650.0,783.0,1910.0,620.0,0.0
2026-04-24 09:38:00,73.2,-0.0109,0.5,383.0,391.0,875.0,2190.0,769.0,2.7
2026-04-24 09:39:00,73.3,0.208,0.6,392.0,257.0,1150.0,2270.0,853.0,0.0
2026-04-24 09:40:00,76.4,0.233,0.7,489.0,304.0,1840.0,2220.0,926.0,2.67
2026-04-24 09:41:00,74.1,0.127,0.8,514.0,398.0,3060.0,2220.0,1120.0,2.7
2026-04-24 09:42:00,74.2,0.01,0.9,376.0,369.0,4580.0,2380.0,1320.0,0.0
2026-04-24 09:43:00,77.7,-0.455,0.8,467.0,1250.0,5950.0,2480.0,1450.0,0.0
2026-04-24 09:44:00,81.2,-0.534,0.6,990.0,3260.0,6650.0,2470.0,1650.0,12.5
2026-04-24 09:45:00,69.1,-0.421,0.7,978.0,2400.0,6400.0,2530.0,1880.0,23.2
2026-04-24 09:46:00,73.2,-0.103,0.8,782.0,961.0,5330.0,2560.0,1830.0,12.3
2026-04-24 09:47:00,67.1,0.0772,0.7,782.0,670.0,3960.0,2610.0,1800.0,19.4
2026-04-24 09:48:00,71.2,-0.2,0.7,511.0,765.0,2850.0,2590.0,1810.0,8.33
2026-04-24 09:49:00,70.5,-0.281,0.7,432.0,770.0,2290.0,2590.0,1800.0,2.86
2026-04-24 09:50:00,70.8,-0.122,0.7,464.0,594.0,2230.0,2630.0,1700.0,8.45
2026-04-24 09:51:00,75.0,-0.3,0.7,291.0,541.0,2350.0,2700.0,1490.0,2.67
2026-04-24 09:52:00,85.3,-0.662,0.8,130.0,638.0,2350.0,2910.0,1300.0,0.0
2026-04-24 09:53:00,82.9,-0.75,0.7,126.0,884.0,2300.0,3160.0,1180.0,0.0
2026-04-24 09:54:00,76.5,-0.467,0.7,251.0,690.0,2490.0,3250.0,1210.0,0.0
2026-04-24 09:55:00,77.1,-0.311,0.8,364.0,694.0,3250.0,3180.0,1220.0,2.6
2026-04-24 09:56:00,76.6,-0.275,0.8,417.0,733.0,4660.0,2950.0,1080.0,1.3
2026-04-24 09:57:00,78.4,-0.502,0.8,338.0,1020.0,6470.0,2940.0,1060.0,2.56
2026-04-24 09:58:00,82.3,-0.592,0.8,453.0,1770.0,8130.000000000001,2910.0,1080.0,12.3
2026-04-24 09:59:00,79.8,-0.249,0.8,860.0,1430.0,9050.0,2920.0,1070.0,21.3
2026-04-24 10:00:00,75.1,-0.0934,0.8,1060.0,1280.0,8950.0,2940.0,1030.0,16.0
2026-04-24 10:01:00,77.1,-0.27,0.8,929.0,1620.0,7980.0,2930.0,1040.0,22.1
2026-04-24 10:02:00,69.7,-0.173,0.8,893.0,1270.0,6640.0,2910.0,1060.0,21.7
2026-04-24 10:03:00,68.2,0.0146,0.8,893.0,867.0,5470.0,2910.0,1020.0,16.2
2026-04-24 10:04:00,75.8,-0.265,0.7,625.0,1070.0,4820.0,2880.0,1070.0,17.1
2026-04-24 10:05:00,75.6,-0.425,0.7,682.0,1690.0,4710.0,2870.0,1090.0,7.89
2026-04-24 10:06:00,74.5,-0.537,0.5,1340.0,4440.0,4960.0,2860.0,1100.0,12.2
2026-04-24 10:07:00,70.3,-0.632,0.4,1270.0,5630.0,5270.0,2860.0,1140.0,35.7
2026-04-24 10:08:00,69.9,-0.409,0.6,1300.0,3090.0,5400.0,2860.0,1150.0,20.0
2026-04-24 10:09:00,64.0,0.0617,0.6,1850.0,1630.0,5220.0,2880.0,1130.0,29.7
2026-04-24 10:10:00,69.8,-0.44,0.5,1200.0,3090.0,4680.0,2890.0,1140.0,31.4
2026-04-24 10:11:00,78.5,-0.735,0.5,505.0,3310.0,3930.0,2900.0,1150.0,10.3
2026-04-24 10:12:00,71.0,-0.512,0.6,462.0,1430.0,3160.0,2900.0,1150.0,9.86
2026-04-24 10:13:00,73.8,-0.0881,0.7,443.0,528.0,2540.0,2900.0,1150.0,2.7
2026-04-24 10:14:00,75.4,0.00575,0.7,369.0,365.0,2200.0,2900.0,1150.0,2.67
2026-04-24 10:15:00,79.4,-0.161,0.7,367.0,508.0,2110.0,2900.0,1150.0,1.25
2026-04-24 10:16:00,74.9,-0.419,0.6,347.0,847.0,2180.0,2920.0,1160.0,1.37
2026-04-24 10:17:00,74.6,-0.534,0.6,310.0,1020.0,2300.0,2930.0,1170.0,4.0
2026-04-24 10:18:00,73.2,-0.518,0.6,330.0,1040.0,2400.0,2950.0,1180.0,4.11
2026-04-24 10:19:00,78.9,-0.617,0.6,324.0,1370.0,2480.0,2980.0,1200.0,8.97
2026-04-24 10:20:00,73.2,-0.558,0.7,287.0,1010.0,2520.0,3000.0,1210.0,5.41
2026-04-24 10:21:00,78.7,-0.393,0.7,350.0,805.0,2650.0,3030.0,1220.0,1.28
2026-04-24 10:22:00,77.4,-0.571,0.6,405.0,1480.0,3160.0,3060.0,1230.0,12.8
2026-04-24 10:23:00,70.7,-0.46,0.7,456.0,1230.0,4430.0,3100.0,1240.0,7.14
2026-04-24 10:24:00,76.3,-0.0573,0.9,437.0,490.0,6640.0,3120.0,1250.0,1.3
2026-04-24 10:25:00,75.4,-0.341,0.9,404.0,822.0,9500.0,3170.0,1250.0,2.67
2026-04-24 10:26:00,82.6,-0.527,0.8,825.0,2660.0,12300.0,3190.0,1270.0,2.44
2026-04-24 10:27:00,64.4,-0.369,0.7,1730.0,3760.0,14300.0,3220.0,1280.0,40.6
2026-04-24 10:28:00,73.2,-0.232,0.8,1730.0,2780.0,14700.0,3250.0,1300.0,26.0
2026-04-24 10:29:00,73.4,-0.414,0.6,2240.0,5400.0,13500.0,3280.0,1310.0,23.0
2026-04-24 10:30:00,72.9,-0.446,0.4,4220.0,11000.0,11200.0,3320.0,1320.0,43.1
2026-04-24 10:31:00,69.8,-0.453,0.4,3110.0,8260.0,8690.0,3350.0,1330.0,42.9
2026-04-24 10:32:00,70.6,-0.444,0.7,886.0,2300.0,6630.0,3380.0,1350.0,10.0
2026-04-24 10:33:00,74.3,-0.312,0.8,425.0,811.0,5390.0,3420.0,1360.0,1.33
2026-04-24 10:34:00,76.3,-0.47,0.7,615.0,1710.0,4810.0,3450.0,1370.0,13.3
2026-04-24 10:35:00,90.9,-0.46,0.6,872.0,2360.0,4610.0,3480.0,1390.0,6.74
2026-04-24 10:36:00,87.3,-0.479,0.6,679.0,1930.0,4540.0,3520.0,1410.0,5.68
2026-04-24 10:37:00,91.6,-0.674,0.7,375.0,1930.0,4390.0,3550.0,1430.0,5.49
2026-04-24 10:38:00,82.7,-0.741,0.6,316.0,2120.0,4070.0000000000005,3580.0,1450.0,9.64
2026-04-24 10:39:00,81.3,-0.759,0.6,281.0,2050.0,3720.0,3630.0,1460.0,7.41
2026-04-24 10:40:00,93.1,-0.624,0.6,442.0,1910.0,3680.0,3670.0,1470.0,3.23
2026-04-24 10:41:00,91.8,-0.63,0.7,408.0,1800.0,4190.0,3710.0,1490.0,2.17
2026-04-24 10:42:00,86.6,-0.737,0.7,259.0,1710.0,5230.0,3760.0,1500.0,10.5
2026-04-24 10:43:00,92.2,-0.654,0.8,284.0,1360.0,6570.0,3820.0,1520.0,3.26
2026-04-24 10:44:00,95.2,-0.345,0.7,947.0,1950.0,7790.0,3840.0,1550.0,5.26
2026-04-24 10:45:00,71.0,-0.228,0.6,2500.0,3970.0,8480.0,3860.0,1610.0,43.7
2026-04-24 10:46:00,71.0,-0.206,0.6,2730.0,4150.0,8480.0,3900.0,1600.0,40.8
2026-04-24 10:47:00,77.9,-0.149,0.7,1570.0,2120.0,7910.0,3920.0,1620.0,26.9
2026-04-24 10:48:00,79.3,-0.224,0.7,1250.0,1970.0,7100.0,3890.0,1620.0,24.1
2026-04-24 10:49:00,69.0,-0.176,0.5,2550.0,3640.0,6340.0,3870.0,1640.0,43.5
2026-04-24 10:50:00,61.8,-0.176,0.4,3270.0,4670.0,5870.0,3830.0,1670.0,50.0
2026-04-24 10:51:00,63.2,-0.199,0.5,2520.0,3770.0,5680.0,3830.0,1720.0,36.5
2026-04-24 10:52:00,63.4,-0.0869,0.5,2220.0,2640.0,5640.0,3880.0,1750.0,29.0
2026-04-24 10:53:00,63.5,0.176,0.5,3090.0,2170.0,5510.0,3870.0,1750.0,46.9
2026-04-24 10:54:00,65.7,0.0703,0.5,2410.0,2100.0,5180.0,3920.0,1770.0,40.0
2026-04-24 10:55:00,72.9,-0.213,0.6,1170.0,1810.0,4670.0,3970.0,1800.0,28.8
2026-04-24 10:56:00,74.5,-0.353,0.6,757.0,1580.0,4050.0,4030.0000000000005,1830.0,20.0
2026-04-24 10:57:00,71.4,-0.145,0.7,656.0,878.0,3450.0,4090.0,1870.0,8.45
2026-04-24 10:58:00,74.8,-0.119,0.7,606.0,771.0,3060.0,4110.0,1910.0,9.33
2026-04-24 10:59:00,77.6,-0.215,0.7,602.0,932.0,2870.0,4100.0,1970.0,5.19
2026-04-24 11:00:00,74.0,-0.19,0.6,852.0,1250.0,2750.0,4120.0,2040.0,23.0
2026-04-24 11:01:00,72.8,-0.225,0.6,794.0,1250.0,2670.0,4190.0,2100.0,12.3
2026-04-24 11:02:00,78.3,-0.417,0.6,543.0,1320.0,2600.0,4280.0,2170.0,7.69
2026-04-24 11:03:00,70.2,-0.223,0.5,950.0,1500.0,2450.0,4280.0,2170.0,11.4
2026-04-24 11:04:00,72.8,-0.0519,0.4,1410.0,1560.0,2210.0,4320.0,2150.0,20.5
2026-04-24 11:05:00,73.9,-0.157,0.4,1050.0,1430.0,1880.0,4380.0,2210.0,18.9
2026-04-24 11:06:00,70.5,-0.108,0.5,754.0,937.0,1880.0,4460.0,2270.0,5.71
2026-04-24 11:07:00,74.5,0.115,0.6,715.0,568.0,1690.0,4520.0,2310.0,6.67
2026-04-24 11:08:00,84.5,0.109,0.5,702.0,564.0,1260.0,4560.0,2260.0,2.78
2026-04-24 11:09:00,74.8,-0.225,0.7,300.0,475.0,1980.0,2690.0,1030.0,1.35
2026-04-24 11:10:00,74.6,0.39,0.7,395.0,173.0,1490.0,2710.0,998.0,2.7
2026-04-24 11:11:00,74.5,0.443,0.7,401.0,155.0,1090.0,2700.0,961.0,0.0
2026-04-24 11:12:00,73.3,0.236,0.7,333.0,206.0,1020.0,2730.0,965.0,0.0
2026-04-24 11:13:00,74.1,0.282,0.7,332.0,186.0,1330.0,2790.0,936.0,1.35
2026-04-24 11:14:00,73.7,-0.0349,0.7,317.0,340.0,1940.0,2900.0,933.0,0.0
2026-04-24 11:15:00,85.0,-0.258,0.8,324.0,549.0,2650.0,2940.0,937.0,0.0
2026-04-24 11:16:00,87.5,-0.184,0.8,371.0,539.0,3220.0,2950.0,981.0,5.75
2026-04-24 11:17:00,75.4,-0.134,0.8,443.0,580.0,3520.0,2980.0,994.0,6.58
2026-04-24 11:18:00,72.8,-0.132,0.8,467.0,610.0,3480.0,3010.0,1010.0,0.0
2026-04-24 11:19:00,81.2,-0.185,0.7,473.0,688.0,3140.0,3040.0,1000.0,3.66
2026-04-24 11:20:00,71.5,0.0521,0.7,536.0,483.0,2630.0,3030.0,1050.0,0.0
2026-04-24 11:21:00,73.6,-0.0314,0.7,498.0,531.0,2070.0,3050.0,1050.0,4.11
2026-04-24 11:22:00,74.5,-0.221,0.6,411.0,644.0,1520.0,3050.0,1100.0,5.33
2026-04-24 11:23:00,72.4,0.0238,0.6,428.0,408.0,1060.0,3060.0,1130.0,4.17
2026-04-24 11:24:00,72.0,0.349,0.5,500.0,241.0,707.0,3060.0,1120.0,2.78
2026-04-24 11:25:00,74.0,0.273,0.4,512.0,293.0,475.0,3060.0,1160.0,4.05
2026-04-24 11:26:00,73.1,-0.185,0.2,468.0,681.0,360.0,3060.0,1200.0,1.37
2026-04-24 11:27:00,72.9,-0.105,0.2,555.0,686.0,322.0,3120.0,1230.0,2.74
2026-04-24 11:28:00,74.5,0.223,0.2,685.0,435.0,327.0,2960.0,1250.0,12.3
2026-04-24 11:29:00,75.3,0.302,0.3,594.0,318.0,339.0,2920.0,1290.0,0.0
2026-04-24 11:30:00,74.1,0.285,0.3,563.0,313.0,337.0,2900.0,1280.0,5.41
2026-04-24 11:31:00,73.1,0.2,0.2,598.0,399.0,316.0,3100.0,1240.0,6.85
2026-04-24 11:32:00,74.1,0.153,0.3,507.0,372.0,307.0,3600.0,1310.0,0.0
2026-04-24 11:33:00,75.5,0.0769,0.3,497.0,426.0,405.0,4290.0,1490.0,4.0
2026-04-24 11:34:00,75.0,0.329,0.5,502.0,253.0,729.0,4500.0,1630.0,0.0
2026-04-24 11:35:00,77.1,0.51,0.6,572.0,186.0,1390.0,4560.0,1750.0,1.3
2026-04-24 11:36:00,77.6,0.461,0.8,582.0,215.0,2390.0,4540.0,1680.0,3.85
2026-04-24 11:37:00,76.5,0.14,0.8,492.0,371.0,3620.0,4450.0,1720.0,1.32
2026-04-24 11:38:00,85.5,-0.00148,0.8,617.0,619.0,4700.0,4490.0,1730.0,11.8
2026-04-24 11:39:00,75.1,-0.0427,0.8,731.0,796.0,5310.0,4560.0,1850.0,5.33
2026-04-24 11:40:00,76.5,-0.0914,0.7,896.0,1080.0,5210.0,4540.0,2029.9999999999998,16.9
2026-04-24 11:41:00,67.5,0.143,0.7,870.0,652.0,4430.0,4380.0,1960.0,8.96
2026-04-24 11:42:00,71.0,0.421,0.8,690.0,281.0,3260.0,3960.0,2140.0,7.04
2026-04-24 11:43:00,70.9,0.202,0.6,699.0,464.0,2060.0,3670.0,2390.0,7.14
2026-04-24 11:44:00,72.5,0.0825,0.5,641.0,543.0,1100.0,3270.0,2700.0,5.41
2026-04-24 11:45:00,72.3,0.122,0.3,550.0,430.0,526.0,3010.0,2840.0,2.78
2026-04-24 11:46:00,72.5,0.178,0.2,603.0,421.0,273.0,2840.0,3080.0,1.41
2026-04-24 11:47:00,74.3,0.214,0.1,1010.0,651.0,221.0,2750.0,3190.0,9.46
2026-04-24 11:48:00,76.4,0.229,0.1,1220.0,766.0,231.0,2500.0,3580.0,13.0
2026-04-24 11:49:00,75.3,0.259,0.2,839.0,494.0,257.0,2480.0,3890.0,2.67
2026-04-24 11:50:00,74.6,-0.0143,0.2,641.0,660.0,288.0,2620.0,4230.0,9.46
2026-04-24 11:51:00,74.6,0.069,0.2,562.0,489.0,314.0,2530.0,4250.0,4.0
2026-04-24 11:52:00,76.4,0.415,0.3,486.0,201.0,328.0,2340.0,4330.0,1.32
2026-04-24 11:53:00,79.2,0.475,0.3,544.0,194.0,333.0,2140.0,4440.0,2.53
2026-04-24 11:54:00,78.2,0.405,0.3,659.0,279.0,341.0,2029.9999999999998,4550.0,2.53
2026-04-24 11:55:00,77.6,0.363,0.3,636.0,297.0,361.0,2020.0,4670.0,5.19
2026-04-24 11:56:00,77.7,0.241,0.3,609.0,372.0,399.0,2040.0,4760.0,3.85
2026-04-24 11:57:00,79.2,0.114,0.3,648.0,515.0,443.0,2029.9999999999998,4840.0,8.86
2026-04-24 11:58:00,77.5,0.0588,0.3,693.0,616.0,475.0,2020.0,4910.0,3.9
2026-04-24 11:59:00,75.0,-0.00122,0.2,859.0,861.0,475.0,2060.0,4970.0,8.0
2026-04-24 12:00:00,75.1,0.0854,0.3,678.0,571.0,434.0,2090.0,4980.0,6.67
2026-04-24 12:01:00,77.6,0.317,0.3,546.0,283.0,363.0,2110.0,5020.0,3.95
2026-04-24 12:02:00,77.9,0.147,0.2,550.0,409.0,283.0,2090.0,5020.0,2.56
2026-04-24 12:03:00,77.5,0.156,0.2,555.0,405.0,241.0,2050.0,5000.0,8.97
2026-04-24 12:04:00,76.4,0.444,0.3,654.0,252.0,345.0,2029.9999999999998,5010.0,2.63
2026-04-24 12:05:00,78.3,0.473,0.5,645.0,231.0,753.0,2050.0,5000.0,5.13
2026-04-24 12:06:00,78.3,0.432,0.7,504.0,200.0,1500.0,2080.0,4970.0,0.0
2026-04-24 12:07:00,77.5,0.319,0.7,578.0,298.0,2460.0,2060.0,4960.0,1.28
2026-04-24 12:08:00,78.2,0.0862,0.7,784.0,659.0,3320.0,1990.0,4910.0,10.3
2026-04-24 12:09:00,90.7,0.0449,0.7,1010.0,919.0,3800.0,1920.0,4810.0,3.3
2026-04-24 12:10:00,71.7,0.115,0.7,1110.0,879.0,3740.0,1910.0,4760.0,18.3
2026-04-24 12:11:00,68.3,0.205,0.7,846.0,558.0,3150.0,1910.0,4720.0,5.88
2026-04-24 12:12:00,69.3,0.124,0.6,837.0,653.0,2320.0,1920.0,4670.0,12.9
2026-04-24 12:13:00,66.4,-0.153,0.5,743.0,1010.0,1520.0,1930.0,4620.0,16.7
2026-04-24 12:14:00,70.6,-0.24,0.4,631.0,1030.0,967.0,1940.0,4560.0,2.82
2026-04-24 12:15:00,66.7,-0.226,0.3,611.0,968.0,688.0,1910.0,4510.0,14.1
2026-04-24 12:16:00,68.4,-0.0532,0.3,571.0,636.0,597.0,1740.0,4350.0,4.29
2026-04-24 12:17:00,68.3,-0.117,0.3,532.0,672.0,590.0,1630.0,4200.0,5.88
2026-04-24 12:18:00,70.0,-0.174,0.3,591.0,840.0,627.0,1630.0,4140.0,10.0
2026-04-24 12:19:00,67.7,-0.0242,0.4,628.0,659.0,695.0,1620.0,4090.0,2.99
2026-04-24 12:20:00,69.7,-0.141,0.3,679.0,901.0,760.0,1610.0,3980.0,7.14
2026-04-24 12:21:00,66.2,-0.226,0.3,623.0,987.0,793.0,1610.0,3940.0,15.2
2026-04-24 12:22:00,69.3,-0.188,0.4,522.0,765.0,796.0,1600.0,3870.0,2.9
2026-04-24 12:23:00,68.5,-0.172,0.3,638.0,903.0,808.0,1620.0,3800.0,7.35
2026-04-24 12:24:00,65.9,-0.288,0.3,713.0,1290.0,966.0,1640.0,3750.0,16.7
2026-04-24 12:25:00,66.1,-0.376,0.4,596.0,1310.0,1410.0,1640.0,3690.0,13.6
2026-04-24 12:26:00,67.5,-0.264,0.6,574.0,985.0,2160.0,1690.0,3620.0,5.88
2026-04-24 12:27:00,69.5,-0.229,0.6,663.0,1060.0,3140.0,1710.0,3560.0,15.7
2026-04-24 12:28:00,66.6,-0.23,0.7,650.0,1040.0,4150.0,1750.0,3520.0,9.09
2026-04-24 12:29:00,76.8,-0.279,0.7,747.0,1330.0,4900.0,1770.0,3450.0,6.49
2026-04-24 12:30:00,87.8,-0.411,0.7,623.0,1490.0,5180.0,1790.0,3370.0,6.82
2026-04-24 12:31:00,97.3,-0.369,0.7,685.0,1490.0,4940.0,1800.0,3330.0,5.15
2026-04-24 12:32:00,101.0,-0.394,0.6,1040.0,2390.0,4270.0,1810.0,3290.0,8.91
2026-04-24 12:33:00,87.2,-0.443,0.4,1560.0,4059.9999999999995,3400.0,1810.0,3250.0,19.5
2026-04-24 12:34:00,85.6,-0.445,0.4,1130.0,2930.0,2530.0,1810.0,3220.0,15.3
2026-04-24 12:35:00,81.9,-0.469,0.5,576.0,1590.0,1850.0,1830.0,3140.0,9.76
2026-04-24 12:36:00,88.9,-0.574,0.4,419.0,1550.0,1500.0,1800.0,3090.0,4.49
2026-04-24 12:37:00,89.7,-0.664,0.5,273.0,1350.0,1500.0,1720.0,3070.0,2.27
2026-04-24 12:38:00,90.9,-0.598,0.4,560.0,2230.0,1810.0,1640.0,3080.0,3.3
2026-04-24 12:39:00,94.5,-0.515,0.4,732.0,2290.0,2230.0,1490.0,3070.0,6.38
2026-04-24 12:40:00,83.4,-0.469,0.6,375.0,1040.0,2620.0,1500.0,3000.0,0.0
2026-04-24 12:41:00,99.2,-0.655,0.7,174.0,837.0,2880.0,1430.0,3020.0,3.03
2026-04-24 12:42:00,99.7,-0.765,0.7,124.0,931.0,3010.0,1420.0,3050.0,3.03
2026-04-24 12:43:00,103.0,-0.777,0.7,121.0,963.0,3080.0,1470.0,3070.0,0.971
2026-04-24 12:44:00,89.5,-0.765,0.7,140.0,1060.0,3270.0,1460.0,3040.0,3.37
2026-04-24 12:45:00,98.2,-0.591,0.7,343.0,1340.0,3670.0,1500.0,3010.0,1.01
2026-04-24 12:46:00,90.4,-0.523,0.7,404.0,1290.0,4230.0,1560.0,2980.0,4.44
2026-04-24 12:47:00,109.0,-0.686,0.9,114.0,611.0,4780.0,1540.0,2960.0,0.0
2026-04-24 12:48:00,103.0,-0.623,0.9,137.0,588.0,5020.0,1570.0,2940.0,0.0
2026-04-24 12:49:00,108.0,-0.311,0.8,388.0,739.0,4770.0,1640.0,2910.0,2.75
2026-04-24 12:50:00,90.3,-0.399,0.8,289.0,673.0,4030.0000000000005,1700.0,2880.0,0.0
2026-04-24 12:51:00,95.0,-0.673,0.7,188.0,966.0,2960.0,1830.0,2890.0,3.23
2026-04-24 12:52:00,98.5,-0.677,0.6,222.0,1150.0,1870.0,2060.0,2920.0,6.0
2026-04-24 12:53:00,98.9,-0.715,0.6,102.0,612.0,1010.0,2330.0,2970.0,0.0
2026-04-24 12:54:00,103.0,-0.812,0.6,35.2,340.0,511.0,2640.0,3050.0,0.0
2026-04-24 12:55:00,104.0,-0.735,0.4,58.5,383.0,339.0,2850.0,3130.0,0.0
2026-04-24 12:56:00,106.0,-0.639,0.3,169.0,768.0,368.0,2880.0,3120.0,2.86
2026-04-24 12:57:00,105.0,-0.718,0.3,130.0,793.0,464.0,2910.0,3120.0,0.952
2026-04-24 12:58:00,110.0,-0.833,0.4,74.5,819.0,564.0,2950.0,3100.0,0.0
2026-04-24 12:59:00,103.0,-0.764,0.3,213.0,1590.0,632.0,2990.0,3100.0,2.91
2026-04-24 13:00:00,109.0,-0.742,0.3,200.0,1350.0,648.0,3020.0,3120.0,0.0
2026-04-24 13:01:00,101.0,-0.774,0.4,90.8,713.0,608.0,3050.0,3140.0,1.98
2026-04-24 13:02:00,101.0,-0.825,0.5,48.9,510.0,538.0,3080.0,3160.0,0.0
2026-04-24 13:03:00,107.0,-0.862,0.6,25.9,349.0,471.0,3100.0,3180.0,0.0
2026-04-24 13:04:00,107.0,-0.85,0.5,30.2,374.0,435.0,3130.0,3200.0,0.0
2026-04-24 13:05:00,102.0,-0.85,0.5,37.0,457.0,438.0,3150.0,3230.0,0.0
2026-04-24 13:06:00,102.0,-0.819,0.3,83.4,839.0,476.0,3170.0,3270.0,0.0
2026-04-24 13:07:00,105.0,-0.768,0.3,138.0,1050.0,526.0,3190.0,3310.0,3.81
2026-04-24 13:08:00,104.0,-0.781,0.3,131.0,1060.0,565.0,3200.0,3360.0,3.85
2026-04-24 13:09:00,107.0,-0.793,0.4,103.0,890.0,582.0,3180.0,3420.0,0.0
2026-04-24 13:10:00,102.0,-0.749,0.3,152.0,1060.0,577.0,3060.0,3630.0,1.96
2026-04-24 13:11:00,102.0,-0.704,0.3,159.0,912.0,560.0,3090.0,3620.0,5.88
2026-04-24 13:12:00,106.0,-0.756,0.5,75.6,543.0,539.0,3140.0,3550.0,0.0
2026-04-24 13:13:00,106.0,-0.811,0.3,98.0,940.0,517.0,3190.0,3480.0,0.943
2026-04-24 13:14:00,106.0,-0.756,0.3,142.0,1020.0,491.0,3240.0,3340.0,2.83
2026-04-24 13:15:00,114.0,-0.696,0.5,76.5,427.0,454.0,3280.0,3260.0,0.0
2026-04-24 13:16:00,115.0,-0.748,0.7,19.2,133.0,412.0,3330.0,3090.0,0.0
2026-04-24 13:17:00,117.0,-0.818,0.8,9.47,94.5,392.0,3400.0,2930.0,0.0
2026-04-24 13:18:00,112.0,-0.76,0.8,11.6,85.4,432.0,3460.0,2760.0,0.0
2026-04-24 13:19:00,113.0,-0.77,0.8,18.4,142.0,552.0,3490.0,2600.0,0.0
2026-04-24 13:20:00,114.0,-0.0257,0.6,201.0,212.0,741.0,3520.0,2380.0,0.0
2026-04-24 13:21:00,124.0,0.144,0.5,503.0,376.0,949.0,3550.0,2190.0,4.03
2026-04-24 13:22:00,116.0,-0.34,0.6,275.0,558.0,1100.0,3580.0,1930.0,1.74
2026-04-24 13:23:00,110.0,-0.838,0.7,48.2,545.0,1160.0,3570.0,1710.0,0.0
2026-04-24 13:24:00,117.0,-0.886,0.7,22.6,372.0,1130.0,3470.0,1480.0,0.0
2026-04-24 13:25:00,105.0,-0.842,0.8,16.5,191.0,1060.0,3340.0,1230.0,0.0
2026-04-24 13:26:00,111.0,-0.793,0.8,33.4,290.0,986.0,3200.0,991.0,0.0
2026-04-24 13:27:00,105.0,-0.822,0.4,108.0,1100.0,948.0,3030.0,794.0,3.81
2026-04-24 13:28:00,112.0,-0.795,0.4,125.0,1090.0,930.0,2730.0,642.0,0.0
2026-04-24 13:29:00,117.0,-0.696,0.6,90.4,504.0,919.0,2400.0,506.0,0.0
2026-04-24 13:30:00,110.0,-0.772,0.6,66.1,513.0,922.0,2320.0,449.0,0.926
2026-04-24 13:31:00,114.0,-0.808,0.7,31.7,298.0,961.0,2370.0,438.0,0.0
2026-04-24 13:32:00,112.0,-0.744,0.9,20.9,142.0,1040.0,2360.0,464.0,0.0
2026-04-24 13:33:00,112.0,-0.799,0.8,22.5,202.0,1150.0,2360.0,519.0,0.0
2026-04-24 13:34:00,127.0,-0.861,0.9,14.4,193.0,1270.0,2360.0,491.0,0.0
2026-04-24 13:35:00,120.0,-0.872,0.9,9.75,142.0,1400.0,2310.0,452.0,0.0
2026-04-24 13:36:00,115.0,-0.8,0.9,11.5,103.0,1520.0,2270.0,398.0,0.0
2026-04-24 13:37:00,111.0,-0.623,0.9,19.1,81.9,1620.0,2300.0,378.0,0.0
2026-04-24 13:38:00,119.0,-0.686,0.9,20.7,111.0,1700.0,2320.0,363.0,0.0
2026-04-24 13:39:00,141.0,-0.865,0.5,99.9,1380.0,1710.0,2320.0,351.0,0.0
2026-04-24 13:40:00,116.0,-0.854,0.4,212.0,2690.0,1630.0,2310.0,351.0,6.03
2026-04-24 13:41:00,114.0,-0.755,0.5,189.0,1360.0,1450.0,2270.0,325.0,0.885
2026-04-24 13:42:00,113.0,-0.637,0.7,95.6,431.0,1210.0,2290.0,333.0,0.0
2026-04-24 13:43:00,134.0,-0.819,0.9,12.0,121.0,965.0,2320.0,343.0,0.0
2026-04-24 13:44:00,140.0,-0.784,1.0,2.68,22.2,799.0,2350.0,361.0,0.0
2026-04-24 13:45:00,141.0,-0.576,0.9,9.75,36.2,757.0,2290.0,347.0,0.0
2026-04-24 13:46:00,129.0,-0.647,0.8,43.0,201.0,811.0,2310.0,353.0,1.56
2026-04-24 13:47:00,122.0,-0.705,0.6,87.3,505.0,883.0,2350.0,350.0,1.64
2026-04-24 13:48:00,121.0,-0.706,0.6,77.0,446.0,914.0,2320.0,370.0,0.84
2026-04-24 13:49:00,120.0,-0.679,0.6,92.7,486.0,976.0,2350.0,386.0,0.0
2026-04-24 13:50:00,102.0,-0.664,0.6,141.0,699.0,1040.0,2370.0,425.0,0.971
2026-04-24 13:51:00,99.3,-0.608,0.7,110.0,450.0,1070.0,2310.0,405.0,0.0
2026-04-24 13:52:00,101.0,-0.682,0.7,82.2,435.0,1320.0,2310.0,404.0,1.98
2026-04-24 13:53:00,95.5,-0.775,0.6,90.7,715.0,1250.0,2330.0,411.0,0.0
2026-04-24 13:54:00,93.3,-0.788,0.5,115.0,969.0,1110.0,2350.0,420.0,0.0
2026-04-24 13:55:00,92.2,-0.665,0.5,190.0,945.0,936.0,2480.0,5150.0,1.09
2026-04-24 13:56:00,94.2,-0.645,0.6,148.0,685.0,1090.0,2470.0,5110.0,1.06
2026-04-24 13:57:00,88.3,-0.713,0.5,145.0,869.0,1220.0,2480.0,5070.0,0.0
2026-04-24 13:58:00,90.2,-0.711,0.4,257.0,1520.0,1260.0,2510.0,5010.0,5.56
2026-04-24 13:59:00,86.1,-0.505,0.5,300.0,912.0,1200.0,2540.0,4970.0,0.0
2026-04-24 14:00:00,81.3,0.242,0.7,324.0,198.0,1050.0,2540.0,4900.0,0.0
2026-04-24 14:01:00,82.5,0.384,0.7,273.0,122.0,882.0,2530.0,4850.0,0.0
2026-04-24 14:02:00,86.2,0.154,0.7,190.0,139.0,732.0,2520.0,4750.0,0.0
2026-04-24 14:03:00,82.2,0.426,0.7,217.0,87.5,636.0,2540.0,4690.0,0.0
2026-04-24 14:04:00,82.8,0.268,0.6,206.0,119.0,595.0,2570.0,4670.0,0.0
2026-04-24 14:05:00,87.6,-0.0305,0.6,176.0,187.0,596.0,2580.0,4640.0,0.0
2026-04-24 14:06:00,86.4,0.00994,0.7,146.0,144.0,622.0,2550.0,4580.0,0.0
2026-04-24 14:07:00,85.2,-0.254,0.7,125.0,210.0,670.0,2530.0,4530.0,0.0
2026-04-24 14:08:00,88.7,-0.375,0.6,157.0,345.0,746.0,2530.0,4490.0,1.14
2026-04-24 14:09:00,86.5,-0.2,0.7,163.0,245.0,835.0,2540.0,4450.0,0.0
2026-04-24 14:10:00,86.9,-0.375,0.7,134.0,295.0,908.0,2530.0,4430.0,0.0
2026-04-24 14:11:00,90.7,-0.468,0.6,152.0,420.0,929.0,2480.0,4380.0,0.0
2026-04-24 14:12:00,82.3,-0.0992,0.6,272.0,332.0,872.0,2440.0,4330.0,1.22
2026-04-24 14:13:00,80.9,0.284,0.6,291.0,162.0,743.0,2420.0,4300.0,2.47
2026-04-24 14:14:00,84.5,0.306,0.7,202.0,108.0,580.0,2410.0,4270.0,0.0
2026-04-24 14:15:00,84.9,0.238,0.6,162.0,99.6,426.0,2430.0,4230.0,0.0
2026-04-24 14:16:00,85.2,0.362,0.5,224.0,105.0,330.0,2460.0,4250.0,1.18
2026-04-24 14:17:00,81.1,0.291,0.4,318.0,175.0,331.0,2500.0,4260.0,0.0
2026-04-24 14:18:00,81.5,0.339,0.5,277.0,137.0,439.0,2530.0,4290.0,0.0
2026-04-24 14:19:00,84.5,0.465,0.7,196.0,71.6,652.0,2570.0,4290.0,0.0
2026-04-24 14:20:00,84.7,-0.369,0.6,180.0,391.0,973.0,2620.0,4300.0,0.0
2026-04-24 14:21:00,87.3,-0.683,0.5,217.0,1150.0,1430.0,2670.0,4320.0,6.9
2026-04-24 14:22:00,89.4,-0.667,0.6,267.0,1330.0,2000.0,2680.0,4410.0,1.12
2026-04-24 14:23:00,81.1,-0.384,0.7,346.0,776.0,2610.0,2720.0,4450.0,3.7
2026-04-24 14:24:00,82.2,0.0253,0.8,287.0,272.0,3070.0,2800.0,4450.0,0.0
2026-04-24 14:25:00,97.9,-0.379,0.9,156.0,347.0,3240.0,2810.0,4510.0,0.0
2026-04-24 14:26:00,109.0,-0.756,0.7,163.0,1170.0,3070.0,2800.0,4490.0,0.0
2026-04-24 14:27:00,97.7,-0.765,0.4,413.0,3100.0,2700.0,2810.0,4520.0,3.06
2026-04-24 14:28:00,97.5,-0.755,0.3,689.0,4940.0,2300.0,2830.0,4540.0,8.25
2026-04-24 14:29:00,94.8,-0.766,0.2,745.0,5630.0,2000.0,2880.0,4580.0,10.5
2026-04-24 14:30:00,96.3,-0.805,0.2,599.0,5550.0,1860.0,2910.0,4650.0,9.38
2026-04-24 14:31:00,105.0,-0.801,0.4,309.0,2790.0,1800.0,2900.0,4710.0,4.76
2026-04-24 14:32:00,97.9,-0.708,0.5,258.0,1510.0,1750.0,2920.0,4770.0,1.02
2026-04-24 14:33:00,86.7,-0.697,0.3,525.0,2940.0,1610.0,2950.0,4850.0,11.6
2026-04-24 14:34:00,84.3,-0.734,0.2,616.0,4010.0,1450.0,2990.0,4930.0,14.3
2026-04-24 14:35:00,85.1,-0.782,0.2,471.0,3860.0,1370.0,3110.0,4910.0,8.33
2026-04-24 14:36:00,85.6,-0.798,0.3,390.0,3470.0,1440.0,3230.0,4930.0,12.9
2026-04-24 14:37:00,96.5,-0.775,0.4,270.0,2130.0,1680.0,3320.0,4970.0,2.04
2026-04-24 14:38:00,95.4,-0.704,0.6,180.0,1040.0,2029.9999999999998,3360.0,5050.0,4.17
2026-04-24 14:39:00,100.0,-0.563,0.8,158.0,565.0,2350.0,3390.0,5020.0,3.0
2026-04-24 14:40:00,107.0,-0.461,0.7,309.0,836.0,2540.0,3650.0,4650.0,1.87
2026-04-24 14:41:00,85.9,-0.33,0.6,508.0,1010.0,2530.0,3830.0,4610.0,10.6
2026-04-24 14:42:00,75.0,-0.172,0.7,478.0,678.0,2340.0,4000.0,4580.0,5.41
2026-04-24 14:43:00,79.3,-0.206,0.7,384.0,583.0,2040.0,4100.0,4550.0,5.06
2026-04-24 14:44:00,78.9,-0.222,0.7,309.0,485.0,1780.0,3940.0,4090.0,1.27
2026-04-24 14:45:00,82.9,-0.146,0.8,234.0,314.0,1660.0,3600.0,3490.0,1.2
2026-04-24 14:46:00,82.8,-0.349,0.8,178.0,369.0,1650.0,3260.0,2880.0,0.0
2026-04-24 14:47:00,78.5,-0.282,0.8,186.0,332.0,1680.0,3020.0,2480.0,0.0
2026-04-24 14:48:00,81.1,-0.31,0.7,233.0,443.0,1660.0,2760.0,2200.0,2.47
2026-04-24 14:49:00,77.5,-0.398,0.6,262.0,607.0,1580.0,2410.0,1950.0,3.85
2026-04-24 14:50:00,81.7,-0.46,0.6,238.0,643.0,1450.0,2220.0,1760.0,1.23
2026-04-24 14:51:00,83.8,-0.575,0.6,199.0,737.0,1360.0,2200.0,1730.0,1.19
2026-04-24 14:52:00,81.4,-0.335,0.7,179.0,360.0,1330.0,2200.0,1740.0,0.0
2026-04-24 14:53:00,81.1,-0.344,0.6,246.0,503.0,1350.0,2210.0,1750.0,0.0
2026-04-24 14:54:00,85.5,-0.539,0.3,622.0,2080.0,1370.0,2240.0,1790.0,3.53
2026-04-24 14:55:00,77.3,-0.452,0.3,790.0,2100.0,1400.0,2260.0,1840.0,10.3
2026-04-24 14:56:00,78.8,-0.119,0.5,570.0,723.0,1380.0,2270.0,1900.0,5.13
2026-04-24 14:57:00,79.6,0.119,0.6,452.0,356.0,1330.0,2300.0,1980.0,2.5
2026-04-24 14:58:00,82.1,-0.168,0.6,342.0,480.0,1140.0,2330.0,2040.0,0.0
2026-04-24 14:59:00,82.3,-0.271,0.6,280.0,489.0,963.0,2370.0,2120.0,1.22
2026-04-24 15:00:00,82.4,-0.11,0.5,284.0,355.0,642.0,2410.0,2150.0,0.0
2026-04-24 15:01:00,87.4,0.111,0.5,305.0,244.0,491.0,2440.0,2120.0,5.48
2026-04-24 15:02:00,80.3,-0.632,0.5,365.0,1620.0,1900.0,1810.0,1330.0,8.75
2026-04-24 15:03:00,79.6,-0.612,0.6,245.0,1020.0,1570.0,1810.0,1290.0,2.5
2026-04-24 15:04:00,81.1,-0.487,0.7,174.0,505.0,1280.0,1810.0,1210.0,1.23
2026-04-24 15:05:00,79.3,-0.375,0.7,200.0,439.0,1230.0,1850.0,1140.0,1.27
2026-04-24 15:06:00,78.9,-0.218,0.7,229.0,357.0,1500.0,1870.0,1110.0,0.0
2026-04-24 15:07:00,78.3,-0.435,0.6,382.0,970.0,1970.0,1880.0,1060.0,1.28
2026-04-24 15:08:00,82.0,-0.453,0.5,555.0,1480.0,2400.0,1900.0,1000.0,11.0
2026-04-24 15:09:00,85.0,-0.369,0.6,451.0,979.0,2610.0,1920.0,977.0,4.71
2026-04-24 15:10:00,75.5,-0.12,0.8,328.0,417.0,2560.0,1960.0,931.0,6.67
2026-04-24 15:11:00,74.4,0.0722,0.8,285.0,246.0,2320.0,1990.0,896.0,1.33
2026-04-24 15:12:00,76.9,-0.0419,0.8,234.0,254.0,2020.0,2000.0,894.0,0.0
2026-04-24 15:13:00,75.2,-0.123,0.8,233.0,299.0,1770.0,1970.0,818.0,0.0
2026-04-24 15:14:00,78.4,-0.315,0.6,319.0,613.0,1590.0,1960.0,750.0,3.85
2026-04-24 15:15:00,73.9,-0.311,0.6,343.0,652.0,1430.0,1980.0,740.0,4.11
2026-04-24 15:16:00,74.3,-0.171,0.6,342.0,482.0,1240.0,2050.0,756.0,0.0
2026-04-24 15:17:00,69.8,0.0206,0.5,604.0,580.0,987.0,2120.0,834.0,10.1
2026-04-24 15:18:00,69.0,0.0988,0.4,704.0,577.0,741.0,2040.0,807.0,7.25
2026-04-24 15:19:00,70.2,0.0922,0.3,634.0,527.0,565.0,1990.0,795.0,5.71
2026-04-24 15:20:00,69.6,0.257,0.3,681.0,402.0,478.0,1980.0,800.0,10.1
2026-04-24 15:21:00,69.3,0.131,0.2,830.0,638.0,448.0,1980.0,814.0,10.0
2026-04-24 15:22:00,69.6,-0.039,0.2,806.0,871.0,431.0,1960.0,832.0,15.9
2026-04-24 15:23:00,70.2,-0.0469,0.2,599.0,658.0,410.0,1960.0,846.0,8.57
2026-04-24 15:24:00,71.8,0.153,0.3,491.0,360.0,384.0,1810.0,906.0,1.39
2026-04-24 15:25:00,74.1,0.179,0.3,421.0,294.0,370.0,1770.0,977.0,4.05
2026-04-24 15:26:00,74.0,-0.00814,0.4,351.0,357.0,404.0,1740.0,934.0,4.05
2026-04-24 15:27:00,74.3,-0.0202,0.4,320.0,333.0,521.0,1750.0,804.0,1.35
2026-04-24 15:28:00,72.9,-0.0547,0.5,374.0,417.0,717.0,1800.0,757.0,0.0
2026-04-24 15:29:00,73.0,-0.221,0.5,413.0,647.0,950.0,1850.0,707.0,6.85
2026-04-24 15:30:00,76.8,-0.335,0.5,325.0,653.0,1130.0,1870.0,673.0,0.0
2026-04-24 15:31:00,77.9,-0.227,0.6,256.0,406.0,1200.0,1840.0,626.0,0.0
2026-04-24 15:32:00,79.2,-0.152,0.7,220.0,299.0,1140.0,1750.0,530.0,0.0
2026-04-24 15:33:00,74.8,-0.16,0.6,261.0,360.0,966.0,1780.0,484.0,0.0
2026-04-24 15:34:00,75.8,-0.112,0.5,350.0,438.0,745.0,1810.0,486.0,2.63
2026-04-24 15:35:00,74.2,-0.165,0.4,328.0,457.0,547.0,1820.0,498.0,0.0
2026-04-24 15:36:00,74.6,-0.383,0.3,322.0,721.0,415.0,1840.0,506.0,4.0
2026-04-24 15:37:00,73.7,-0.477,0.2,382.0,1080.0,350.0,1860.0,510.0,4.11
2026-04-24 15:38:00,73.5,-0.518,0.2,425.0,1340.0,328.0,1790.0,464.0,2.7
2026-04-24 15:39:00,72.5,-0.488,0.2,402.0,1170.0,321.0,1590.0,433.0,8.33
2026-04-24 15:40:00,74.9,-0.234,0.3,352.0,567.0,320.0,1140.0,414.0,4.0
2026-04-24 15:41:00,75.4,-0.189,0.3,336.0,492.0,322.0,777.0,452.0,0.0
2026-04-24 15:42:00,73.9,-0.469,0.2,341.0,944.0,327.0,791.0,475.0,4.05
2026-04-24 15:43:00,72.7,-0.333,0.2,454.0,908.0,342.0,777.0,466.0,9.59
2026-04-24 15:44:00,71.5,-0.0368,0.2,597.0,643.0,374.0,784.0,471.0,4.23
2026-04-24 15:45:00,70.8,-0.198,0.2,659.0,984.0,429.0,798.0,477.0,9.86
2026-04-24 15:46:00,69.6,-0.321,0.2,675.0,1310.0,511.0,802.0,484.0,15.7
2026-04-24 15:47:00,70.3,-0.279,0.3,559.0,991.0,610.0,813.0,492.0,5.8
2026-04-24 15:48:00,73.1,-0.471,0.3,464.0,1290.0,708.0,818.0,501.0,2.7
2026-04-24 15:49:00,68.9,-0.627,0.2,497.0,2170.0,775.0,832.0,508.0,20.6
2026-04-24 15:50:00,71.6,-0.46,0.3,557.0,1500.0,813.0,835.0,523.0,2.78
2026-04-24 15:51:00,72.2,-0.0821,0.4,713.0,840.0,909.0,849.0,523.0,5.48
2026-04-24 15:52:00,70.5,-0.138,0.4,699.0,923.0,1190.0,873.0,510.0,8.57
2026-04-24 15:53:00,70.8,-0.219,0.5,707.0,1100.0,1730.0,887.0,506.0,7.14
2026-04-24 15:54:00,69.4,-0.277,0.6,700.0,1240.0,2540.0,899.0,502.0,13.0
2026-04-24 15:55:00,69.8,-0.429,0.6,690.0,1730.0,3600.0,946.0,461.0,10.0
2026-04-24 15:56:00,77.0,-0.431,0.6,914.0,2300.0,4840.0,945.0,481.0,13.0
2026-04-24 15:57:00,69.4,-0.213,0.7,873.0,1340.0,5990.0,958.0,489.0,13.0
2026-04-24 15:58:00,72.1,-0.0935,0.8,548.0,661.0,6770.0,976.0,489.0,2.78
2026-04-24 15:59:00,81.7,-0.196,0.8,723.0,1080.0,6890.0,991.0,458.0,9.76
2026-04-24 16:00:00,70.6,0.116,0.8,1150.0,912.0,6260.0,1000.0,420.0,24.3
2026-04-24 16:01:00,67.8,0.193,0.8,867.0,587.0,5050.0,1000.0,379.0,22.1
2026-04-24 16:02:00,69.1,0.0644,0.8,497.0,437.0,3530.0,1040.0,305.0,2.9
2026-04-24 16:03:00,70.5,0.236,0.7,461.0,285.0,2110.0,1060.0,278.0,2.86
2026-04-24 16:04:00,72.2,0.299,0.6,477.0,257.0,1070.0,1070.0,257.0,2.74
2026-04-24 16:05:00,70.3,0.141,0.3,556.0,418.0,508.0,1080.0,222.0,4.29
2026-04-24 16:06:00,69.3,0.043,0.2,602.0,553.0,306.0,1110.0,202.0,2.9
2026-04-24 16:07:00,69.4,-0.113,0.2,639.0,803.0,271.0,1130.0,185.0,10.0
2026-04-24 16:08:00,68.7,-0.108,0.2,670.0,832.0,294.0,1110.0,173.0,14.9
2026-04-24 16:09:00,69.2,-0.00218,0.2,707.0,711.0,404.0,1020.0,150.0,5.71
2026-04-24 16:10:00,70.8,-0.0387,0.3,783.0,846.0,559.0,909.0,148.0,5.71
2026-04-24 16:11:00,68.9,-0.0131,0.3,846.0,868.0,649.0,917.0,153.0,15.9
2026-04-24 16:12:00,68.9,-0.178,0.3,734.0,1050.0,750.0,928.0,157.0,14.5
2026-04-24 16:13:00,71.7,-0.22,0.4,540.0,844.0,895.0,912.0,174.0,5.63
2026-04-24 16:14:00,75.7,-0.432,0.4,565.0,1420.0,1100.0,903.0,187.0,0.0
2026-04-24 16:15:00,77.1,-0.393,0.3,928.0,2130.0,1630.0,827.0,231.0,14.3
2026-04-24 16:16:00,82.5,-0.131,0.4,1410.0,1830.0,2180.0,828.0,245.0,9.76
2026-04-24 16:17:00,69.0,0.342,0.5,2200.0,1080.0,3150.0,829.0,266.0,30.3
