freq_hz,period_s,power_ms2hz,tier
5.00000000e-07,2.0000e+06,1.503242e+09,circadian
6.24530663e-07,1.6012e+06,1.504194e+09,circadian
7.49061327e-07,1.3350e+06,1.505361e+09,circadian
8.73591990e-07,1.1447e+06,1.506744e+09,circadian
9.98122653e-07,1.0019e+06,1.508346e+09,circadian
1.12265332e-06,8.9075e+05,1.510171e+09,circadian
1.24718398e-06,8.0181e+05,1.512222e+09,circadian
1.37171464e-06,7.2901e+05,1.514504e+09,circadian
1.49624531e-06,6.6834e+05,1.517019e+09,circadian
1.62077597e-06,6.1699e+05,1.519775e+09,circadian
1.74530663e-06,5.7297e+05,1.522775e+09,circadian
1.86983730e-06,5.3481e+05,1.526028e+09,circadian
1.99436796e-06,5.0141e+05,1.529539e+09,circadian
2.11889862e-06,4.7194e+05,1.533315e+09,circadian
2.24342929e-06,4.4575e+05,1.537366e+09,circadian
2.36795995e-06,4.2230e+05,1.541700e+09,circadian
2.49249061e-06,4.0121e+05,1.546327e+09,circadian
2.61702128e-06,3.8211e+05,1.551258e+09,circadian
2.74155194e-06,3.6476e+05,1.556504e+09,circadian
2.86608260e-06,3.4891e+05,1.562078e+09,circadian
2.99061327e-06,3.3438e+05,1.567993e+09,circadian
3.11514393e-06,3.2101e+05,1.574265e+09,circadian
3.23967459e-06,3.0867e+05,1.580909e+09,circadian
3.36420526e-06,2.9725e+05,1.587943e+09,circadian
3.48873592e-06,2.8664e+05,1.595385e+09,circadian
3.61326658e-06,2.7676e+05,1.603257e+09,circadian
3.73779725e-06,2.6754e+05,1.611579e+09,circadian
3.86232791e-06,2.5891e+05,1.620377e+09,circadian
3.98685857e-06,2.5082e+05,1.629675e+09,circadian
4.11138924e-06,2.4323e+05,1.639501e+09,circadian
4.23591990e-06,2.3608e+05,1.649886e+09,circadian
4.36045056e-06,2.2933e+05,1.660862e+09,circadian
4.48498123e-06,2.2297e+05,1.672463e+09,circadian
4.60951189e-06,2.1694e+05,1.684728e+09,circadian
4.73404255e-06,2.1124e+05,1.697696e+09,circadian
4.85857322e-06,2.0582e+05,1.711412e+09,circadian
4.98310388e-06,2.0068e+05,1.725921e+09,circadian
5.10763454e-06,1.9579e+05,1.741274e+09,circadian
5.23216521e-06,1.9113e+05,1.757524e+09,circadian
5.35669587e-06,1.8668e+05,1.774729e+09,circadian
5.48122653e-06,1.8244e+05,1.792949e+09,circadian
5.60575720e-06,1.7839e+05,1.812249e+09,circadian
5.73028786e-06,1.7451e+05,1.832697e+09,circadian
5.85481852e-06,1.7080e+05,1.854366e+09,circadian
5.97934919e-06,1.6724e+05,1.877330e+09,circadian
6.10387985e-06,1.6383e+05,1.901671e+09,circadian
6.22841051e-06,1.6055e+05,1.927469e+09,circadian
6.35294118e-06,1.5741e+05,1.954810e+09,circadian
6.47747184e-06,1.5438e+05,1.983782e+09,circadian
6.60200250e-06,1.5147e+05,2.014472e+09,circadian
6.72653317e-06,1.4866e+05,2.046970e+09,circadian
6.85106383e-06,1.4596e+05,2.081364e+09,circadian
6.97559449e-06,1.4336e+05,2.117739e+09,circadian
7.10012516e-06,1.4084e+05,2.156178e+09,circadian
7.22465582e-06,1.3841e+05,2.196755e+09,circadian
7.34918648e-06,1.3607e+05,2.239538e+09,circadian
7.47371715e-06,1.3380e+05,2.284584e+09,circadian
7.59824781e-06,1.3161e+05,2.331935e+09,circadian
7.72277847e-06,1.2949e+05,2.381617e+09,circadian
7.84730914e-06,1.2743e+05,2.433638e+09,circadian
7.97183980e-06,1.2544e+05,2.487981e+09,circadian
8.09637046e-06,1.2351e+05,2.544604e+09,circadian
8.22090113e-06,1.2164e+05,2.603436e+09,circadian
8.34543179e-06,1.1983e+05,2.664374e+09,circadian
8.46996245e-06,1.1806e+05,2.727284e+09,circadian
8.59449312e-06,1.1635e+05,2.791993e+09,circadian
8.71902378e-06,1.1469e+05,2.858297e+09,circadian
8.84355444e-06,1.1308e+05,2.925956e+09,circadian
8.96808511e-06,1.1151e+05,2.994694e+09,circadian
9.09261577e-06,1.0998e+05,3.064205e+09,circadian
9.21714643e-06,1.0849e+05,3.134158e+09,circadian
9.34167710e-06,1.0705e+05,3.204193e+09,circadian
9.46620776e-06,1.0564e+05,3.273936e+09,circadian
9.59073842e-06,1.0427e+05,3.342997e+09,circadian
9.71526909e-06,1.0293e+05,3.410979e+09,circadian
9.83979975e-06,1.0163e+05,3.477484e+09,circadian
9.96433041e-06,1.0036e+05,3.542116e+09,circadian
1.00888611e-05,9.9119e+04,3.604489e+09,circadian
1.02133917e-05,9.7911e+04,3.664227e+09,circadian
1.03379224e-05,9.6731e+04,3.720973e+09,circadian
1.04624531e-05,9.5580e+04,3.774384e+09,circadian
1.05869837e-05,9.4456e+04,3.824141e+09,circadian
1.07115144e-05,9.3357e+04,3.869942e+09,circadian
1.08360451e-05,9.2285e+04,3.911505e+09,circadian
1.09605757e-05,9.1236e+04,3.948569e+09,circadian
1.10851064e-05,9.0211e+04,3.980891e+09,circadian
1.12096370e-05,8.9209e+04,4.008247e+09,circadian
1.13341677e-05,8.8229e+04,4.030429e+09,circadian
1.14586984e-05,8.7270e+04,4.047245e+09,circadian
1.15832290e-05,8.6332e+04,4.058524e+09,circadian
1.17077597e-05,8.5413e+04,4.064109e+09,circadian
1.18322904e-05,8.4514e+04,4.063865e+09,circadian
1.19568210e-05,8.3634e+04,4.057677e+09,circadian
1.20813517e-05,8.2772e+04,4.045455e+09,circadian
1.22058824e-05,8.1928e+04,4.027137e+09,circadian
1.23304130e-05,8.1100e+04,4.002689e+09,circadian
1.24549437e-05,8.0289e+04,3.972115e+09,circadian
1.25794743e-05,7.9495e+04,3.935453e+09,circadian
1.27040050e-05,7.8715e+04,3.892783e+09,circadian
1.28285357e-05,7.7951e+04,3.844229e+09,circadian
1.29530663e-05,7.7202e+04,3.789958e+09,circadian
1.30775970e-05,7.6467e+04,3.730181e+09,circadian
1.32021277e-05,7.5745e+04,3.665156e+09,circadian
1.33266583e-05,7.5038e+04,3.595179e+09,circadian
1.34511890e-05,7.4343e+04,3.520589e+09,circadian
1.35757196e-05,7.3661e+04,3.441756e+09,circadian
1.37002503e-05,7.2991e+04,3.359080e+09,circadian
1.38247810e-05,7.2334e+04,3.272985e+09,circadian
1.39493116e-05,7.1688e+04,3.183906e+09,circadian
1.40738423e-05,7.1054e+04,3.092289e+09,circadian
1.41983730e-05,7.0431e+04,2.998580e+09,circadian
1.43229036e-05,6.9818e+04,2.903216e+09,circadian
1.44474343e-05,6.9216e+04,2.806622e+09,circadian
1.45719650e-05,6.8625e+04,2.709203e+09,circadian
1.46964956e-05,6.8043e+04,2.611340e+09,circadian
1.48210263e-05,6.7472e+04,2.513384e+09,circadian
1.49455569e-05,6.6910e+04,2.415657e+09,circadian
1.50700876e-05,6.6357e+04,2.318444e+09,circadian
1.51946183e-05,6.5813e+04,2.222002e+09,circadian
1.53191489e-05,6.5278e+04,2.126550e+09,circadian
1.54436796e-05,6.4751e+04,2.032279e+09,circadian
1.55682103e-05,6.4233e+04,1.939347e+09,circadian
1.56927409e-05,6.3724e+04,1.847888e+09,circadian
1.58172716e-05,6.3222e+04,1.758012e+09,circadian
1.59418023e-05,6.2728e+04,1.669808e+09,circadian
1.60663329e-05,6.2242e+04,1.583348e+09,circadian
1.61908636e-05,6.1763e+04,1.498694e+09,circadian
1.63153942e-05,6.1292e+04,1.415896e+09,circadian
1.64399249e-05,6.0828e+04,1.335000e+09,circadian
1.65644556e-05,6.0370e+04,1.256048e+09,circadian
1.66889862e-05,5.9920e+04,1.179084e+09,circadian
1.68135169e-05,5.9476e+04,1.104149e+09,circadian
1.69380476e-05,5.9039e+04,1.031294e+09,circadian
1.70625782e-05,5.8608e+04,9.605677e+08,circadian
1.71871089e-05,5.8183e+04,8.920281e+08,circadian
1.73116395e-05,5.7765e+04,8.257361e+08,circadian
1.74361702e-05,5.7352e+04,7.617568e+08,circadian
1.75607009e-05,5.6945e+04,7.001581e+08,circadian
1.76852315e-05,5.6544e+04,6.410096e+08,circadian
1.78097622e-05,5.6149e+04,5.843803e+08,circadian
1.79342929e-05,5.5759e+04,5.303369e+08,circadian
1.80588235e-05,5.5375e+04,4.789415e+08,circadian
1.81833542e-05,5.4995e+04,4.302499e+08,circadian
1.83078849e-05,5.4621e+04,3.843091e+08,circadian
1.84324155e-05,5.4252e+04,3.411555e+08,circadian
1.85569462e-05,5.3888e+04,3.008138e+08,circadian
1.86814768e-05,5.3529e+04,2.632952e+08,circadian
1.88060075e-05,5.3174e+04,2.285967e+08,circadian
1.89305382e-05,5.2825e+04,1.967006e+08,circadian
1.90550688e-05,5.2479e+04,1.675742e+08,circadian
1.91795995e-05,5.2139e+04,1.411703e+08,circadian
1.93041302e-05,5.1802e+04,1.174273e+08,circadian
1.94286608e-05,5.1470e+04,9.627033e+07,circadian
1.95531915e-05,5.1143e+04,7.761221e+07,circadian
1.96777222e-05,5.0819e+04,6.135480e+07,circadian
1.98022528e-05,5.0499e+04,4.739031e+07,circadian
1.99267835e-05,5.0184e+04,3.560288e+07,circadian
2.00513141e-05,4.9872e+04,2.587008e+07,circadian
2.01758448e-05,4.9564e+04,1.806451e+07,circadian
2.03003755e-05,4.9260e+04,1.205529e+07,circadian
2.04249061e-05,4.8960e+04,7.709547e+06,circadian
2.05494368e-05,4.8663e+04,4.893802e+06,circadian
2.06739675e-05,4.8370e+04,3.475267e+06,circadian
2.07984981e-05,4.8080e+04,3.323017e+06,circadian
2.09230288e-05,4.7794e+04,4.309059e+06,circadian
2.10475594e-05,4.7511e+04,6.309261e+06,circadian
2.11720901e-05,4.7232e+04,9.204165e+06,circadian
2.12966208e-05,4.6956e+04,1.287966e+07,circadian
2.14211514e-05,4.6683e+04,1.722756e+07,circadian
2.15456821e-05,4.6413e+04,2.214597e+07,circadian
2.16702128e-05,4.6146e+04,2.753964e+07,circadian
2.17947434e-05,4.5883e+04,3.332012e+07,circadian
2.19192741e-05,4.5622e+04,3.940585e+07,circadian
2.20438048e-05,4.5364e+04,4.572208e+07,circadian
2.21683354e-05,4.5109e+04,5.220075e+07,circadian
2.22928661e-05,4.4857e+04,5.878028e+07,circadian
2.24173967e-05,4.4608e+04,6.540525e+07,circadian
2.25419274e-05,4.4362e+04,7.202604e+07,circadian
2.26664581e-05,4.4118e+04,7.859840e+07,circadian
2.27909887e-05,4.3877e+04,8.508302e+07,circadian
2.29155194e-05,4.3639e+04,9.144505e+07,circadian
2.30400501e-05,4.3403e+04,9.765364e+07,circadian
2.31645807e-05,4.3169e+04,1.036814e+08,circadian
2.32891114e-05,4.2939e+04,1.095042e+08,circadian
2.34136421e-05,4.2710e+04,1.151002e+08,circadian
2.35381727e-05,4.2484e+04,1.204501e+08,circadian
2.36627034e-05,4.2261e+04,1.255366e+08,circadian
2.37872340e-05,4.2039e+04,1.303439e+08,circadian
2.39117647e-05,4.1820e+04,1.348579e+08,circadian
2.40362954e-05,4.1604e+04,1.390655e+08,circadian
2.41608260e-05,4.1389e+04,1.429552e+08,circadian
2.42853567e-05,4.1177e+04,1.465166e+08,circadian
2.44098874e-05,4.0967e+04,1.497405e+08,circadian
2.45344180e-05,4.0759e+04,1.526191e+08,circadian
2.46589487e-05,4.0553e+04,1.551461e+08,circadian
2.47834793e-05,4.0349e+04,1.573167e+08,circadian
2.49080100e-05,4.0148e+04,1.591280e+08,circadian
2.50325407e-05,3.9948e+04,1.605789e+08,circadian
2.51570713e-05,3.9750e+04,1.616706e+08,circadian
2.52816020e-05,3.9554e+04,1.624065e+08,circadian
2.54061327e-05,3.9361e+04,1.627925e+08,circadian
2.55306633e-05,3.9169e+04,1.628369e+08,circadian
2.56551940e-05,3.8978e+04,1.625508e+08,circadian
2.57797247e-05,3.8790e+04,1.619478e+08,circadian
2.59042553e-05,3.8604e+04,1.610439e+08,circadian
2.60287860e-05,3.8419e+04,1.598579e+08,circadian
2.61533166e-05,3.8236e+04,1.584105e+08,circadian
2.62778473e-05,3.8055e+04,1.567248e+08,circadian
2.64023780e-05,3.7875e+04,1.548255e+08,circadian
2.65269086e-05,3.7698e+04,1.527388e+08,circadian
2.66514393e-05,3.7521e+04,1.504920e+08,circadian
2.67759700e-05,3.7347e+04,1.481132e+08,circadian
2.69005006e-05,3.7174e+04,1.456308e+08,circadian
2.70250313e-05,3.7003e+04,1.430730e+08,circadian
2.71495620e-05,3.6833e+04,1.404679e+08,circadian
2.72740926e-05,3.6665e+04,1.378423e+08,circadian
2.73986233e-05,3.6498e+04,1.352222e+08,circadian
2.75231539e-05,3.6333e+04,1.326318e+08,circadian
2.76476846e-05,3.6169e+04,1.300936e+08,circadian
2.77722153e-05,3.6007e+04,1.276281e+08,circadian
2.78967459e-05,3.5846e+04,1.252535e+08,circadian
2.80212766e-05,3.5687e+04,1.229858e+08,circadian
2.81458073e-05,3.5529e+04,1.208383e+08,circadian
2.82703379e-05,3.5373e+04,1.188221e+08,circadian
2.83948686e-05,3.5218e+04,1.169455e+08,circadian
2.85193992e-05,3.5064e+04,1.152146e+08,circadian
2.86439299e-05,3.4911e+04,1.136332e+08,circadian
2.87684606e-05,3.4760e+04,1.122027e+08,circadian
2.88929912e-05,3.4610e+04,1.109227e+08,circadian
2.90175219e-05,3.4462e+04,1.097909e+08,circadian
2.91420526e-05,3.4315e+04,1.088033e+08,circadian
2.92665832e-05,3.4169e+04,1.079545e+08,circadian
2.93911139e-05,3.4024e+04,1.072381e+08,circadian
2.95156446e-05,3.3880e+04,1.066467e+08,circadian
2.96401752e-05,3.3738e+04,1.061721e+08,circadian
2.97647059e-05,3.3597e+04,1.058058e+08,circadian
2.98892365e-05,3.3457e+04,1.055390e+08,circadian
3.00137672e-05,3.3318e+04,1.053632e+08,circadian
3.01382979e-05,3.3180e+04,1.052697e+08,circadian
3.02628285e-05,3.3044e+04,1.052504e+08,circadian
3.03873592e-05,3.2908e+04,1.052976e+08,circadian
3.05118899e-05,3.2774e+04,1.054044e+08,circadian
3.06364205e-05,3.2641e+04,1.055645e+08,circadian
3.07609512e-05,3.2509e+04,1.057727e+08,circadian
3.08854819e-05,3.2378e+04,1.060242e+08,circadian
3.10100125e-05,3.2248e+04,1.063155e+08,circadian
3.11345432e-05,3.2119e+04,1.066439e+08,circadian
3.12590738e-05,3.1991e+04,1.070074e+08,circadian
3.13836045e-05,3.1864e+04,1.074050e+08,circadian
3.15081352e-05,3.1738e+04,1.078365e+08,circadian
3.16326658e-05,3.1613e+04,1.083022e+08,circadian
3.17571965e-05,3.1489e+04,1.088033e+08,circadian
3.18817272e-05,3.1366e+04,1.093412e+08,circadian
3.20062578e-05,3.1244e+04,1.099180e+08,circadian
3.21307885e-05,3.1123e+04,1.105359e+08,circadian
3.22553191e-05,3.1003e+04,1.111975e+08,circadian
3.23798498e-05,3.0883e+04,1.119054e+08,circadian
3.25043805e-05,3.0765e+04,1.126623e+08,circadian
3.26289111e-05,3.0648e+04,1.134708e+08,circadian
3.27534418e-05,3.0531e+04,1.143334e+08,circadian
3.28779725e-05,3.0416e+04,1.152521e+08,circadian
3.30025031e-05,3.0301e+04,1.162290e+08,circadian
3.31270338e-05,3.0187e+04,1.172654e+08,circadian
3.32515645e-05,3.0074e+04,1.183626e+08,circadian
3.33760951e-05,2.9962e+04,1.195210e+08,circadian
3.35006258e-05,2.9850e+04,1.207408e+08,circadian
3.36251564e-05,2.9740e+04,1.220215e+08,circadian
3.37496871e-05,2.9630e+04,1.233623e+08,circadian
3.38742178e-05,2.9521e+04,1.247617e+08,circadian
3.39987484e-05,2.9413e+04,1.262176e+08,circadian
3.41232791e-05,2.9306e+04,1.277276e+08,circadian
3.42478098e-05,2.9199e+04,1.292889e+08,circadian
3.43723404e-05,2.9093e+04,1.308979e+08,circadian
3.44968711e-05,2.8988e+04,1.325512e+08,circadian
3.46214018e-05,2.8884e+04,1.342445e+08,circadian
3.47459324e-05,2.8780e+04,1.359736e+08,circadian
3.48704631e-05,2.8678e+04,1.377340e+08,circadian
3.49949937e-05,2.8576e+04,1.395210e+08,circadian
3.51195244e-05,2.8474e+04,1.413299e+08,circadian
3.52440551e-05,2.8374e+04,1.431557e+08,circadian
3.53685857e-05,2.8274e+04,1.449937e+08,circadian
3.54931164e-05,2.8174e+04,1.468391e+08,circadian
3.56176471e-05,2.8076e+04,1.486871e+08,circadian
3.57421777e-05,2.7978e+04,1.505332e+08,circadian
3.58667084e-05,2.7881e+04,1.523728e+08,circadian
3.59912390e-05,2.7785e+04,1.542015e+08,circadian
3.61157697e-05,2.7689e+04,1.560153e+08,circadian
3.62403004e-05,2.7594e+04,1.578101e+08,circadian
3.63648310e-05,2.7499e+04,1.595819e+08,circadian
3.64893617e-05,2.7405e+04,1.613272e+08,circadian
3.66138924e-05,2.7312e+04,1.630422e+08,circadian
3.67384230e-05,2.7219e+04,1.647237e+08,circadian
3.68629537e-05,2.7128e+04,1.663682e+08,circadian
3.69874844e-05,2.7036e+04,1.679725e+08,circadian
3.71120150e-05,2.6945e+04,1.695335e+08,circadian
3.72365457e-05,2.6855e+04,1.710482e+08,circadian
3.73610763e-05,2.6766e+04,1.725136e+08,circadian
3.74856070e-05,2.6677e+04,1.739266e+08,circadian
3.76101377e-05,2.6589e+04,1.752845e+08,circadian
3.77346683e-05,2.6501e+04,1.765844e+08,circadian
3.78591990e-05,2.6414e+04,1.778236e+08,circadian
3.79837297e-05,2.6327e+04,1.789994e+08,circadian
3.81082603e-05,2.6241e+04,1.801093e+08,circadian
3.82327910e-05,2.6156e+04,1.811508e+08,circadian
3.83573217e-05,2.6071e+04,1.821216e+08,circadian
3.84818523e-05,2.5986e+04,1.830199e+08,circadian
3.86063830e-05,2.5902e+04,1.838437e+08,circadian
3.87309136e-05,2.5819e+04,1.845916e+08,circadian
3.88554443e-05,2.5736e+04,1.852625e+08,circadian
3.89799750e-05,2.5654e+04,1.858557e+08,circadian
3.91045056e-05,2.5573e+04,1.863711e+08,circadian
3.92290363e-05,2.5491e+04,1.868089e+08,circadian
3.93535670e-05,2.5411e+04,1.871703e+08,circadian
3.94780976e-05,2.5331e+04,1.874567e+08,circadian
3.96026283e-05,2.5251e+04,1.876706e+08,circadian
3.97271589e-05,2.5172e+04,1.878151e+08,circadian
3.98516896e-05,2.5093e+04,1.878940e+08,circadian
3.99762203e-05,2.5015e+04,1.879122e+08,circadian
4.01007509e-05,2.4937e+04,1.878753e+08,circadian
4.02252816e-05,2.4860e+04,1.877898e+08,circadian
4.03498123e-05,2.4783e+04,1.876629e+08,circadian
4.04743429e-05,2.4707e+04,1.875028e+08,circadian
4.05988736e-05,2.4631e+04,1.873185e+08,circadian
4.07234043e-05,2.4556e+04,1.871197e+08,circadian
4.08479349e-05,2.4481e+04,1.869166e+08,circadian
4.09724656e-05,2.4407e+04,1.867201e+08,circadian
4.10969962e-05,2.4333e+04,1.865416e+08,circadian
4.12215269e-05,2.4259e+04,1.863927e+08,circadian
4.13460576e-05,2.4186e+04,1.862851e+08,circadian
4.14705882e-05,2.4113e+04,1.862306e+08,circadian
4.15951189e-05,2.4041e+04,1.862407e+08,circadian
4.17196496e-05,2.3970e+04,1.863266e+08,circadian
4.18441802e-05,2.3898e+04,1.864989e+08,circadian
4.19687109e-05,2.3827e+04,1.867674e+08,circadian
4.20932416e-05,2.3757e+04,1.871410e+08,circadian
4.22177722e-05,2.3687e+04,1.876274e+08,circadian
4.23423029e-05,2.3617e+04,1.882328e+08,circadian
4.24668335e-05,2.3548e+04,1.889622e+08,circadian
4.25913642e-05,2.3479e+04,1.898186e+08,circadian
4.27158949e-05,2.3410e+04,1.908036e+08,circadian
4.28404255e-05,2.3342e+04,1.919165e+08,circadian
4.29649562e-05,2.3275e+04,1.931549e+08,circadian
4.30894869e-05,2.3208e+04,1.945142e+08,circadian
4.32140175e-05,2.3141e+04,1.959881e+08,circadian
4.33385482e-05,2.3074e+04,1.975680e+08,circadian
4.34630788e-05,2.3008e+04,1.992434e+08,circadian
4.35876095e-05,2.2942e+04,2.010019e+08,circadian
4.37121402e-05,2.2877e+04,2.028295e+08,circadian
4.38366708e-05,2.2812e+04,2.047105e+08,circadian
4.39612015e-05,2.2747e+04,2.066277e+08,circadian
4.40857322e-05,2.2683e+04,2.085626e+08,circadian
4.42102628e-05,2.2619e+04,2.104958e+08,circadian
4.43347935e-05,2.2556e+04,2.124068e+08,circadian
4.44593242e-05,2.2492e+04,2.142747e+08,circadian
4.45838548e-05,2.2430e+04,2.160783e+08,circadian
4.47083855e-05,2.2367e+04,2.177960e+08,circadian
4.48329161e-05,2.2305e+04,2.194066e+08,circadian
4.49574468e-05,2.2243e+04,2.208893e+08,circadian
4.50819775e-05,2.2182e+04,2.222237e+08,circadian
4.52065081e-05,2.2121e+04,2.233905e+08,circadian
4.53310388e-05,2.2060e+04,2.243714e+08,circadian
4.54555695e-05,2.2000e+04,2.251493e+08,circadian
4.55801001e-05,2.1939e+04,2.257088e+08,circadian
4.57046308e-05,2.1880e+04,2.260360e+08,circadian
4.58291615e-05,2.1820e+04,2.261187e+08,circadian
4.59536921e-05,2.1761e+04,2.259466e+08,circadian
4.60782228e-05,2.1702e+04,2.255116e+08,circadian
4.62027534e-05,2.1644e+04,2.248073e+08,circadian
4.63272841e-05,2.1586e+04,2.238295e+08,circadian
4.64518148e-05,2.1528e+04,2.225761e+08,circadian
4.65763454e-05,2.1470e+04,2.210469e+08,circadian
4.67008761e-05,2.1413e+04,2.192437e+08,circadian
4.68254068e-05,2.1356e+04,2.171704e+08,circadian
4.69499374e-05,2.1299e+04,2.148323e+08,circadian
4.70744681e-05,2.1243e+04,2.122367e+08,circadian
4.71989987e-05,2.1187e+04,2.093924e+08,circadian
4.73235294e-05,2.1131e+04,2.063097e+08,circadian
4.74480601e-05,2.1076e+04,2.030000e+08,circadian
4.75725907e-05,2.1021e+04,1.994761e+08,circadian
4.76971214e-05,2.0966e+04,1.957517e+08,circadian
4.78216521e-05,2.0911e+04,1.918414e+08,circadian
4.79461827e-05,2.0857e+04,1.877606e+08,circadian
4.80707134e-05,2.0803e+04,1.835253e+08,circadian
4.81952441e-05,2.0749e+04,1.791520e+08,circadian
4.83197747e-05,2.0695e+04,1.746576e+08,circadian
4.84443054e-05,2.0642e+04,1.700595e+08,circadian
4.85688360e-05,2.0589e+04,1.653750e+08,circadian
4.86933667e-05,2.0537e+04,1.606218e+08,circadian
4.88178974e-05,2.0484e+04,1.558175e+08,circadian
4.89424280e-05,2.0432e+04,1.509798e+08,circadian
4.90669587e-05,2.0380e+04,1.461263e+08,circadian
4.91914894e-05,2.0329e+04,1.412745e+08,circadian
4.93160200e-05,2.0277e+04,1.364416e+08,circadian
4.94405507e-05,2.0226e+04,1.316447e+08,circadian
4.95650814e-05,2.0175e+04,1.269005e+08,circadian
4.96896120e-05,2.0125e+04,1.222253e+08,circadian
4.98141427e-05,2.0075e+04,1.176350e+08,circadian
4.99386733e-05,2.0025e+04,1.131452e+08,circadian
5.00632040e-05,1.9975e+04,1.087706e+08,circadian
5.01877347e-05,1.9925e+04,1.045254e+08,circadian
5.03122653e-05,1.9876e+04,1.004233e+08,circadian
5.04367960e-05,1.9827e+04,9.647687e+07,circadian
5.05613267e-05,1.9778e+04,9.269817e+07,circadian
5.06858573e-05,1.9729e+04,8.909820e+07,circadian
5.08103880e-05,1.9681e+04,8.568705e+07,circadian
5.09349186e-05,1.9633e+04,8.247380e+07,circadian
5.10594493e-05,1.9585e+04,7.946648e+07,circadian
5.11839800e-05,1.9537e+04,7.667203e+07,circadian
5.13085106e-05,1.9490e+04,7.409629e+07,circadian
5.14330413e-05,1.9443e+04,7.174395e+07,circadian
5.15575720e-05,1.9396e+04,6.961857e+07,circadian
5.16821026e-05,1.9349e+04,6.772257e+07,circadian
5.18066333e-05,1.9303e+04,6.605724e+07,circadian
5.19311640e-05,1.9256e+04,6.462278e+07,circadian
5.20556946e-05,1.9210e+04,6.341829e+07,circadian
5.21802253e-05,1.9164e+04,6.244187e+07,circadian
5.23047559e-05,1.9119e+04,6.169060e+07,circadian
5.24292866e-05,1.9073e+04,6.116065e+07,circadian
5.25538173e-05,1.9028e+04,6.084731e+07,circadian
5.26783479e-05,1.8983e+04,6.074503e+07,circadian
5.28028786e-05,1.8938e+04,6.084754e+07,circadian
5.29274093e-05,1.8894e+04,6.114787e+07,circadian
5.30519399e-05,1.8849e+04,6.163842e+07,circadian
5.31764706e-05,1.8805e+04,6.231105e+07,circadian
5.33010013e-05,1.8761e+04,6.315712e+07,circadian
5.34255319e-05,1.8718e+04,6.416756e+07,circadian
5.35500626e-05,1.8674e+04,6.533294e+07,circadian
5.36745932e-05,1.8631e+04,6.664350e+07,circadian
5.37991239e-05,1.8588e+04,6.808923e+07,circadian
5.39236546e-05,1.8545e+04,6.965989e+07,circadian
5.40481852e-05,1.8502e+04,7.134511e+07,circadian
5.41727159e-05,1.8459e+04,7.313436e+07,circadian
5.42972466e-05,1.8417e+04,7.501704e+07,circadian
5.44217772e-05,1.8375e+04,7.698250e+07,circadian
5.45463079e-05,1.8333e+04,7.902008e+07,circadian
5.46708385e-05,1.8291e+04,8.111912e+07,circadian
5.47953692e-05,1.8250e+04,8.326901e+07,circadian
5.49198999e-05,1.8208e+04,8.545924e+07,circadian
5.50444305e-05,1.8167e+04,8.767935e+07,circadian
5.51689612e-05,1.8126e+04,8.991903e+07,circadian
5.52934919e-05,1.8085e+04,9.216814e+07,circadian
5.54180225e-05,1.8045e+04,9.441668e+07,circadian
5.55425532e-05,1.8004e+04,9.665489e+07,circadian
5.56670839e-05,1.7964e+04,9.887323e+07,circadian
5.57916145e-05,1.7924e+04,1.010624e+08,circadian
5.59161452e-05,1.7884e+04,1.032135e+08,circadian
5.60406758e-05,1.7844e+04,1.053179e+08,circadian
5.61652065e-05,1.7805e+04,1.073673e+08,circadian
5.62897372e-05,1.7765e+04,1.093539e+08,circadian
5.64142678e-05,1.7726e+04,1.112702e+08,circadian
5.65387985e-05,1.7687e+04,1.131095e+08,circadian
5.66633292e-05,1.7648e+04,1.148653e+08,circadian
5.67878598e-05,1.7609e+04,1.165320e+08,circadian
5.69123905e-05,1.7571e+04,1.181044e+08,circadian
5.70369212e-05,1.7533e+04,1.195779e+08,circadian
5.71614518e-05,1.7494e+04,1.209489e+08,circadian
5.72859825e-05,1.7456e+04,1.222143e+08,circadian
5.74105131e-05,1.7418e+04,1.233718e+08,circadian
5.75350438e-05,1.7381e+04,1.244200e+08,circadian
5.76595745e-05,1.7343e+04,1.253580e+08,circadian
5.77841051e-05,1.7306e+04,1.261860e+08,circadian
5.79086358e-05,1.7269e+04,1.269049e+08,circadian
5.80331665e-05,1.7232e+04,1.275162e+08,circadian
5.81576971e-05,1.7195e+04,1.280222e+08,circadian
5.82822278e-05,1.7158e+04,1.284261e+08,circadian
5.84067584e-05,1.7121e+04,1.287316e+08,circadian
5.85312891e-05,1.7085e+04,1.289428e+08,circadian
5.86558198e-05,1.7049e+04,1.290646e+08,circadian
5.87803504e-05,1.7012e+04,1.291022e+08,circadian
5.89048811e-05,1.6977e+04,1.290613e+08,circadian
5.90294118e-05,1.6941e+04,1.289475e+08,circadian
5.91539424e-05,1.6905e+04,1.287669e+08,circadian
5.92784731e-05,1.6870e+04,1.285256e+08,circadian
5.94030038e-05,1.6834e+04,1.282296e+08,circadian
5.95275344e-05,1.6799e+04,1.278849e+08,circadian
5.96520651e-05,1.6764e+04,1.274971e+08,circadian
5.97765957e-05,1.6729e+04,1.270717e+08,circadian
5.99011264e-05,1.6694e+04,1.266138e+08,circadian
6.00256571e-05,1.6660e+04,1.261280e+08,circadian
6.01501877e-05,1.6625e+04,1.256186e+08,circadian
6.02747184e-05,1.6591e+04,1.250892e+08,circadian
6.03992491e-05,1.6556e+04,1.245429e+08,circadian
6.05237797e-05,1.6522e+04,1.239824e+08,circadian
6.06483104e-05,1.6489e+04,1.234098e+08,circadian
6.07728411e-05,1.6455e+04,1.228264e+08,circadian
6.08973717e-05,1.6421e+04,1.222334e+08,circadian
6.10219024e-05,1.6388e+04,1.216312e+08,circadian
6.11464330e-05,1.6354e+04,1.210199e+08,circadian
6.12709637e-05,1.6321e+04,1.203992e+08,circadian
6.13954944e-05,1.6288e+04,1.197685e+08,circadian
6.15200250e-05,1.6255e+04,1.191270e+08,circadian
6.16445557e-05,1.6222e+04,1.184736e+08,circadian
6.17690864e-05,1.6189e+04,1.178073e+08,circadian
6.18936170e-05,1.6157e+04,1.171268e+08,circadian
6.20181477e-05,1.6124e+04,1.164312e+08,circadian
6.21426783e-05,1.6092e+04,1.157195e+08,circadian
6.22672090e-05,1.6060e+04,1.149908e+08,circadian
6.23917397e-05,1.6028e+04,1.142449e+08,circadian
6.25162703e-05,1.5996e+04,1.134815e+08,circadian
6.26408010e-05,1.5964e+04,1.127009e+08,circadian
6.27653317e-05,1.5932e+04,1.119037e+08,circadian
6.28898623e-05,1.5901e+04,1.110911e+08,circadian
6.30143930e-05,1.5869e+04,1.102647e+08,circadian
6.31389237e-05,1.5838e+04,1.094266e+08,circadian
6.32634543e-05,1.5807e+04,1.085794e+08,circadian
6.33879850e-05,1.5776e+04,1.077262e+08,circadian
6.35125156e-05,1.5745e+04,1.068707e+08,circadian
6.36370463e-05,1.5714e+04,1.060169e+08,circadian
6.37615770e-05,1.5683e+04,1.051693e+08,circadian
6.38861076e-05,1.5653e+04,1.043330e+08,circadian
6.40106383e-05,1.5622e+04,1.035132e+08,circadian
6.41351690e-05,1.5592e+04,1.027156e+08,circadian
6.42596996e-05,1.5562e+04,1.019462e+08,circadian
6.43842303e-05,1.5532e+04,1.012111e+08,circadian
6.45087610e-05,1.5502e+04,1.005166e+08,circadian
6.46332916e-05,1.5472e+04,9.986933e+07,circadian
6.47578223e-05,1.5442e+04,9.927578e+07,circadian
6.48823529e-05,1.5413e+04,9.874253e+07,circadian
6.50068836e-05,1.5383e+04,9.827613e+07,circadian
6.51314143e-05,1.5354e+04,9.788304e+07,circadian
6.52559449e-05,1.5324e+04,9.756954e+07,circadian
6.53804756e-05,1.5295e+04,9.734176e+07,circadian
6.55050063e-05,1.5266e+04,9.720556e+07,circadian
6.56295369e-05,1.5237e+04,9.716652e+07,circadian
6.57540676e-05,1.5208e+04,9.722989e+07,circadian
6.58785982e-05,1.5179e+04,9.740052e+07,circadian
6.60031289e-05,1.5151e+04,9.768289e+07,circadian
6.61276596e-05,1.5122e+04,9.808102e+07,circadian
6.62521902e-05,1.5094e+04,9.859844e+07,circadian
6.63767209e-05,1.5066e+04,9.923822e+07,circadian
6.65012516e-05,1.5037e+04,1.000029e+08,circadian
6.66257822e-05,1.5009e+04,1.008944e+08,circadian
6.67503129e-05,1.4981e+04,1.019143e+08,circadian
6.68748436e-05,1.4953e+04,1.030635e+08,circadian
6.69993742e-05,1.4926e+04,1.043422e+08,circadian
6.71239049e-05,1.4898e+04,1.057504e+08,circadian
6.72484355e-05,1.4870e+04,1.072873e+08,circadian
6.73729662e-05,1.4843e+04,1.089517e+08,circadian
6.74974969e-05,1.4815e+04,1.107418e+08,circadian
6.76220275e-05,1.4788e+04,1.126553e+08,circadian
6.77465582e-05,1.4761e+04,1.146895e+08,circadian
6.78710889e-05,1.4734e+04,1.168413e+08,circadian
6.79956195e-05,1.4707e+04,1.191070e+08,circadian
6.81201502e-05,1.4680e+04,1.214826e+08,circadian
6.82446809e-05,1.4653e+04,1.239639e+08,circadian
6.83692115e-05,1.4626e+04,1.265460e+08,circadian
6.84937422e-05,1.4600e+04,1.292241e+08,circadian
6.86182728e-05,1.4573e+04,1.319927e+08,circadian
6.87428035e-05,1.4547e+04,1.348464e+08,circadian
6.88673342e-05,1.4521e+04,1.377795e+08,circadian
6.89918648e-05,1.4494e+04,1.407858e+08,circadian
6.91163955e-05,1.4468e+04,1.438592e+08,circadian
6.92409262e-05,1.4442e+04,1.469934e+08,circadian
6.93654568e-05,1.4416e+04,1.501819e+08,circadian
6.94899875e-05,1.4391e+04,1.534180e+08,circadian
6.96145181e-05,1.4365e+04,1.566949e+08,circadian
6.97390488e-05,1.4339e+04,1.600058e+08,circadian
6.98635795e-05,1.4314e+04,1.633436e+08,circadian
6.99881101e-05,1.4288e+04,1.667013e+08,circadian
7.01126408e-05,1.4263e+04,1.700714e+08,circadian
7.02371715e-05,1.4237e+04,1.734469e+08,circadian
7.03617021e-05,1.4212e+04,1.768202e+08,circadian
7.04862328e-05,1.4187e+04,1.801837e+08,circadian
7.06107635e-05,1.4162e+04,1.835300e+08,circadian
7.07352941e-05,1.4137e+04,1.868512e+08,circadian
7.08598248e-05,1.4112e+04,1.901395e+08,circadian
7.09843554e-05,1.4088e+04,1.933872e+08,circadian
7.11088861e-05,1.4063e+04,1.965862e+08,circadian
7.12334168e-05,1.4038e+04,1.997285e+08,circadian
7.13579474e-05,1.4014e+04,2.028061e+08,circadian
7.14824781e-05,1.3989e+04,2.058109e+08,circadian
7.16070088e-05,1.3965e+04,2.087346e+08,circadian
7.17315394e-05,1.3941e+04,2.115693e+08,circadian
7.18560701e-05,1.3917e+04,2.143068e+08,circadian
7.19806008e-05,1.3893e+04,2.169391e+08,circadian
7.21051314e-05,1.3869e+04,2.194585e+08,circadian
7.22296621e-05,1.3845e+04,2.218570e+08,circadian
7.23541927e-05,1.3821e+04,2.241273e+08,circadian
7.24787234e-05,1.3797e+04,2.262620e+08,circadian
7.26032541e-05,1.3773e+04,2.282542e+08,circadian
7.27277847e-05,1.3750e+04,2.300973e+08,circadian
7.28523154e-05,1.3726e+04,2.317851e+08,circadian
7.29768461e-05,1.3703e+04,2.333120e+08,circadian
7.31013767e-05,1.3680e+04,2.346730e+08,circadian
7.32259074e-05,1.3656e+04,2.358636e+08,circadian
7.33504380e-05,1.3633e+04,2.368800e+08,circadian
7.34749687e-05,1.3610e+04,2.377192e+08,circadian
7.35994994e-05,1.3587e+04,2.383792e+08,circadian
7.37240300e-05,1.3564e+04,2.388585e+08,circadian
7.38485607e-05,1.3541e+04,2.391569e+08,circadian
7.39730914e-05,1.3518e+04,2.392748e+08,circadian
7.40976220e-05,1.3496e+04,2.392137e+08,circadian
7.42221527e-05,1.3473e+04,2.389763e+08,circadian
7.43466834e-05,1.3450e+04,2.385659e+08,circadian
7.44712140e-05,1.3428e+04,2.379869e+08,circadian
7.45957447e-05,1.3406e+04,2.372449e+08,circadian
7.47202753e-05,1.3383e+04,2.363460e+08,circadian
7.48448060e-05,1.3361e+04,2.352974e+08,circadian
7.49693367e-05,1.3339e+04,2.341069e+08,circadian
7.50938673e-05,1.3317e+04,2.327831e+08,circadian
7.52183980e-05,1.3295e+04,2.313353e+08,circadian
7.53429287e-05,1.3273e+04,2.297730e+08,circadian
7.54674593e-05,1.3251e+04,2.281063e+08,circadian
7.55919900e-05,1.3229e+04,2.263456e+08,circadian
7.57165207e-05,1.3207e+04,2.245014e+08,circadian
7.58410513e-05,1.3185e+04,2.225841e+08,circadian
7.59655820e-05,1.3164e+04,2.206043e+08,circadian
7.60901126e-05,1.3142e+04,2.185720e+08,circadian
7.62146433e-05,1.3121e+04,2.164974e+08,circadian
7.63391740e-05,1.3099e+04,2.143898e+08,circadian
7.64637046e-05,1.3078e+04,2.122583e+08,circadian
7.65882353e-05,1.3057e+04,2.101114e+08,circadian
7.67127660e-05,1.3036e+04,2.079569e+08,circadian
7.68372966e-05,1.3015e+04,2.058018e+08,circadian
7.69618273e-05,1.2993e+04,2.036524e+08,circadian
7.70863579e-05,1.2972e+04,2.015143e+08,circadian
7.72108886e-05,1.2952e+04,1.993924e+08,circadian
7.73354193e-05,1.2931e+04,1.972904e+08,circadian
7.74599499e-05,1.2910e+04,1.952118e+08,circadian
7.75844806e-05,1.2889e+04,1.931589e+08,circadian
7.77090113e-05,1.2869e+04,1.911335e+08,circadian
7.78335419e-05,1.2848e+04,1.891366e+08,circadian
7.79580726e-05,1.2827e+04,1.871687e+08,circadian
7.80826033e-05,1.2807e+04,1.852298e+08,circadian
7.82071339e-05,1.2787e+04,1.833194e+08,circadian
7.83316646e-05,1.2766e+04,1.814364e+08,circadian
7.84561952e-05,1.2746e+04,1.795796e+08,circadian
7.85807259e-05,1.2726e+04,1.777476e+08,circadian
7.87052566e-05,1.2706e+04,1.759385e+08,circadian
7.88297872e-05,1.2686e+04,1.741507e+08,circadian
7.89543179e-05,1.2666e+04,1.723823e+08,circadian
7.90788486e-05,1.2646e+04,1.706315e+08,circadian
7.92033792e-05,1.2626e+04,1.688968e+08,circadian
7.93279099e-05,1.2606e+04,1.671764e+08,circadian
7.94524406e-05,1.2586e+04,1.654692e+08,circadian
7.95769712e-05,1.2566e+04,1.637739e+08,circadian
7.97015019e-05,1.2547e+04,1.620899e+08,circadian
7.98260325e-05,1.2527e+04,1.604164e+08,circadian
7.99505632e-05,1.2508e+04,1.587532e+08,circadian
8.00750939e-05,1.2488e+04,1.571004e+08,circadian
8.01996245e-05,1.2469e+04,1.554583e+08,circadian
8.03241552e-05,1.2450e+04,1.538276e+08,circadian
8.04486859e-05,1.2430e+04,1.522093e+08,circadian
8.05732165e-05,1.2411e+04,1.506044e+08,circadian
8.06977472e-05,1.2392e+04,1.490145e+08,circadian
8.08222778e-05,1.2373e+04,1.474413e+08,circadian
8.09468085e-05,1.2354e+04,1.458866e+08,circadian
8.10713392e-05,1.2335e+04,1.443524e+08,circadian
8.11958698e-05,1.2316e+04,1.428409e+08,circadian
8.13204005e-05,1.2297e+04,1.413544e+08,circadian
8.14449312e-05,1.2278e+04,1.398952e+08,circadian
8.15694618e-05,1.2259e+04,1.384656e+08,circadian
8.16939925e-05,1.2241e+04,1.370681e+08,circadian
8.18185232e-05,1.2222e+04,1.357049e+08,circadian
8.19430538e-05,1.2204e+04,1.343784e+08,circadian
8.20675845e-05,1.2185e+04,1.330907e+08,circadian
8.21921151e-05,1.2167e+04,1.318440e+08,circadian
8.23166458e-05,1.2148e+04,1.306402e+08,circadian
8.24411765e-05,1.2130e+04,1.294811e+08,circadian
8.25657071e-05,1.2112e+04,1.283686e+08,circadian
8.26902378e-05,1.2093e+04,1.273039e+08,circadian
8.28147685e-05,1.2075e+04,1.262885e+08,circadian
8.29392991e-05,1.2057e+04,1.253234e+08,circadian
8.30638298e-05,1.2039e+04,1.244096e+08,circadian
8.31883605e-05,1.2021e+04,1.235477e+08,circadian
8.33128911e-05,1.2003e+04,1.227383e+08,circadian
8.34374218e-05,1.1985e+04,1.219815e+08,circadian
8.35619524e-05,1.1967e+04,1.212775e+08,circadian
8.36864831e-05,1.1949e+04,1.206260e+08,circadian
8.38110138e-05,1.1932e+04,1.200267e+08,circadian
8.39355444e-05,1.1914e+04,1.194789e+08,circadian
8.40600751e-05,1.1896e+04,1.189819e+08,circadian
8.41846058e-05,1.1879e+04,1.185347e+08,circadian
8.43091364e-05,1.1861e+04,1.181361e+08,circadian
8.44336671e-05,1.1844e+04,1.177847e+08,circadian
8.45581977e-05,1.1826e+04,1.174789e+08,circadian
8.46827284e-05,1.1809e+04,1.172170e+08,circadian
8.48072591e-05,1.1791e+04,1.169970e+08,circadian
8.49317897e-05,1.1774e+04,1.168170e+08,circadian
8.50563204e-05,1.1757e+04,1.166746e+08,circadian
8.51808511e-05,1.1740e+04,1.165674e+08,circadian
8.53053817e-05,1.1723e+04,1.164930e+08,circadian
8.54299124e-05,1.1706e+04,1.164486e+08,circadian
8.55544431e-05,1.1688e+04,1.164315e+08,circadian
8.56789737e-05,1.1671e+04,1.164387e+08,circadian
8.58035044e-05,1.1655e+04,1.164671e+08,circadian
8.59280350e-05,1.1638e+04,1.165135e+08,circadian
8.60525657e-05,1.1621e+04,1.165747e+08,circadian
8.61770964e-05,1.1604e+04,1.166473e+08,circadian
8.63016270e-05,1.1587e+04,1.167277e+08,circadian
8.64261577e-05,1.1571e+04,1.168123e+08,circadian
8.65506884e-05,1.1554e+04,1.168974e+08,circadian
8.66752190e-05,1.1537e+04,1.169793e+08,circadian
8.67997497e-05,1.1521e+04,1.170541e+08,circadian
8.69242804e-05,1.1504e+04,1.171179e+08,circadian
8.70488110e-05,1.1488e+04,1.171668e+08,circadian
8.71733417e-05,1.1471e+04,1.171967e+08,circadian
8.72978723e-05,1.1455e+04,1.172036e+08,circadian
8.74224030e-05,1.1439e+04,1.171834e+08,circadian
8.75469337e-05,1.1422e+04,1.171322e+08,circadian
8.76714643e-05,1.1406e+04,1.170460e+08,circadian
8.77959950e-05,1.1390e+04,1.169208e+08,circadian
8.79205257e-05,1.1374e+04,1.167527e+08,circadian
8.80450563e-05,1.1358e+04,1.165379e+08,circadian
8.81695870e-05,1.1342e+04,1.162727e+08,circadian
8.82941176e-05,1.1326e+04,1.159536e+08,circadian
8.84186483e-05,1.1310e+04,1.155772e+08,circadian
8.85431790e-05,1.1294e+04,1.151404e+08,circadian
8.86677096e-05,1.1278e+04,1.146401e+08,circadian
8.87922403e-05,1.1262e+04,1.140736e+08,circadian
8.89167710e-05,1.1246e+04,1.134386e+08,circadian
8.90413016e-05,1.1231e+04,1.127329e+08,circadian
8.91658323e-05,1.1215e+04,1.119548e+08,circadian
8.92903630e-05,1.1199e+04,1.111027e+08,circadian
8.94148936e-05,1.1184e+04,1.101756e+08,circadian
8.95394243e-05,1.1168e+04,1.091730e+08,circadian
8.96639549e-05,1.1153e+04,1.080945e+08,circadian
8.97884856e-05,1.1137e+04,1.069404e+08,circadian
8.99130163e-05,1.1122e+04,1.057114e+08,circadian
9.00375469e-05,1.1106e+04,1.044085e+08,circadian
9.01620776e-05,1.1091e+04,1.030335e+08,circadian
9.02866083e-05,1.1076e+04,1.015881e+08,circadian
9.04111389e-05,1.1061e+04,1.000751e+08,circadian
9.05356696e-05,1.1045e+04,9.849713e+07,circadian
9.06602003e-05,1.1030e+04,9.685767e+07,circadian
9.07847309e-05,1.1015e+04,9.516038e+07,circadian
9.09092616e-05,1.1000e+04,9.340930e+07,circadian
9.10337922e-05,1.0985e+04,9.160883e+07,circadian
9.11583229e-05,1.0970e+04,8.976362e+07,circadian
9.12828536e-05,1.0955e+04,8.787859e+07,circadian
9.14073842e-05,1.0940e+04,8.595883e+07,circadian
9.15319149e-05,1.0925e+04,8.400960e+07,circadian
9.16564456e-05,1.0910e+04,8.203625e+07,circadian
9.17809762e-05,1.0896e+04,8.004418e+07,circadian
9.19055069e-05,1.0881e+04,7.803878e+07,circadian
9.20300375e-05,1.0866e+04,7.602540e+07,circadian
9.21545682e-05,1.0851e+04,7.400928e+07,circadian
9.22790989e-05,1.0837e+04,7.199554e+07,circadian
9.24036295e-05,1.0822e+04,6.998910e+07,circadian
9.25281602e-05,1.0808e+04,6.799465e+07,circadian
9.26526909e-05,1.0793e+04,6.601666e+07,circadian
9.27772215e-05,1.0779e+04,6.405928e+07,circadian
9.29017522e-05,1.0764e+04,6.212639e+07,circadian
9.30262829e-05,1.0750e+04,6.022154e+07,circadian
9.31508135e-05,1.0735e+04,5.834795e+07,circadian
9.32753442e-05,1.0721e+04,5.650850e+07,circadian
9.33998748e-05,1.0707e+04,5.470575e+07,circadian
9.35244055e-05,1.0692e+04,5.294191e+07,circadian
9.36489362e-05,1.0678e+04,5.121889e+07,circadian
9.37734668e-05,1.0664e+04,4.953829e+07,circadian
9.38979975e-05,1.0650e+04,4.790142e+07,circadian
9.40225282e-05,1.0636e+04,4.630932e+07,circadian
9.41470588e-05,1.0622e+04,4.476281e+07,circadian
9.42715895e-05,1.0608e+04,4.326248e+07,circadian
9.43961202e-05,1.0594e+04,4.180874e+07,circadian
9.45206508e-05,1.0580e+04,4.040186e+07,circadian
9.46451815e-05,1.0566e+04,3.904196e+07,circadian
9.47697121e-05,1.0552e+04,3.772910e+07,circadian
9.48942428e-05,1.0538e+04,3.646324e+07,circadian
9.50187735e-05,1.0524e+04,3.524434e+07,circadian
9.51433041e-05,1.0510e+04,3.407233e+07,circadian
9.52678348e-05,1.0497e+04,3.294718e+07,circadian
9.53923655e-05,1.0483e+04,3.186887e+07,circadian
9.55168961e-05,1.0469e+04,3.083749e+07,circadian
9.56414268e-05,1.0456e+04,2.985319e+07,circadian
9.57659574e-05,1.0442e+04,2.891622e+07,circadian
9.58904881e-05,1.0429e+04,2.802698e+07,circadian
9.60150188e-05,1.0415e+04,2.718596e+07,circadian
9.61395494e-05,1.0402e+04,2.639382e+07,circadian
9.62640801e-05,1.0388e+04,2.565137e+07,circadian
9.63886108e-05,1.0375e+04,2.495956e+07,circadian
9.65131414e-05,1.0361e+04,2.431953e+07,circadian
9.66376721e-05,1.0348e+04,2.373253e+07,circadian
9.67622028e-05,1.0335e+04,2.320003e+07,circadian
9.68867334e-05,1.0321e+04,2.272361e+07,circadian
9.70112641e-05,1.0308e+04,2.230503e+07,circadian
9.71357947e-05,1.0295e+04,2.194618e+07,circadian
9.72603254e-05,1.0282e+04,2.164910e+07,circadian
9.73848561e-05,1.0269e+04,2.141595e+07,circadian
9.75093867e-05,1.0255e+04,2.124900e+07,circadian
9.76339174e-05,1.0242e+04,2.115063e+07,circadian
9.77584481e-05,1.0229e+04,2.112331e+07,circadian
9.78829787e-05,1.0216e+04,2.116958e+07,circadian
9.80075094e-05,1.0203e+04,2.129202e+07,circadian
9.81320401e-05,1.0190e+04,2.149325e+07,circadian
9.82565707e-05,1.0177e+04,2.177592e+07,circadian
9.83811014e-05,1.0165e+04,2.214263e+07,circadian
9.85056320e-05,1.0152e+04,2.259599e+07,circadian
9.86301627e-05,1.0139e+04,2.313853e+07,circadian
9.87546934e-05,1.0126e+04,2.377269e+07,circadian
9.88792240e-05,1.0113e+04,2.450081e+07,circadian
9.90037547e-05,1.0101e+04,2.532511e+07,circadian
9.91282854e-05,1.0088e+04,2.624764e+07,circadian
9.92528160e-05,1.0075e+04,2.727025e+07,circadian
9.93773467e-05,1.0063e+04,2.839461e+07,circadian
9.95018773e-05,1.0050e+04,2.962213e+07,circadian
9.96264080e-05,1.0037e+04,3.095397e+07,circadian
9.97509387e-05,1.0025e+04,3.239101e+07,circadian
9.98754693e-05,1.0012e+04,3.393382e+07,circadian
1.00000000e-04,1.0000e+04,3.558268e+07,circadian
1.12265332e-04,8.9075e+03,2.053054e+07,vlf_ulf
1.24718398e-04,8.0181e+03,1.558768e+07,vlf_ulf
1.37171464e-04,7.2901e+03,1.275110e+07,vlf_ulf
1.49624531e-04,6.6834e+03,1.149652e+07,vlf_ulf
1.62077597e-04,6.1699e+03,1.083277e+07,vlf_ulf
1.74530663e-04,5.7297e+03,9.999539e+06,vlf_ulf
1.86983730e-04,5.3481e+03,8.829309e+06,vlf_ulf
1.99436796e-04,5.0141e+03,8.090509e+06,vlf_ulf
2.11889862e-04,4.7194e+03,8.133853e+06,vlf_ulf
2.24342929e-04,4.4575e+03,8.480129e+06,vlf_ulf
2.36795995e-04,4.2230e+03,8.589032e+06,vlf_ulf
2.49249061e-04,4.0121e+03,8.060755e+06,vlf_ulf
2.61702128e-04,3.8211e+03,6.997403e+06,vlf_ulf
2.74155194e-04,3.6476e+03,6.132091e+06,vlf_ulf
2.86608260e-04,3.4891e+03,5.922077e+06,vlf_ulf
2.99061327e-04,3.3438e+03,6.179111e+06,vlf_ulf
3.11514393e-04,3.2101e+03,6.421400e+06,vlf_ulf
3.23967459e-04,3.0867e+03,6.195439e+06,vlf_ulf
3.36420526e-04,2.9725e+03,5.445335e+06,vlf_ulf
3.48873592e-04,2.8664e+03,4.564267e+06,vlf_ulf
3.61326658e-04,2.7676e+03,3.964795e+06,vlf_ulf
3.73779725e-04,2.6754e+03,3.790281e+06,vlf_ulf
3.86232791e-04,2.5891e+03,3.866389e+06,vlf_ulf
3.98685857e-04,2.5082e+03,3.903336e+06,vlf_ulf
4.11138924e-04,2.4323e+03,3.775010e+06,vlf_ulf
4.23591990e-04,2.3608e+03,3.543373e+06,vlf_ulf
4.36045056e-04,2.2933e+03,3.340032e+06,vlf_ulf
4.48498123e-04,2.2297e+03,3.238388e+06,vlf_ulf
4.60951189e-04,2.1694e+03,3.190112e+06,vlf_ulf
4.73404255e-04,2.1124e+03,3.122665e+06,vlf_ulf
4.85857322e-04,2.0582e+03,3.002498e+06,vlf_ulf
4.98310388e-04,2.0068e+03,2.831651e+06,vlf_ulf
5.10763454e-04,1.9579e+03,2.665003e+06,vlf_ulf
5.23216521e-04,1.9113e+03,2.549449e+06,vlf_ulf
5.35669587e-04,1.8668e+03,2.491428e+06,vlf_ulf
5.48122653e-04,1.8244e+03,2.501038e+06,vlf_ulf
5.60575720e-04,1.7839e+03,2.558327e+06,vlf_ulf
5.73028786e-04,1.7451e+03,2.609086e+06,vlf_ulf
5.85481852e-04,1.7080e+03,2.620103e+06,vlf_ulf
5.97934919e-04,1.6724e+03,2.583233e+06,vlf_ulf
6.10387985e-04,1.6383e+03,2.523354e+06,vlf_ulf
6.22841051e-04,1.6055e+03,2.483815e+06,vlf_ulf
6.35294118e-04,1.5741e+03,2.474085e+06,vlf_ulf
6.47747184e-04,1.5438e+03,2.468714e+06,vlf_ulf
6.60200250e-04,1.5147e+03,2.415801e+06,vlf_ulf
6.72653317e-04,1.4866e+03,2.268349e+06,vlf_ulf
6.85106383e-04,1.4596e+03,2.053512e+06,vlf_ulf
6.97559449e-04,1.4336e+03,1.853009e+06,vlf_ulf
7.10012516e-04,1.4084e+03,1.737721e+06,vlf_ulf
7.22465582e-04,1.3841e+03,1.739836e+06,vlf_ulf
7.34918648e-04,1.3607e+03,1.821644e+06,vlf_ulf
7.47371715e-04,1.3380e+03,1.901938e+06,vlf_ulf
7.59824781e-04,1.3161e+03,1.921626e+06,vlf_ulf
7.72277847e-04,1.2949e+03,1.860125e+06,vlf_ulf
7.84730914e-04,1.2743e+03,1.748384e+06,vlf_ulf
7.97183980e-04,1.2544e+03,1.653701e+06,vlf_ulf
8.09637046e-04,1.2351e+03,1.614054e+06,vlf_ulf
8.22090113e-04,1.2164e+03,1.622292e+06,vlf_ulf
8.34543179e-04,1.1983e+03,1.643785e+06,vlf_ulf
8.46996245e-04,1.1806e+03,1.633910e+06,vlf_ulf
8.59449312e-04,1.1635e+03,1.577551e+06,vlf_ulf
8.71902378e-04,1.1469e+03,1.495791e+06,vlf_ulf
8.84355444e-04,1.1308e+03,1.421070e+06,vlf_ulf
8.96808511e-04,1.1151e+03,1.382189e+06,vlf_ulf
9.09261577e-04,1.0998e+03,1.380126e+06,vlf_ulf
9.21714643e-04,1.0849e+03,1.391284e+06,vlf_ulf
9.34167710e-04,1.0705e+03,1.401558e+06,vlf_ulf
9.46620776e-04,1.0564e+03,1.409224e+06,vlf_ulf
9.59073842e-04,1.0427e+03,1.410741e+06,vlf_ulf
9.71526909e-04,1.0293e+03,1.397423e+06,vlf_ulf
9.83979975e-04,1.0163e+03,1.357111e+06,vlf_ulf
9.96433041e-04,1.0036e+03,1.287945e+06,vlf_ulf
1.00888611e-03,9.9119e+02,1.209777e+06,vlf_ulf
1.02133917e-03,9.7911e+02,1.159097e+06,vlf_ulf
1.03379224e-03,9.6731e+02,1.162931e+06,vlf_ulf
1.04624531e-03,9.5580e+02,1.205262e+06,vlf_ulf
1.05869837e-03,9.4456e+02,1.239556e+06,vlf_ulf
1.07115144e-03,9.3357e+02,1.231196e+06,vlf_ulf
1.08360451e-03,9.2285e+02,1.176370e+06,vlf_ulf
1.09605757e-03,9.1236e+02,1.103348e+06,vlf_ulf
1.10851064e-03,9.0211e+02,1.048043e+06,vlf_ulf
1.12096370e-03,8.9209e+02,1.016248e+06,vlf_ulf
1.13341677e-03,8.8229e+02,9.916938e+05,vlf_ulf
1.14586984e-03,8.7270e+02,9.660067e+05,vlf_ulf
1.15832290e-03,8.6332e+02,9.486495e+05,vlf_ulf
1.17077597e-03,8.5413e+02,9.649035e+05,vlf_ulf
1.18322904e-03,8.4514e+02,1.028321e+06,vlf_ulf
1.19568210e-03,8.3634e+02,1.113031e+06,vlf_ulf
1.20813517e-03,8.2772e+02,1.173418e+06,vlf_ulf
1.22058824e-03,8.1928e+02,1.182537e+06,vlf_ulf
1.23304130e-03,8.1100e+02,1.151407e+06,vlf_ulf
1.24549437e-03,8.0289e+02,1.119555e+06,vlf_ulf
1.25794743e-03,7.9495e+02,1.116832e+06,vlf_ulf
1.27040050e-03,7.8715e+02,1.133338e+06,vlf_ulf
1.28285357e-03,7.7951e+02,1.128106e+06,vlf_ulf
1.29530663e-03,7.7202e+02,1.069895e+06,vlf_ulf
1.30775970e-03,7.6467e+02,9.746490e+05,vlf_ulf
1.32021277e-03,7.5745e+02,8.917306e+05,vlf_ulf
1.33266583e-03,7.5038e+02,8.568642e+05,vlf_ulf
1.34511890e-03,7.4343e+02,8.676651e+05,vlf_ulf
1.35757196e-03,7.3661e+02,8.877330e+05,vlf_ulf
1.37002503e-03,7.2991e+02,8.774098e+05,vlf_ulf
1.38247810e-03,7.2334e+02,8.320532e+05,vlf_ulf
1.39493116e-03,7.1688e+02,7.806439e+05,vlf_ulf
1.40738423e-03,7.1054e+02,7.547170e+05,vlf_ulf
1.41983730e-03,7.0431e+02,7.646838e+05,vlf_ulf
1.43229036e-03,6.9818e+02,7.933574e+05,vlf_ulf
1.44474343e-03,6.9216e+02,8.151260e+05,vlf_ulf
1.45719650e-03,6.8625e+02,8.215755e+05,vlf_ulf
1.46964956e-03,6.8043e+02,8.248330e+05,vlf_ulf
1.48210263e-03,6.7472e+02,8.439938e+05,vlf_ulf
1.49455569e-03,6.6910e+02,8.828507e+05,vlf_ulf
1.50700876e-03,6.6357e+02,9.183156e+05,vlf_ulf
1.51946183e-03,6.5813e+02,9.206372e+05,vlf_ulf
1.53191489e-03,6.5278e+02,8.808282e+05,vlf_ulf
1.54436796e-03,6.4751e+02,8.189438e+05,vlf_ulf
1.55682103e-03,6.4233e+02,7.732071e+05,vlf_ulf
1.56927409e-03,6.3724e+02,7.732985e+05,vlf_ulf
1.58172716e-03,6.3222e+02,8.183771e+05,vlf_ulf
1.59418023e-03,6.2728e+02,8.770137e+05,vlf_ulf
1.60663329e-03,6.2242e+02,9.052868e+05,vlf_ulf
1.61908636e-03,6.1763e+02,8.765162e+05,vlf_ulf
1.63153942e-03,6.1292e+02,8.002868e+05,vlf_ulf
1.64399249e-03,6.0828e+02,7.137561e+05,vlf_ulf
1.65644556e-03,6.0370e+02,6.577076e+05,vlf_ulf
1.66889862e-03,5.9920e+02,6.505669e+05,vlf_ulf
1.68135169e-03,5.9476e+02,6.782316e+05,vlf_ulf
1.69380476e-03,5.9039e+02,7.119457e+05,vlf_ulf
1.70625782e-03,5.8608e+02,7.319002e+05,vlf_ulf
1.71871089e-03,5.8183e+02,7.373314e+05,vlf_ulf
1.73116395e-03,5.7765e+02,7.410773e+05,vlf_ulf
1.74361702e-03,5.7352e+02,7.521947e+05,vlf_ulf
1.75607009e-03,5.6945e+02,7.661699e+05,vlf_ulf
1.76852315e-03,5.6544e+02,7.714401e+05,vlf_ulf
1.78097622e-03,5.6149e+02,7.606031e+05,vlf_ulf
1.79342929e-03,5.5759e+02,7.394749e+05,vlf_ulf
1.80588235e-03,5.5375e+02,7.241505e+05,vlf_ulf
1.81833542e-03,5.4995e+02,7.260788e+05,vlf_ulf
1.83078849e-03,5.4621e+02,7.437774e+05,vlf_ulf
1.84324155e-03,5.4252e+02,7.639329e+05,vlf_ulf
1.85569462e-03,5.3888e+02,7.676128e+05,vlf_ulf
1.86814768e-03,5.3529e+02,7.439069e+05,vlf_ulf
1.88060075e-03,5.3174e+02,6.985411e+05,vlf_ulf
1.89305382e-03,5.2825e+02,6.485915e+05,vlf_ulf
1.90550688e-03,5.2479e+02,6.128533e+05,vlf_ulf
1.91795995e-03,5.2139e+02,6.043139e+05,vlf_ulf
1.93041302e-03,5.1802e+02,6.246913e+05,vlf_ulf
1.94286608e-03,5.1470e+02,6.604148e+05,vlf_ulf
1.95531915e-03,5.1143e+02,6.862957e+05,vlf_ulf
1.96777222e-03,5.0819e+02,6.820672e+05,vlf_ulf
1.98022528e-03,5.0499e+02,6.481193e+05,vlf_ulf
1.99267835e-03,5.0184e+02,6.071652e+05,vlf_ulf
2.00513141e-03,4.9872e+02,5.910024e+05,vlf_ulf
2.01758448e-03,4.9564e+02,6.156262e+05,vlf_ulf
2.03003755e-03,4.9260e+02,6.648198e+05,vlf_ulf
2.04249061e-03,4.8960e+02,7.016856e+05,vlf_ulf
2.05494368e-03,4.8663e+02,6.977456e+05,vlf_ulf
2.06739675e-03,4.8370e+02,6.568853e+05,vlf_ulf
2.07984981e-03,4.8080e+02,6.135205e+05,vlf_ulf
2.09230288e-03,4.7794e+02,6.015403e+05,vlf_ulf
2.10475594e-03,4.7511e+02,6.248582e+05,vlf_ulf
2.11720901e-03,4.7232e+02,6.570273e+05,vlf_ulf
2.12966208e-03,4.6956e+02,6.650598e+05,vlf_ulf
2.14211514e-03,4.6683e+02,6.389792e+05,vlf_ulf
2.15456821e-03,4.6413e+02,6.030741e+05,vlf_ulf
2.16702128e-03,4.6146e+02,5.949885e+05,vlf_ulf
2.17947434e-03,4.5883e+02,6.303923e+05,vlf_ulf
2.19192741e-03,4.5622e+02,6.859144e+05,vlf_ulf
2.20438048e-03,4.5364e+02,7.169137e+05,vlf_ulf
2.21683354e-03,4.5109e+02,6.937634e+05,vlf_ulf
2.22928661e-03,4.4857e+02,6.252224e+05,vlf_ulf
2.24173967e-03,4.4608e+02,5.535329e+05,vlf_ulf
2.25419274e-03,4.4362e+02,5.244257e+05,vlf_ulf
2.26664581e-03,4.4118e+02,5.520884e+05,vlf_ulf
2.27909887e-03,4.3877e+02,6.094259e+05,vlf_ulf
2.29155194e-03,4.3639e+02,6.500259e+05,vlf_ulf
2.30400501e-03,4.3403e+02,6.410118e+05,vlf_ulf
2.31645807e-03,4.3169e+02,5.843626e+05,vlf_ulf
2.32891114e-03,4.2939e+02,5.133127e+05,vlf_ulf
2.34136421e-03,4.2710e+02,4.687047e+05,vlf_ulf
2.35381727e-03,4.2484e+02,4.733379e+05,vlf_ulf
2.36627034e-03,4.2261e+02,5.187930e+05,vlf_ulf
2.37872340e-03,4.2039e+02,5.744227e+05,vlf_ulf
2.39117647e-03,4.1820e+02,6.099683e+05,vlf_ulf
2.40362954e-03,4.1604e+02,6.103519e+05,vlf_ulf
2.41608260e-03,4.1389e+02,5.788638e+05,vlf_ulf
2.42853567e-03,4.1177e+02,5.321520e+05,vlf_ulf
2.44098874e-03,4.0967e+02,4.870289e+05,vlf_ulf
2.45344180e-03,4.0759e+02,4.528982e+05,vlf_ulf
2.46589487e-03,4.0553e+02,4.356376e+05,vlf_ulf
2.47834793e-03,4.0349e+02,4.395180e+05,vlf_ulf
2.49080100e-03,4.0148e+02,4.639452e+05,vlf_ulf
2.50325407e-03,3.9948e+02,5.005232e+05,vlf_ulf
2.51570713e-03,3.9750e+02,5.332923e+05,vlf_ulf
2.52816020e-03,3.9554e+02,5.469986e+05,vlf_ulf
2.54061327e-03,3.9361e+02,5.385583e+05,vlf_ulf
2.55306633e-03,3.9169e+02,5.185212e+05,vlf_ulf
2.56551940e-03,3.8978e+02,5.020091e+05,vlf_ulf
2.57797247e-03,3.8790e+02,4.971636e+05,vlf_ulf
2.59042553e-03,3.8604e+02,4.985794e+05,vlf_ulf
2.60287860e-03,3.8419e+02,4.933099e+05,vlf_ulf
2.61533166e-03,3.8236e+02,4.760954e+05,vlf_ulf
2.62778473e-03,3.8055e+02,4.573302e+05,vlf_ulf
2.64023780e-03,3.7875e+02,4.544867e+05,vlf_ulf
2.65269086e-03,3.7698e+02,4.754825e+05,vlf_ulf
2.66514393e-03,3.7521e+02,5.097208e+05,vlf_ulf
2.67759700e-03,3.7347e+02,5.362193e+05,vlf_ulf
2.69005006e-03,3.7174e+02,5.420037e+05,vlf_ulf
2.70250313e-03,3.7003e+02,5.324138e+05,vlf_ulf
2.71495620e-03,3.6833e+02,5.239358e+05,vlf_ulf
2.72740926e-03,3.6665e+02,5.271537e+05,vlf_ulf
2.73986233e-03,3.6498e+02,5.356424e+05,vlf_ulf
2.75231539e-03,3.6333e+02,5.330499e+05,vlf_ulf
2.76476846e-03,3.6169e+02,5.121216e+05,vlf_ulf
2.77722153e-03,3.6007e+02,4.845246e+05,vlf_ulf
2.78967459e-03,3.5846e+02,4.716033e+05,vlf_ulf
2.80212766e-03,3.5687e+02,4.847190e+05,vlf_ulf
2.81458073e-03,3.5529e+02,5.123432e+05,vlf_ulf
2.82703379e-03,3.5373e+02,5.286662e+05,vlf_ulf
2.83948686e-03,3.5218e+02,5.166264e+05,vlf_ulf
2.85193992e-03,3.5064e+02,4.818994e+05,vlf_ulf
2.86439299e-03,3.4911e+02,4.470514e+05,vlf_ulf
2.87684606e-03,3.4760e+02,4.324008e+05,vlf_ulf
2.88929912e-03,3.4610e+02,4.394866e+05,vlf_ulf
2.90175219e-03,3.4462e+02,4.529829e+05,vlf_ulf
2.91420526e-03,3.4315e+02,4.580259e+05,vlf_ulf
2.92665832e-03,3.4169e+02,4.542826e+05,vlf_ulf
2.93911139e-03,3.4024e+02,4.536148e+05,vlf_ulf
2.95156446e-03,3.3880e+02,4.642579e+05,vlf_ulf
2.96401752e-03,3.3738e+02,4.796841e+05,vlf_ulf
2.97647059e-03,3.3597e+02,4.843226e+05,vlf_ulf
2.98892365e-03,3.3457e+02,4.678165e+05,vlf_ulf
3.00137672e-03,3.3318e+02,4.354979e+05,vlf_ulf
3.01382979e-03,3.3180e+02,4.067480e+05,vlf_ulf
3.02628285e-03,3.3044e+02,3.993883e+05,vlf_ulf
3.03873592e-03,3.2908e+02,4.148877e+05,vlf_ulf
3.05118899e-03,3.2774e+02,4.396729e+05,vlf_ulf
3.06364205e-03,3.2641e+02,4.590577e+05,vlf_ulf
3.07609512e-03,3.2509e+02,4.696340e+05,vlf_ulf
3.08854819e-03,3.2378e+02,4.786987e+05,vlf_ulf
3.10100125e-03,3.2248e+02,4.933927e+05,vlf_ulf
3.11345432e-03,3.2119e+02,5.117087e+05,vlf_ulf
3.12590738e-03,3.1991e+02,5.212168e+05,vlf_ulf
3.13836045e-03,3.1864e+02,5.078632e+05,vlf_ulf
3.15081352e-03,3.1738e+02,4.704628e+05,vlf_ulf
3.16326658e-03,3.1613e+02,4.245729e+05,vlf_ulf
3.17571965e-03,3.1489e+02,3.910049e+05,vlf_ulf
3.18817272e-03,3.1366e+02,3.818913e+05,vlf_ulf
3.20062578e-03,3.1244e+02,3.940496e+05,vlf_ulf
3.21307885e-03,3.1123e+02,4.128374e+05,vlf_ulf
3.22553191e-03,3.1003e+02,4.233368e+05,vlf_ulf
3.23798498e-03,3.0883e+02,4.204085e+05,vlf_ulf
3.25043805e-03,3.0765e+02,4.118415e+05,vlf_ulf
3.26289111e-03,3.0648e+02,4.103645e+05,vlf_ulf
3.27534418e-03,3.0531e+02,4.194554e+05,vlf_ulf
3.28779725e-03,3.0416e+02,4.293826e+05,vlf_ulf
3.30025031e-03,3.0301e+02,4.259694e+05,vlf_ulf
3.31270338e-03,3.0187e+02,4.011106e+05,vlf_ulf
3.32515645e-03,3.0074e+02,3.603850e+05,vlf_ulf
3.33760951e-03,2.9962e+02,3.221997e+05,vlf_ulf
3.35006258e-03,2.9850e+02,3.045639e+05,vlf_ulf
3.36251564e-03,2.9740e+02,3.112448e+05,vlf_ulf
3.37496871e-03,2.9630e+02,3.301300e+05,vlf_ulf
3.38742178e-03,2.9521e+02,3.439224e+05,vlf_ulf
3.39987484e-03,2.9413e+02,3.440971e+05,vlf_ulf
3.41232791e-03,2.9306e+02,3.358426e+05,vlf_ulf
3.42478098e-03,2.9199e+02,3.301314e+05,vlf_ulf
3.43723404e-03,2.9093e+02,3.322067e+05,vlf_ulf
3.44968711e-03,2.8988e+02,3.375683e+05,vlf_ulf
3.46214018e-03,2.8884e+02,3.387304e+05,vlf_ulf
3.47459324e-03,2.8780e+02,3.359294e+05,vlf_ulf
3.48704631e-03,2.8678e+02,3.394906e+05,vlf_ulf
3.49949937e-03,2.8576e+02,3.595799e+05,vlf_ulf
3.51195244e-03,2.8474e+02,3.936468e+05,vlf_ulf
3.52440551e-03,2.8374e+02,4.254749e+05,vlf_ulf
3.53685857e-03,2.8274e+02,4.381210e+05,vlf_ulf
3.54931164e-03,2.8174e+02,4.292497e+05,vlf_ulf
3.56176471e-03,2.8076e+02,4.142945e+05,vlf_ulf
3.57421777e-03,2.7978e+02,4.129482e+05,vlf_ulf
3.58667084e-03,2.7881e+02,4.304484e+05,vlf_ulf
3.59912390e-03,2.7785e+02,4.512367e+05,vlf_ulf
3.61157697e-03,2.7689e+02,4.517858e+05,vlf_ulf
3.62403004e-03,2.7594e+02,4.219163e+05,vlf_ulf
3.63648310e-03,2.7499e+02,3.748799e+05,vlf_ulf
3.64893617e-03,2.7405e+02,3.368274e+05,vlf_ulf
3.66138924e-03,2.7312e+02,3.267332e+05,vlf_ulf
3.67384230e-03,2.7219e+02,3.436872e+05,vlf_ulf
3.68629537e-03,2.7128e+02,3.695122e+05,vlf_ulf
3.69874844e-03,2.7036e+02,3.839947e+05,vlf_ulf
3.71120150e-03,2.6945e+02,3.789349e+05,vlf_ulf
3.72365457e-03,2.6855e+02,3.590423e+05,vlf_ulf
3.73610763e-03,2.6766e+02,3.336458e+05,vlf_ulf
3.74856070e-03,2.6677e+02,3.094578e+05,vlf_ulf
3.76101377e-03,2.6589e+02,2.896257e+05,vlf_ulf
3.77346683e-03,2.6501e+02,2.777976e+05,vlf_ulf
3.78591990e-03,2.6414e+02,2.796440e+05,vlf_ulf
3.79837297e-03,2.6327e+02,2.982705e+05,vlf_ulf
3.81082603e-03,2.6241e+02,3.292836e+05,vlf_ulf
3.82327910e-03,2.6156e+02,3.612516e+05,vlf_ulf
3.83573217e-03,2.6071e+02,3.824240e+05,vlf_ulf
3.84818523e-03,2.5986e+02,3.885444e+05,vlf_ulf
3.86063830e-03,2.5902e+02,3.843391e+05,vlf_ulf
3.87309136e-03,2.5819e+02,3.788862e+05,vlf_ulf
3.88554443e-03,2.5736e+02,3.796220e+05,vlf_ulf
3.89799750e-03,2.5654e+02,3.881448e+05,vlf_ulf
3.91045056e-03,2.5573e+02,4.007646e+05,vlf_ulf
3.92290363e-03,2.5491e+02,4.122409e+05,vlf_ulf
3.93535670e-03,2.5411e+02,4.183090e+05,vlf_ulf
3.94780976e-03,2.5331e+02,4.177712e+05,vlf_ulf
3.96026283e-03,2.5251e+02,4.146548e+05,vlf_ulf
3.97271589e-03,2.5172e+02,4.167350e+05,vlf_ulf
3.98516896e-03,2.5093e+02,4.293040e+05,vlf_ulf
3.99762203e-03,2.5015e+02,4.480833e+05,vlf_ulf
4.01007509e-03,2.4937e+02,4.580773e+05,vlf_ulf
4.02252816e-03,2.4860e+02,4.419339e+05,vlf_ulf
4.03498123e-03,2.4783e+02,3.934525e+05,vlf_ulf
4.04743429e-03,2.4707e+02,3.270145e+05,vlf_ulf
4.05988736e-03,2.4631e+02,2.724277e+05,vlf_ulf
4.07234043e-03,2.4556e+02,2.542727e+05,vlf_ulf
4.08479349e-03,2.4481e+02,2.732581e+05,vlf_ulf
4.09724656e-03,2.4407e+02,3.069286e+05,vlf_ulf
4.10969962e-03,2.4333e+02,3.280096e+05,vlf_ulf
4.12215269e-03,2.4259e+02,3.250792e+05,vlf_ulf
4.13460576e-03,2.4186e+02,3.087759e+05,vlf_ulf
4.14705882e-03,2.4113e+02,2.991108e+05,vlf_ulf
4.15951189e-03,2.4041e+02,3.073403e+05,vlf_ulf
4.17196496e-03,2.3970e+02,3.282364e+05,vlf_ulf
4.18441802e-03,2.3898e+02,3.474275e+05,vlf_ulf
4.19687109e-03,2.3827e+02,3.559589e+05,vlf_ulf
4.20932416e-03,2.3757e+02,3.567357e+05,vlf_ulf
4.22177722e-03,2.3687e+02,3.569063e+05,vlf_ulf
4.23423029e-03,2.3617e+02,3.577162e+05,vlf_ulf
4.24668335e-03,2.3548e+02,3.538401e+05,vlf_ulf
4.25913642e-03,2.3479e+02,3.413723e+05,vlf_ulf
4.27158949e-03,2.3410e+02,3.254926e+05,vlf_ulf
4.28404255e-03,2.3342e+02,3.188573e+05,vlf_ulf
4.29649562e-03,2.3275e+02,3.302320e+05,vlf_ulf
4.30894869e-03,2.3208e+02,3.547716e+05,vlf_ulf
4.32140175e-03,2.3141e+02,3.774303e+05,vlf_ulf
4.33385482e-03,2.3074e+02,3.863896e+05,vlf_ulf
4.34630788e-03,2.3008e+02,3.827280e+05,vlf_ulf
4.35876095e-03,2.2942e+02,3.774934e+05,vlf_ulf
4.37121402e-03,2.2877e+02,3.796178e+05,vlf_ulf
4.38366708e-03,2.2812e+02,3.867043e+05,vlf_ulf
4.39612015e-03,2.2747e+02,3.879083e+05,vlf_ulf
4.40857322e-03,2.2683e+02,3.749866e+05,vlf_ulf
4.42102628e-03,2.2619e+02,3.500541e+05,vlf_ulf
4.43347935e-03,2.2556e+02,3.237014e+05,vlf_ulf
4.44593242e-03,2.2492e+02,3.059782e+05,vlf_ulf
4.45838548e-03,2.2430e+02,2.995677e+05,vlf_ulf
4.47083855e-03,2.2367e+02,3.020672e+05,vlf_ulf
4.48329161e-03,2.2305e+02,3.123412e+05,vlf_ulf
4.49574468e-03,2.2243e+02,3.315732e+05,vlf_ulf
4.50819775e-03,2.2182e+02,3.578323e+05,vlf_ulf
4.52065081e-03,2.2121e+02,3.813545e+05,vlf_ulf
4.53310388e-03,2.2060e+02,3.880397e+05,vlf_ulf
4.54555695e-03,2.2000e+02,3.702973e+05,vlf_ulf
4.55801001e-03,2.1939e+02,3.355598e+05,vlf_ulf
4.57046308e-03,2.1880e+02,3.036586e+05,vlf_ulf
4.58291615e-03,2.1820e+02,2.933259e+05,vlf_ulf
4.59536921e-03,2.1761e+02,3.087600e+05,vlf_ulf
4.60782228e-03,2.1702e+02,3.383311e+05,vlf_ulf
4.62027534e-03,2.1644e+02,3.645824e+05,vlf_ulf
4.63272841e-03,2.1586e+02,3.753973e+05,vlf_ulf
4.64518148e-03,2.1528e+02,3.691052e+05,vlf_ulf
4.65763454e-03,2.1470e+02,3.517495e+05,vlf_ulf
4.67008761e-03,2.1413e+02,3.312097e+05,vlf_ulf
4.68254068e-03,2.1356e+02,3.151567e+05,vlf_ulf
4.69499374e-03,2.1299e+02,3.117001e+05,vlf_ulf
4.70744681e-03,2.1243e+02,3.270040e+05,vlf_ulf
4.71989987e-03,2.1187e+02,3.596559e+05,vlf_ulf
4.73235294e-03,2.1131e+02,3.972445e+05,vlf_ulf
4.74480601e-03,2.1076e+02,4.210674e+05,vlf_ulf
4.75725907e-03,2.1021e+02,4.181106e+05,vlf_ulf
4.76971214e-03,2.0966e+02,3.907718e+05,vlf_ulf
4.78216521e-03,2.0911e+02,3.554884e+05,vlf_ulf
4.79461827e-03,2.0857e+02,3.306286e+05,vlf_ulf
4.80707134e-03,2.0803e+02,3.233486e+05,vlf_ulf
4.81952441e-03,2.0749e+02,3.269654e+05,vlf_ulf
4.83197747e-03,2.0695e+02,3.301387e+05,vlf_ulf
4.84443054e-03,2.0642e+02,3.276050e+05,vlf_ulf
4.85688360e-03,2.0589e+02,3.226359e+05,vlf_ulf
4.86933667e-03,2.0537e+02,3.205892e+05,vlf_ulf
4.88178974e-03,2.0484e+02,3.211101e+05,vlf_ulf
4.89424280e-03,2.0432e+02,3.174406e+05,vlf_ulf
4.90669587e-03,2.0380e+02,3.039257e+05,vlf_ulf
4.91914894e-03,2.0329e+02,2.837875e+05,vlf_ulf
4.93160200e-03,2.0277e+02,2.682551e+05,vlf_ulf
4.94405507e-03,2.0226e+02,2.674457e+05,vlf_ulf
4.95650814e-03,2.0175e+02,2.819677e+05,vlf_ulf
4.96896120e-03,2.0125e+02,3.023588e+05,vlf_ulf
4.98141427e-03,2.0075e+02,3.164361e+05,vlf_ulf
4.99386733e-03,2.0025e+02,3.185410e+05,vlf_ulf
5.00000000e-03,2.0000e+02,3.089400e+05,hf_lf
5.61952441e-03,1.7795e+02,2.797701e+05,hf_lf
6.23904881e-03,1.6028e+02,2.449291e+05,hf_lf
6.85857322e-03,1.4580e+02,2.483209e+05,hf_lf
7.47809762e-03,1.3372e+02,2.317211e+05,hf_lf
8.09762203e-03,1.2349e+02,2.112881e+05,hf_lf
8.71714643e-03,1.1472e+02,2.030875e+05,hf_lf
9.33667084e-03,1.0710e+02,2.024122e+05,hf_lf
9.95619524e-03,1.0044e+02,1.768154e+05,hf_lf
1.05757196e-02,9.4556e+01,1.704620e+05,hf_lf
1.11952441e-02,8.9324e+01,1.663937e+05,hf_lf
1.18147685e-02,8.4640e+01,1.546523e+05,hf_lf
1.24342929e-02,8.0423e+01,1.512137e+05,hf_lf
1.30538173e-02,7.6606e+01,1.605130e+05,hf_lf
1.36733417e-02,7.3135e+01,1.417431e+05,hf_lf
1.42928661e-02,6.9965e+01,1.400230e+05,hf_lf
1.49123905e-02,6.7058e+01,1.223510e+05,hf_lf
1.55319149e-02,6.4384e+01,1.338749e+05,hf_lf
1.61514393e-02,6.1914e+01,1.234075e+05,hf_lf
1.67709637e-02,5.9627e+01,1.212908e+05,hf_lf
1.73904881e-02,5.7503e+01,1.207469e+05,hf_lf
1.80100125e-02,5.5525e+01,1.145829e+05,hf_lf
1.86295369e-02,5.3678e+01,1.159663e+05,hf_lf
1.92490613e-02,5.1951e+01,1.057435e+05,hf_lf
1.98685857e-02,5.0331e+01,1.060179e+05,hf_lf
2.04881101e-02,4.8809e+01,1.036910e+05,hf_lf
2.11076345e-02,4.7376e+01,1.054489e+05,hf_lf
2.17271589e-02,4.6025e+01,9.865596e+04,hf_lf
2.23466834e-02,4.4749e+01,8.764975e+04,hf_lf
2.29662078e-02,4.3542e+01,8.985051e+04,hf_lf
2.35857322e-02,4.2399e+01,8.334119e+04,hf_lf
2.42052566e-02,4.1313e+01,8.964728e+04,hf_lf
2.48247810e-02,4.0282e+01,7.857652e+04,hf_lf
2.54443054e-02,3.9302e+01,7.809524e+04,hf_lf
2.60638298e-02,3.8367e+01,7.931419e+04,hf_lf
2.66833542e-02,3.7477e+01,7.716605e+04,hf_lf
2.73028786e-02,3.6626e+01,6.957376e+04,hf_lf
2.79224030e-02,3.5814e+01,7.156894e+04,hf_lf
2.85419274e-02,3.5036e+01,6.484867e+04,hf_lf
2.91614518e-02,3.4292e+01,6.341398e+04,hf_lf
2.97809762e-02,3.3578e+01,6.524075e+04,hf_lf
3.04005006e-02,3.2894e+01,5.859291e+04,hf_lf
3.10200250e-02,3.2237e+01,6.635763e+04,hf_lf
3.16395494e-02,3.1606e+01,5.592713e+04,hf_lf
3.22590738e-02,3.0999e+01,5.570899e+04,hf_lf
3.28785982e-02,3.0415e+01,5.398634e+04,hf_lf
3.34981227e-02,2.9852e+01,5.407545e+04,hf_lf
3.41176471e-02,2.9310e+01,5.333623e+04,hf_lf
3.47371715e-02,2.8788e+01,5.124715e+04,hf_lf
3.53566959e-02,2.8283e+01,5.092977e+04,hf_lf
3.59762203e-02,2.7796e+01,4.454488e+04,hf_lf
3.65957447e-02,2.7326e+01,4.588779e+04,hf_lf
3.72152691e-02,2.6871e+01,4.421469e+04,hf_lf
3.78347935e-02,2.6431e+01,3.941453e+04,hf_lf
3.84543179e-02,2.6005e+01,3.764789e+04,hf_lf
3.90738423e-02,2.5593e+01,3.842343e+04,hf_lf
3.96933667e-02,2.5193e+01,3.858890e+04,hf_lf
4.03128911e-02,2.4806e+01,3.865667e+04,hf_lf
4.09324155e-02,2.4431e+01,3.702415e+04,hf_lf
4.15519399e-02,2.4066e+01,3.208688e+04,hf_lf
4.21714643e-02,2.3713e+01,3.526119e+04,hf_lf
4.27909887e-02,2.3369e+01,3.529834e+04,hf_lf
4.34105131e-02,2.3036e+01,3.050181e+04,hf_lf
4.40300375e-02,2.2712e+01,2.989658e+04,hf_lf
4.46495620e-02,2.2397e+01,2.977078e+04,hf_lf
4.52690864e-02,2.2090e+01,2.951491e+04,hf_lf
4.58886108e-02,2.1792e+01,2.808713e+04,hf_lf
4.65081352e-02,2.1502e+01,2.681769e+04,hf_lf
4.71276596e-02,2.1219e+01,2.828509e+04,hf_lf
4.77471840e-02,2.0944e+01,2.678242e+04,hf_lf
4.83667084e-02,2.0675e+01,2.756527e+04,hf_lf
4.89862328e-02,2.0414e+01,2.684971e+04,hf_lf
4.96057572e-02,2.0159e+01,2.454238e+04,hf_lf
5.02252816e-02,1.9910e+01,2.539417e+04,hf_lf
5.08448060e-02,1.9668e+01,2.291790e+04,hf_lf
5.14643304e-02,1.9431e+01,2.298667e+04,hf_lf
5.20838548e-02,1.9200e+01,2.417387e+04,hf_lf
5.27033792e-02,1.8974e+01,2.461058e+04,hf_lf
5.33229036e-02,1.8754e+01,2.417373e+04,hf_lf
5.39424280e-02,1.8538e+01,2.491760e+04,hf_lf
5.45619524e-02,1.8328e+01,2.298564e+04,hf_lf
5.51814768e-02,1.8122e+01,2.138965e+04,hf_lf
5.58010013e-02,1.7921e+01,2.217493e+04,hf_lf
5.64205257e-02,1.7724e+01,2.282191e+04,hf_lf
5.70400501e-02,1.7532e+01,2.226225e+04,hf_lf
5.76595745e-02,1.7343e+01,2.173726e+04,hf_lf
5.82790989e-02,1.7159e+01,2.260225e+04,hf_lf
5.88986233e-02,1.6978e+01,2.245491e+04,hf_lf
5.95181477e-02,1.6802e+01,2.083573e+04,hf_lf
6.01376721e-02,1.6629e+01,1.985014e+04,hf_lf
6.07571965e-02,1.6459e+01,1.908913e+04,hf_lf
6.13767209e-02,1.6293e+01,2.030826e+04,hf_lf
6.19962453e-02,1.6130e+01,1.874619e+04,hf_lf
6.26157697e-02,1.5970e+01,2.009902e+04,hf_lf
6.32352941e-02,1.5814e+01,2.049917e+04,hf_lf
6.38548185e-02,1.5661e+01,1.967973e+04,hf_lf
6.44743429e-02,1.5510e+01,2.053136e+04,hf_lf
6.50938673e-02,1.5362e+01,1.971183e+04,hf_lf
6.57133917e-02,1.5218e+01,1.946143e+04,hf_lf
6.63329161e-02,1.5075e+01,2.139443e+04,hf_lf
6.69524406e-02,1.4936e+01,2.196824e+04,hf_lf
6.75719650e-02,1.4799e+01,2.063565e+04,hf_lf
6.81914894e-02,1.4665e+01,1.982802e+04,hf_lf
6.88110138e-02,1.4533e+01,1.845934e+04,hf_lf
6.94305382e-02,1.4403e+01,1.879502e+04,hf_lf
7.00500626e-02,1.4276e+01,2.127814e+04,hf_lf
7.06695870e-02,1.4150e+01,1.983623e+04,hf_lf
7.12891114e-02,1.4027e+01,2.152449e+04,hf_lf
7.19086358e-02,1.3907e+01,2.066727e+04,hf_lf
7.25281602e-02,1.3788e+01,1.976521e+04,hf_lf
7.31476846e-02,1.3671e+01,2.122113e+04,hf_lf
7.37672090e-02,1.3556e+01,2.085406e+04,hf_lf
7.43867334e-02,1.3443e+01,2.035296e+04,hf_lf
7.50062578e-02,1.3332e+01,2.066050e+04,hf_lf
7.56257822e-02,1.3223e+01,2.063219e+04,hf_lf
7.62453066e-02,1.3116e+01,2.038895e+04,hf_lf
7.68648310e-02,1.3010e+01,2.112599e+04,hf_lf
7.74843554e-02,1.2906e+01,2.221497e+04,hf_lf
7.81038798e-02,1.2803e+01,1.886299e+04,hf_lf
7.87234043e-02,1.2703e+01,2.103088e+04,hf_lf
7.93429287e-02,1.2604e+01,2.110925e+04,hf_lf
7.99624531e-02,1.2506e+01,2.215671e+04,hf_lf
8.05819775e-02,1.2410e+01,1.972761e+04,hf_lf
8.12015019e-02,1.2315e+01,2.300487e+04,hf_lf
8.18210263e-02,1.2222e+01,2.198059e+04,hf_lf
8.24405507e-02,1.2130e+01,2.134521e+04,hf_lf
8.30600751e-02,1.2039e+01,2.131238e+04,hf_lf
8.36795995e-02,1.1950e+01,2.090419e+04,hf_lf
8.42991239e-02,1.1863e+01,1.992806e+04,hf_lf
8.49186483e-02,1.1776e+01,2.129803e+04,hf_lf
8.55381727e-02,1.1691e+01,2.020432e+04,hf_lf
8.61576971e-02,1.1607e+01,2.162333e+04,hf_lf
8.67772215e-02,1.1524e+01,2.060172e+04,hf_lf
8.73967459e-02,1.1442e+01,2.056103e+04,hf_lf
8.80162703e-02,1.1362e+01,1.985980e+04,hf_lf
8.86357947e-02,1.1282e+01,2.234373e+04,hf_lf
8.92553191e-02,1.1204e+01,2.198421e+04,hf_lf
8.98748436e-02,1.1127e+01,2.140282e+04,hf_lf
9.04943680e-02,1.1050e+01,2.122685e+04,hf_lf
9.11138924e-02,1.0975e+01,2.133317e+04,hf_lf
9.17334168e-02,1.0901e+01,2.112252e+04,hf_lf
9.23529412e-02,1.0828e+01,2.162583e+04,hf_lf
9.29724656e-02,1.0756e+01,2.202887e+04,hf_lf
9.35919900e-02,1.0685e+01,2.168942e+04,hf_lf
9.42115144e-02,1.0614e+01,2.341778e+04,hf_lf
9.48310388e-02,1.0545e+01,2.281058e+04,hf_lf
9.54505632e-02,1.0477e+01,2.295583e+04,hf_lf
9.60700876e-02,1.0409e+01,2.138138e+04,hf_lf
9.66896120e-02,1.0342e+01,2.064853e+04,hf_lf
9.73091364e-02,1.0277e+01,2.104331e+04,hf_lf
9.79286608e-02,1.0212e+01,2.152682e+04,hf_lf
9.85481852e-02,1.0147e+01,2.225418e+04,hf_lf
9.91677096e-02,1.0084e+01,1.911186e+04,hf_lf
9.97872340e-02,1.0021e+01,1.948547e+04,hf_lf
1.00406758e-01,9.9595e+00,1.948202e+04,hf_lf
1.01026283e-01,9.8984e+00,1.862534e+04,hf_lf
1.01645807e-01,9.8381e+00,1.917766e+04,hf_lf
1.02265332e-01,9.7785e+00,1.888151e+04,hf_lf
1.02884856e-01,9.7196e+00,1.684172e+04,hf_lf
1.03504380e-01,9.6614e+00,1.665583e+04,hf_lf
1.04123905e-01,9.6039e+00,1.565028e+04,hf_lf
1.04743429e-01,9.5471e+00,1.592949e+04,hf_lf
1.05362954e-01,9.4910e+00,1.564356e+04,hf_lf
1.05982478e-01,9.4355e+00,1.712999e+04,hf_lf
1.06602003e-01,9.3807e+00,1.640265e+04,hf_lf
1.07221527e-01,9.3265e+00,1.647429e+04,hf_lf
1.07841051e-01,9.2729e+00,1.476455e+04,hf_lf
1.08460576e-01,9.2199e+00,1.505511e+04,hf_lf
1.09080100e-01,9.1676e+00,1.374115e+04,hf_lf
1.09699625e-01,9.1158e+00,1.439247e+04,hf_lf
1.10319149e-01,9.0646e+00,1.408496e+04,hf_lf
1.10938673e-01,9.0140e+00,1.458529e+04,hf_lf
1.11558198e-01,8.9639e+00,1.406820e+04,hf_lf
1.12177722e-01,8.9144e+00,1.430358e+04,hf_lf
1.12797247e-01,8.8655e+00,1.313815e+04,hf_lf
1.13416771e-01,8.8170e+00,1.390009e+04,hf_lf
1.14036295e-01,8.7691e+00,1.305756e+04,hf_lf
1.14655820e-01,8.7218e+00,1.303729e+04,hf_lf
1.15275344e-01,8.6749e+00,1.211918e+04,hf_lf
1.15894869e-01,8.6285e+00,1.262623e+04,hf_lf
1.16514393e-01,8.5826e+00,1.288547e+04,hf_lf
1.17133917e-01,8.5372e+00,1.276678e+04,hf_lf
1.17753442e-01,8.4923e+00,1.212038e+04,hf_lf
1.18372966e-01,8.4479e+00,1.105984e+04,hf_lf
1.18992491e-01,8.4039e+00,1.046210e+04,hf_lf
1.19612015e-01,8.3604e+00,1.089237e+04,hf_lf
1.20231539e-01,8.3173e+00,1.166957e+04,hf_lf
1.20851064e-01,8.2746e+00,1.086962e+04,hf_lf
1.21470588e-01,8.2324e+00,9.958415e+03,hf_lf
1.22090113e-01,8.1907e+00,9.847048e+03,hf_lf
1.22709637e-01,8.1493e+00,9.548514e+03,hf_lf
1.23329161e-01,8.1084e+00,1.106233e+04,hf_lf
1.23948686e-01,8.0679e+00,9.848573e+03,hf_lf
1.24568210e-01,8.0277e+00,1.044805e+04,hf_lf
1.25187735e-01,7.9880e+00,1.044088e+04,hf_lf
1.25807259e-01,7.9487e+00,1.037876e+04,hf_lf
1.26426783e-01,7.9097e+00,9.129139e+03,hf_lf
1.27046308e-01,7.8711e+00,9.084150e+03,hf_lf
1.27665832e-01,7.8329e+00,9.557345e+03,hf_lf
1.28285357e-01,7.7951e+00,9.726652e+03,hf_lf
1.28904881e-01,7.7577e+00,1.058226e+04,hf_lf
1.29524406e-01,7.7206e+00,9.649365e+03,hf_lf
1.30143930e-01,7.6838e+00,1.090359e+04,hf_lf
1.30763454e-01,7.6474e+00,9.974592e+03,hf_lf
1.31382979e-01,7.6113e+00,9.918479e+03,hf_lf
1.32002503e-01,7.5756e+00,1.020451e+04,hf_lf
1.32622028e-01,7.5402e+00,8.895763e+03,hf_lf
1.33241552e-01,7.5052e+00,9.991750e+03,hf_lf
1.33861076e-01,7.4704e+00,8.919837e+03,hf_lf
1.34480601e-01,7.4360e+00,9.759910e+03,hf_lf
1.35100125e-01,7.4019e+00,1.044933e+04,hf_lf
1.35719650e-01,7.3681e+00,9.485515e+03,hf_lf
1.36339174e-01,7.3346e+00,8.436089e+03,hf_lf
1.36958698e-01,7.3015e+00,9.478644e+03,hf_lf
1.37578223e-01,7.2686e+00,9.735283e+03,hf_lf
1.38197747e-01,7.2360e+00,8.328206e+03,hf_lf
1.38817272e-01,7.2037e+00,9.230819e+03,hf_lf
1.39436796e-01,7.1717e+00,9.365696e+03,hf_lf
1.40056320e-01,7.1400e+00,9.782524e+03,hf_lf
1.40675845e-01,7.1085e+00,1.009027e+04,hf_lf
1.41295369e-01,7.0774e+00,1.088950e+04,hf_lf
1.41914894e-01,7.0465e+00,1.015320e+04,hf_lf
1.42534418e-01,7.0158e+00,9.397252e+03,hf_lf
1.43153942e-01,6.9855e+00,9.447163e+03,hf_lf
1.43773467e-01,6.9554e+00,9.312509e+03,hf_lf
1.44392991e-01,6.9255e+00,1.022790e+04,hf_lf
1.45012516e-01,6.8960e+00,1.004749e+04,hf_lf
1.45632040e-01,6.8666e+00,9.741957e+03,hf_lf
1.46251564e-01,6.8375e+00,1.100412e+04,hf_lf
1.46871089e-01,6.8087e+00,1.050512e+04,hf_lf
1.47490613e-01,6.7801e+00,1.113819e+04,hf_lf
1.48110138e-01,6.7517e+00,1.098385e+04,hf_lf
1.48729662e-01,6.7236e+00,1.017871e+04,hf_lf
1.49349186e-01,6.6957e+00,1.038923e+04,hf_lf
1.49968711e-01,6.6681e+00,1.074308e+04,hf_lf
1.50588235e-01,6.6406e+00,1.148450e+04,hf_lf
1.51207760e-01,6.6134e+00,1.037676e+04,hf_lf
1.51827284e-01,6.5864e+00,1.128911e+04,hf_lf
1.52446809e-01,6.5597e+00,1.099489e+04,hf_lf
1.53066333e-01,6.5331e+00,1.092381e+04,hf_lf
1.53685857e-01,6.5068e+00,1.220408e+04,hf_lf
1.54305382e-01,6.4807e+00,1.461225e+04,hf_lf
1.54924906e-01,6.4547e+00,1.308618e+04,hf_lf
1.55544431e-01,6.4290e+00,1.262144e+04,hf_lf
1.56163955e-01,6.4035e+00,1.123970e+04,hf_lf
1.56783479e-01,6.3782e+00,1.221064e+04,hf_lf
1.57403004e-01,6.3531e+00,1.186566e+04,hf_lf
1.58022528e-01,6.3282e+00,1.319870e+04,hf_lf
1.58642053e-01,6.3035e+00,1.246553e+04,hf_lf
1.59261577e-01,6.2790e+00,1.435909e+04,hf_lf
1.59881101e-01,6.2546e+00,1.416397e+04,hf_lf
1.60500626e-01,6.2305e+00,1.280554e+04,hf_lf
1.61120150e-01,6.2065e+00,1.286041e+04,hf_lf
1.61739675e-01,6.1828e+00,1.316785e+04,hf_lf
1.62359199e-01,6.1592e+00,1.307798e+04,hf_lf
1.62978723e-01,6.1358e+00,1.619206e+04,hf_lf
1.63598248e-01,6.1125e+00,1.543123e+04,hf_lf
1.64217772e-01,6.0895e+00,1.585664e+04,hf_lf
1.64837297e-01,6.0666e+00,1.799123e+04,hf_lf
1.65456821e-01,6.0439e+00,1.612770e+04,hf_lf
1.66076345e-01,6.0213e+00,1.510420e+04,hf_lf
1.66695870e-01,5.9989e+00,1.721283e+04,hf_lf
1.67315394e-01,5.9767e+00,1.516660e+04,hf_lf
1.67934919e-01,5.9547e+00,1.535441e+04,hf_lf
1.68554443e-01,5.9328e+00,1.877702e+04,hf_lf
1.69173967e-01,5.9111e+00,1.910101e+04,hf_lf
1.69793492e-01,5.8895e+00,1.613840e+04,hf_lf
1.70413016e-01,5.8681e+00,1.586641e+04,hf_lf
1.71032541e-01,5.8468e+00,1.768234e+04,hf_lf
1.71652065e-01,5.8257e+00,1.753427e+04,hf_lf
1.72271589e-01,5.8048e+00,1.866411e+04,hf_lf
1.72891114e-01,5.7840e+00,1.932178e+04,hf_lf
1.73510638e-01,5.7633e+00,1.917606e+04,hf_lf
1.74130163e-01,5.7428e+00,1.590799e+04,hf_lf
1.74749687e-01,5.7225e+00,1.956308e+04,hf_lf
1.75369212e-01,5.7023e+00,1.784531e+04,hf_lf
1.75988736e-01,5.6822e+00,1.952619e+04,hf_lf
1.76608260e-01,5.6622e+00,1.948333e+04,hf_lf
1.77227785e-01,5.6425e+00,1.757886e+04,hf_lf
1.77847309e-01,5.6228e+00,1.769147e+04,hf_lf
1.78466834e-01,5.6033e+00,1.925903e+04,hf_lf
1.79086358e-01,5.5839e+00,1.906084e+04,hf_lf
1.79705882e-01,5.5646e+00,2.139198e+04,hf_lf
1.80325407e-01,5.5455e+00,1.936922e+04,hf_lf
1.80944931e-01,5.5265e+00,1.761991e+04,hf_lf
1.81564456e-01,5.5077e+00,1.814561e+04,hf_lf
1.82183980e-01,5.4890e+00,2.122607e+04,hf_lf
1.82803504e-01,5.4704e+00,1.899280e+04,hf_lf
1.83423029e-01,5.4519e+00,1.919398e+04,hf_lf
1.84042553e-01,5.4335e+00,1.809617e+04,hf_lf
1.84662078e-01,5.4153e+00,1.589371e+04,hf_lf
1.85281602e-01,5.3972e+00,2.063938e+04,hf_lf
1.85901126e-01,5.3792e+00,1.709366e+04,hf_lf
1.86520651e-01,5.3613e+00,1.824339e+04,hf_lf
1.87140175e-01,5.3436e+00,1.732368e+04,hf_lf
1.87759700e-01,5.3260e+00,1.788900e+04,hf_lf
1.88379224e-01,5.3084e+00,1.771785e+04,hf_lf
1.88998748e-01,5.2910e+00,1.886745e+04,hf_lf
1.89618273e-01,5.2738e+00,1.674476e+04,hf_lf
1.90237797e-01,5.2566e+00,1.475870e+04,hf_lf
1.90857322e-01,5.2395e+00,1.637407e+04,hf_lf
1.91476846e-01,5.2226e+00,1.566143e+04,hf_lf
1.92096370e-01,5.2057e+00,1.549476e+04,hf_lf
1.92715895e-01,5.1890e+00,1.370080e+04,hf_lf
1.93335419e-01,5.1724e+00,1.281936e+04,hf_lf
1.93954944e-01,5.1558e+00,1.305536e+04,hf_lf
1.94574468e-01,5.1394e+00,1.511843e+04,hf_lf
1.95193992e-01,5.1231e+00,1.348707e+04,hf_lf
1.95813517e-01,5.1069e+00,1.123701e+04,hf_lf
1.96433041e-01,5.0908e+00,1.247999e+04,hf_lf
1.97052566e-01,5.0748e+00,1.141126e+04,hf_lf
1.97672090e-01,5.0589e+00,1.230622e+04,hf_lf
1.98291615e-01,5.0431e+00,1.309160e+04,hf_lf
1.98911139e-01,5.0274e+00,1.063184e+04,hf_lf
1.99530663e-01,5.0118e+00,1.145131e+04,hf_lf
2.00150188e-01,4.9962e+00,1.115338e+04,hf_lf
2.00769712e-01,4.9808e+00,1.078939e+04,hf_lf
2.01389237e-01,4.9655e+00,1.273597e+04,hf_lf
2.02008761e-01,4.9503e+00,9.938071e+03,hf_lf
2.02628285e-01,4.9351e+00,9.920238e+03,hf_lf
2.03247810e-01,4.9201e+00,9.655534e+03,hf_lf
2.03867334e-01,4.9052e+00,9.509243e+03,hf_lf
2.04486859e-01,4.8903e+00,9.834858e+03,hf_lf
2.05106383e-01,4.8755e+00,1.080780e+04,hf_lf
2.05725907e-01,4.8608e+00,1.111170e+04,hf_lf
2.06345432e-01,4.8462e+00,8.983451e+03,hf_lf
2.06964956e-01,4.8317e+00,8.957628e+03,hf_lf
2.07584481e-01,4.8173e+00,8.101216e+03,hf_lf
2.08204005e-01,4.8030e+00,9.584120e+03,hf_lf
2.08823529e-01,4.7887e+00,8.505899e+03,hf_lf
2.09443054e-01,4.7746e+00,8.974545e+03,hf_lf
2.10062578e-01,4.7605e+00,8.497052e+03,hf_lf
2.10682103e-01,4.7465e+00,7.941510e+03,hf_lf
2.11301627e-01,4.7326e+00,8.032131e+03,hf_lf
2.11921151e-01,4.7187e+00,8.485923e+03,hf_lf
2.12540676e-01,4.7050e+00,8.402342e+03,hf_lf
2.13160200e-01,4.6913e+00,9.533157e+03,hf_lf
2.13779725e-01,4.6777e+00,8.912172e+03,hf_lf
2.14399249e-01,4.6642e+00,8.537141e+03,hf_lf
2.15018773e-01,4.6508e+00,8.342785e+03,hf_lf
2.15638298e-01,4.6374e+00,7.037665e+03,hf_lf
2.16257822e-01,4.6241e+00,8.097460e+03,hf_lf
2.16877347e-01,4.6109e+00,7.844465e+03,hf_lf
2.17496871e-01,4.5978e+00,7.865399e+03,hf_lf
2.18116395e-01,4.5847e+00,7.303615e+03,hf_lf
2.18735920e-01,4.5717e+00,7.046203e+03,hf_lf
2.19355444e-01,4.5588e+00,7.512221e+03,hf_lf
2.19974969e-01,4.5460e+00,7.627082e+03,hf_lf
2.20594493e-01,4.5332e+00,7.632389e+03,hf_lf
2.21214018e-01,4.5205e+00,7.504110e+03,hf_lf
2.21833542e-01,4.5079e+00,7.862552e+03,hf_lf
2.22453066e-01,4.4953e+00,6.550667e+03,hf_lf
2.23072591e-01,4.4828e+00,7.735991e+03,hf_lf
2.23692115e-01,4.4704e+00,8.090206e+03,hf_lf
2.24311640e-01,4.4581e+00,6.531769e+03,hf_lf
2.24931164e-01,4.4458e+00,6.458584e+03,hf_lf
2.25550688e-01,4.4336e+00,6.655403e+03,hf_lf
2.26170213e-01,4.4214e+00,6.906477e+03,hf_lf
2.26789737e-01,4.4094e+00,6.801623e+03,hf_lf
2.27409262e-01,4.3974e+00,6.494881e+03,hf_lf
2.28028786e-01,4.3854e+00,6.423973e+03,hf_lf
2.28648310e-01,4.3735e+00,6.442853e+03,hf_lf
2.29267835e-01,4.3617e+00,7.059123e+03,hf_lf
2.29887359e-01,4.3500e+00,6.247729e+03,hf_lf
2.30506884e-01,4.3383e+00,6.383406e+03,hf_lf
2.31126408e-01,4.3266e+00,6.644686e+03,hf_lf
2.31745932e-01,4.3151e+00,6.489970e+03,hf_lf
2.32365457e-01,4.3036e+00,6.253244e+03,hf_lf
2.32984981e-01,4.2921e+00,6.459907e+03,hf_lf
2.33604506e-01,4.2807e+00,6.913187e+03,hf_lf
2.34224030e-01,4.2694e+00,6.023960e+03,hf_lf
2.34843554e-01,4.2582e+00,5.931902e+03,hf_lf
2.35463079e-01,4.2470e+00,6.599962e+03,hf_lf
2.36082603e-01,4.2358e+00,6.024706e+03,hf_lf
2.36702128e-01,4.2247e+00,6.056955e+03,hf_lf
2.37321652e-01,4.2137e+00,5.630075e+03,hf_lf
2.37941176e-01,4.2027e+00,6.054671e+03,hf_lf
2.38560701e-01,4.1918e+00,6.263807e+03,hf_lf
2.39180225e-01,4.1809e+00,6.371819e+03,hf_lf
2.39799750e-01,4.1701e+00,6.523959e+03,hf_lf
2.40419274e-01,4.1594e+00,5.832148e+03,hf_lf
2.41038798e-01,4.1487e+00,5.865204e+03,hf_lf
2.41658323e-01,4.1381e+00,6.552057e+03,hf_lf
2.42277847e-01,4.1275e+00,6.173442e+03,hf_lf
2.42897372e-01,4.1170e+00,6.183983e+03,hf_lf
2.43516896e-01,4.1065e+00,6.603253e+03,hf_lf
2.44136421e-01,4.0961e+00,5.968108e+03,hf_lf
2.44755945e-01,4.0857e+00,5.770711e+03,hf_lf
2.45375469e-01,4.0754e+00,5.622260e+03,hf_lf
2.45994994e-01,4.0651e+00,6.197137e+03,hf_lf
2.46614518e-01,4.0549e+00,5.144594e+03,hf_lf
2.47234043e-01,4.0448e+00,5.984858e+03,hf_lf
2.47853567e-01,4.0346e+00,6.096405e+03,hf_lf
2.48473091e-01,4.0246e+00,5.244192e+03,hf_lf
2.49092616e-01,4.0146e+00,5.664872e+03,hf_lf
2.49712140e-01,4.0046e+00,5.455363e+03,hf_lf
2.50331665e-01,3.9947e+00,5.189894e+03,hf_lf
2.50951189e-01,3.9848e+00,5.313860e+03,hf_lf
2.51570713e-01,3.9750e+00,5.142380e+03,hf_lf
2.52190238e-01,3.9653e+00,5.169682e+03,hf_lf
2.52809762e-01,3.9555e+00,5.881492e+03,hf_lf
2.53429287e-01,3.9459e+00,5.404363e+03,hf_lf
2.54048811e-01,3.9363e+00,5.295835e+03,hf_lf
2.54668335e-01,3.9267e+00,5.444807e+03,hf_lf
2.55287860e-01,3.9171e+00,5.451206e+03,hf_lf
2.55907384e-01,3.9077e+00,5.842565e+03,hf_lf
2.56526909e-01,3.8982e+00,5.652343e+03,hf_lf
2.57146433e-01,3.8888e+00,5.094499e+03,hf_lf
2.57765957e-01,3.8795e+00,5.138500e+03,hf_lf
2.58385482e-01,3.8702e+00,5.709437e+03,hf_lf
2.59005006e-01,3.8609e+00,5.162704e+03,hf_lf
2.59624531e-01,3.8517e+00,5.048653e+03,hf_lf
2.60244055e-01,3.8425e+00,4.781718e+03,hf_lf
2.60863579e-01,3.8334e+00,5.194656e+03,hf_lf
2.61483104e-01,3.8243e+00,5.162009e+03,hf_lf
2.62102628e-01,3.8153e+00,5.643543e+03,hf_lf
2.62722153e-01,3.8063e+00,5.429217e+03,hf_lf
2.63341677e-01,3.7973e+00,5.516455e+03,hf_lf
2.63961202e-01,3.7884e+00,5.355082e+03,hf_lf
2.64580726e-01,3.7796e+00,5.715178e+03,hf_lf
2.65200250e-01,3.7707e+00,5.220867e+03,hf_lf
2.65819775e-01,3.7619e+00,5.745702e+03,hf_lf
2.66439299e-01,3.7532e+00,5.305600e+03,hf_lf
2.67058824e-01,3.7445e+00,5.107842e+03,hf_lf
2.67678348e-01,3.7358e+00,5.667985e+03,hf_lf
2.68297872e-01,3.7272e+00,4.893610e+03,hf_lf
2.68917397e-01,3.7186e+00,5.653849e+03,hf_lf
2.69536921e-01,3.7101e+00,5.243588e+03,hf_lf
2.70156446e-01,3.7016e+00,5.760588e+03,hf_lf
2.70775970e-01,3.6931e+00,5.006106e+03,hf_lf
2.71395494e-01,3.6847e+00,4.842419e+03,hf_lf
2.72015019e-01,3.6763e+00,5.381130e+03,hf_lf
2.72634543e-01,3.6679e+00,5.352622e+03,hf_lf
2.73254068e-01,3.6596e+00,5.209057e+03,hf_lf
2.73873592e-01,3.6513e+00,5.784495e+03,hf_lf
2.74493116e-01,3.6431e+00,5.825718e+03,hf_lf
2.75112641e-01,3.6349e+00,5.011472e+03,hf_lf
2.75732165e-01,3.6267e+00,5.983404e+03,hf_lf
2.76351690e-01,3.6186e+00,5.224190e+03,hf_lf
2.76971214e-01,3.6105e+00,5.288622e+03,hf_lf
2.77590738e-01,3.6024e+00,5.259981e+03,hf_lf
2.78210263e-01,3.5944e+00,5.368055e+03,hf_lf
2.78829787e-01,3.5864e+00,5.108251e+03,hf_lf
2.79449312e-01,3.5785e+00,5.149589e+03,hf_lf
2.80068836e-01,3.5706e+00,5.482147e+03,hf_lf
2.80688360e-01,3.5627e+00,5.514073e+03,hf_lf
2.81307885e-01,3.5548e+00,5.218774e+03,hf_lf
2.81927409e-01,3.5470e+00,5.022899e+03,hf_lf
2.82546934e-01,3.5392e+00,5.025750e+03,hf_lf
2.83166458e-01,3.5315e+00,4.794176e+03,hf_lf
2.83785982e-01,3.5238e+00,4.668647e+03,hf_lf
2.84405507e-01,3.5161e+00,5.182317e+03,hf_lf
2.85025031e-01,3.5085e+00,5.611940e+03,hf_lf
2.85644556e-01,3.5009e+00,5.224093e+03,hf_lf
2.86264080e-01,3.4933e+00,4.884514e+03,hf_lf
2.86883605e-01,3.4857e+00,5.100164e+03,hf_lf
2.87503129e-01,3.4782e+00,5.162353e+03,hf_lf
2.88122653e-01,3.4707e+00,5.117209e+03,hf_lf
2.88742178e-01,3.4633e+00,4.460099e+03,hf_lf
2.89361702e-01,3.4559e+00,4.871290e+03,hf_lf
2.89981227e-01,3.4485e+00,5.475932e+03,hf_lf
2.90600751e-01,3.4411e+00,5.780677e+03,hf_lf
2.91220275e-01,3.4338e+00,5.014905e+03,hf_lf
2.91839800e-01,3.4265e+00,4.992281e+03,hf_lf
2.92459324e-01,3.4193e+00,5.142140e+03,hf_lf
2.93078849e-01,3.4121e+00,5.376385e+03,hf_lf
2.93698373e-01,3.4049e+00,4.547880e+03,hf_lf
2.94317897e-01,3.3977e+00,5.752293e+03,hf_lf
2.94937422e-01,3.3905e+00,5.150019e+03,hf_lf
2.95556946e-01,3.3834e+00,5.253600e+03,hf_lf
2.96176471e-01,3.3764e+00,4.971394e+03,hf_lf
2.96795995e-01,3.3693e+00,5.201156e+03,hf_lf
2.97415519e-01,3.3623e+00,5.262668e+03,hf_lf
2.98035044e-01,3.3553e+00,5.549087e+03,hf_lf
2.98654568e-01,3.3483e+00,5.544086e+03,hf_lf
2.99274093e-01,3.3414e+00,5.293653e+03,hf_lf
2.99893617e-01,3.3345e+00,5.339034e+03,hf_lf
3.00513141e-01,3.3276e+00,5.431056e+03,hf_lf
3.01132666e-01,3.3208e+00,5.417033e+03,hf_lf
3.01752190e-01,3.3140e+00,5.093159e+03,hf_lf
3.02371715e-01,3.3072e+00,4.871438e+03,hf_lf
3.02991239e-01,3.3004e+00,4.971538e+03,hf_lf
3.03610763e-01,3.2937e+00,4.871260e+03,hf_lf
3.04230288e-01,3.2870e+00,5.543713e+03,hf_lf
3.04849812e-01,3.2803e+00,5.892639e+03,hf_lf
3.05469337e-01,3.2737e+00,5.354357e+03,hf_lf
3.06088861e-01,3.2670e+00,5.515417e+03,hf_lf
3.06708385e-01,3.2604e+00,6.198832e+03,hf_lf
3.07327910e-01,3.2539e+00,5.375791e+03,hf_lf
3.07947434e-01,3.2473e+00,5.646558e+03,hf_lf
3.08566959e-01,3.2408e+00,5.144729e+03,hf_lf
3.09186483e-01,3.2343e+00,5.048083e+03,hf_lf
3.09806008e-01,3.2278e+00,5.444250e+03,hf_lf
3.10425532e-01,3.2214e+00,5.554630e+03,hf_lf
3.11045056e-01,3.2150e+00,5.473287e+03,hf_lf
3.11664581e-01,3.2086e+00,5.340878e+03,hf_lf
3.12284105e-01,3.2022e+00,5.978437e+03,hf_lf
3.12903630e-01,3.1959e+00,5.863809e+03,hf_lf
3.13523154e-01,3.1896e+00,5.380708e+03,hf_lf
3.14142678e-01,3.1833e+00,5.503143e+03,hf_lf
3.14762203e-01,3.1770e+00,5.481144e+03,hf_lf
3.15381727e-01,3.1708e+00,5.851400e+03,hf_lf
3.16001252e-01,3.1645e+00,5.580405e+03,hf_lf
3.16620776e-01,3.1584e+00,5.294246e+03,hf_lf
3.17240300e-01,3.1522e+00,5.893444e+03,hf_lf
3.17859825e-01,3.1460e+00,6.033321e+03,hf_lf
3.18479349e-01,3.1399e+00,5.542945e+03,hf_lf
3.19098874e-01,3.1338e+00,6.018187e+03,hf_lf
3.19718398e-01,3.1278e+00,5.910463e+03,hf_lf
3.20337922e-01,3.1217e+00,6.570828e+03,hf_lf
3.20957447e-01,3.1157e+00,7.036887e+03,hf_lf
3.21576971e-01,3.1097e+00,6.562243e+03,hf_lf
3.22196496e-01,3.1037e+00,6.054406e+03,hf_lf
3.22816020e-01,3.0977e+00,6.705088e+03,hf_lf
3.23435544e-01,3.0918e+00,6.584427e+03,hf_lf
3.24055069e-01,3.0859e+00,6.219518e+03,hf_lf
3.24674593e-01,3.0800e+00,6.530968e+03,hf_lf
3.25294118e-01,3.0741e+00,5.608471e+03,hf_lf
3.25913642e-01,3.0683e+00,5.755999e+03,hf_lf
3.26533166e-01,3.0625e+00,5.805767e+03,hf_lf
3.27152691e-01,3.0567e+00,6.054663e+03,hf_lf
3.27772215e-01,3.0509e+00,7.066444e+03,hf_lf
3.28391740e-01,3.0451e+00,6.037223e+03,hf_lf
3.29011264e-01,3.0394e+00,5.774699e+03,hf_lf
3.29630788e-01,3.0337e+00,6.179821e+03,hf_lf
3.30250313e-01,3.0280e+00,6.377617e+03,hf_lf
3.30869837e-01,3.0223e+00,6.463637e+03,hf_lf
3.31489362e-01,3.0167e+00,6.708693e+03,hf_lf
3.32108886e-01,3.0111e+00,6.982408e+03,hf_lf
3.32728411e-01,3.0055e+00,5.577168e+03,hf_lf
3.33347935e-01,2.9999e+00,7.383371e+03,hf_lf
3.33967459e-01,2.9943e+00,7.304980e+03,hf_lf
3.34586984e-01,2.9888e+00,7.227408e+03,hf_lf
3.35206508e-01,2.9832e+00,6.810591e+03,hf_lf
3.35826033e-01,2.9777e+00,7.275284e+03,hf_lf
3.36445557e-01,2.9722e+00,9.481522e+03,hf_lf
3.37065081e-01,2.9668e+00,1.133220e+04,hf_lf
3.37684606e-01,2.9613e+00,9.369305e+03,hf_lf
3.38304130e-01,2.9559e+00,6.451288e+03,hf_lf
3.38923655e-01,2.9505e+00,1.255117e+04,hf_lf
3.39543179e-01,2.9451e+00,9.492174e+03,hf_lf
3.40162703e-01,2.9398e+00,8.638102e+03,hf_lf
3.40782228e-01,2.9344e+00,7.853695e+03,hf_lf
3.41401752e-01,2.9291e+00,7.457659e+03,hf_lf
3.42021277e-01,2.9238e+00,7.761076e+03,hf_lf
3.42640801e-01,2.9185e+00,8.164492e+03,hf_lf
3.43260325e-01,2.9132e+00,6.791581e+03,hf_lf
3.43879850e-01,2.9080e+00,6.737512e+03,hf_lf
3.44499374e-01,2.9028e+00,6.591914e+03,hf_lf
3.45118899e-01,2.8976e+00,7.229378e+03,hf_lf
3.45738423e-01,2.8924e+00,6.412604e+03,hf_lf
3.46357947e-01,2.8872e+00,5.965532e+03,hf_lf
3.46977472e-01,2.8820e+00,6.742253e+03,hf_lf
3.47596996e-01,2.8769e+00,6.521098e+03,hf_lf
3.48216521e-01,2.8718e+00,6.071930e+03,hf_lf
3.48836045e-01,2.8667e+00,6.243777e+03,hf_lf
3.49455569e-01,2.8616e+00,6.594613e+03,hf_lf
3.50075094e-01,2.8565e+00,5.582793e+03,hf_lf
3.50694618e-01,2.8515e+00,5.680506e+03,hf_lf
3.51314143e-01,2.8465e+00,6.314592e+03,hf_lf
3.51933667e-01,2.8414e+00,5.800249e+03,hf_lf
3.52553191e-01,2.8365e+00,5.747718e+03,hf_lf
3.53172716e-01,2.8315e+00,6.230056e+03,hf_lf
3.53792240e-01,2.8265e+00,6.885328e+03,hf_lf
3.54411765e-01,2.8216e+00,6.349253e+03,hf_lf
3.55031289e-01,2.8167e+00,5.694115e+03,hf_lf
3.55650814e-01,2.8117e+00,6.440385e+03,hf_lf
3.56270338e-01,2.8069e+00,6.418174e+03,hf_lf
3.56889862e-01,2.8020e+00,6.000077e+03,hf_lf
3.57509387e-01,2.7971e+00,5.899277e+03,hf_lf
3.58128911e-01,2.7923e+00,5.853891e+03,hf_lf
3.58748436e-01,2.7875e+00,5.658721e+03,hf_lf
3.59367960e-01,2.7827e+00,5.812798e+03,hf_lf
3.59987484e-01,2.7779e+00,5.711009e+03,hf_lf
3.60607009e-01,2.7731e+00,5.603923e+03,hf_lf
3.61226533e-01,2.7683e+00,5.708093e+03,hf_lf
3.61846058e-01,2.7636e+00,5.129298e+03,hf_lf
3.62465582e-01,2.7589e+00,5.530836e+03,hf_lf
3.63085106e-01,2.7542e+00,5.751453e+03,hf_lf
3.63704631e-01,2.7495e+00,6.006640e+03,hf_lf
3.64324155e-01,2.7448e+00,6.471755e+03,hf_lf
3.64943680e-01,2.7401e+00,5.072314e+03,hf_lf
3.65563204e-01,2.7355e+00,5.609193e+03,hf_lf
3.66182728e-01,2.7309e+00,5.213792e+03,hf_lf
3.66802253e-01,2.7263e+00,5.828467e+03,hf_lf
3.67421777e-01,2.7217e+00,5.547893e+03,hf_lf
3.68041302e-01,2.7171e+00,5.408768e+03,hf_lf
3.68660826e-01,2.7125e+00,5.838480e+03,hf_lf
3.69280350e-01,2.7080e+00,6.248424e+03,hf_lf
3.69899875e-01,2.7034e+00,6.442528e+03,hf_lf
3.70519399e-01,2.6989e+00,5.524289e+03,hf_lf
3.71138924e-01,2.6944e+00,5.700846e+03,hf_lf
3.71758448e-01,2.6899e+00,5.494269e+03,hf_lf
3.72377972e-01,2.6854e+00,5.329318e+03,hf_lf
3.72997497e-01,2.6810e+00,5.615691e+03,hf_lf
3.73617021e-01,2.6765e+00,6.135909e+03,hf_lf
3.74236546e-01,2.6721e+00,6.083398e+03,hf_lf
3.74856070e-01,2.6677e+00,5.613492e+03,hf_lf
3.75475594e-01,2.6633e+00,6.185392e+03,hf_lf
3.76095119e-01,2.6589e+00,6.092153e+03,hf_lf
3.76714643e-01,2.6545e+00,5.019323e+03,hf_lf
3.77334168e-01,2.6502e+00,5.509848e+03,hf_lf
3.77953692e-01,2.6458e+00,5.058730e+03,hf_lf
3.78573217e-01,2.6415e+00,5.210797e+03,hf_lf
3.79192741e-01,2.6372e+00,4.923563e+03,hf_lf
3.79812265e-01,2.6329e+00,5.518009e+03,hf_lf
3.80431790e-01,2.6286e+00,6.055344e+03,hf_lf
3.81051314e-01,2.6243e+00,5.398954e+03,hf_lf
3.81670839e-01,2.6201e+00,5.168782e+03,hf_lf
3.82290363e-01,2.6158e+00,5.734867e+03,hf_lf
3.82909887e-01,2.6116e+00,5.637652e+03,hf_lf
3.83529412e-01,2.6074e+00,5.698689e+03,hf_lf
3.84148936e-01,2.6032e+00,4.890865e+03,hf_lf
3.84768461e-01,2.5990e+00,5.109013e+03,hf_lf
3.85387985e-01,2.5948e+00,5.323432e+03,hf_lf
3.86007509e-01,2.5906e+00,5.531948e+03,hf_lf
3.86627034e-01,2.5865e+00,5.598845e+03,hf_lf
3.87246558e-01,2.5823e+00,6.268346e+03,hf_lf
3.87866083e-01,2.5782e+00,5.653766e+03,hf_lf
3.88485607e-01,2.5741e+00,5.386125e+03,hf_lf
3.89105131e-01,2.5700e+00,5.327535e+03,hf_lf
3.89724656e-01,2.5659e+00,5.221560e+03,hf_lf
3.90344180e-01,2.5618e+00,5.711565e+03,hf_lf
3.90963705e-01,2.5578e+00,5.091189e+03,hf_lf
3.91583229e-01,2.5537e+00,5.655986e+03,hf_lf
3.92202753e-01,2.5497e+00,4.790930e+03,hf_lf
3.92822278e-01,2.5457e+00,5.833544e+03,hf_lf
3.93441802e-01,2.5417e+00,5.714912e+03,hf_lf
3.94061327e-01,2.5377e+00,5.430331e+03,hf_lf
3.94680851e-01,2.5337e+00,5.696604e+03,hf_lf
3.95300375e-01,2.5297e+00,5.252508e+03,hf_lf
3.95919900e-01,2.5258e+00,5.773792e+03,hf_lf
3.96539424e-01,2.5218e+00,5.768763e+03,hf_lf
3.97158949e-01,2.5179e+00,5.601160e+03,hf_lf
3.97778473e-01,2.5140e+00,5.176604e+03,hf_lf
3.98397997e-01,2.5101e+00,4.968737e+03,hf_lf
3.99017522e-01,2.5062e+00,5.563515e+03,hf_lf
3.99637046e-01,2.5023e+00,5.273668e+03,hf_lf
4.00256571e-01,2.4984e+00,5.093892e+03,hf_lf
4.00876095e-01,2.4945e+00,5.159392e+03,hf_lf
4.01495620e-01,2.4907e+00,5.878769e+03,hf_lf
4.02115144e-01,2.4868e+00,6.163448e+03,hf_lf
4.02734668e-01,2.4830e+00,5.543386e+03,hf_lf
4.03354193e-01,2.4792e+00,5.584711e+03,hf_lf
4.03973717e-01,2.4754e+00,6.013665e+03,hf_lf
4.04593242e-01,2.4716e+00,5.149105e+03,hf_lf
4.05212766e-01,2.4678e+00,5.643709e+03,hf_lf
4.05832290e-01,2.4641e+00,5.064393e+03,hf_lf
4.06451815e-01,2.4603e+00,4.960132e+03,hf_lf
4.07071339e-01,2.4566e+00,5.717906e+03,hf_lf
4.07690864e-01,2.4528e+00,5.613715e+03,hf_lf
4.08310388e-01,2.4491e+00,5.843234e+03,hf_lf
4.08929912e-01,2.4454e+00,5.442762e+03,hf_lf
4.09549437e-01,2.4417e+00,5.413273e+03,hf_lf
4.10168961e-01,2.4380e+00,5.516028e+03,hf_lf
4.10788486e-01,2.4343e+00,5.747915e+03,hf_lf
4.11408010e-01,2.4307e+00,5.772646e+03,hf_lf
4.12027534e-01,2.4270e+00,5.195983e+03,hf_lf
4.12647059e-01,2.4234e+00,5.358859e+03,hf_lf
4.13266583e-01,2.4197e+00,5.455779e+03,hf_lf
4.13886108e-01,2.4161e+00,5.195681e+03,hf_lf
4.14505632e-01,2.4125e+00,5.283780e+03,hf_lf
4.15125156e-01,2.4089e+00,5.376040e+03,hf_lf
4.15744681e-01,2.4053e+00,5.058039e+03,hf_lf
4.16364205e-01,2.4017e+00,5.179070e+03,hf_lf
4.16983730e-01,2.3982e+00,5.563674e+03,hf_lf
4.17603254e-01,2.3946e+00,5.305238e+03,hf_lf
4.18222778e-01,2.3911e+00,5.501312e+03,hf_lf
4.18842303e-01,2.3875e+00,5.850539e+03,hf_lf
4.19461827e-01,2.3840e+00,4.957942e+03,hf_lf
4.20081352e-01,2.3805e+00,5.405783e+03,hf_lf
4.20700876e-01,2.3770e+00,6.177939e+03,hf_lf
4.21320401e-01,2.3735e+00,5.645923e+03,hf_lf
4.21939925e-01,2.3700e+00,5.805190e+03,hf_lf
4.22559449e-01,2.3665e+00,5.580463e+03,hf_lf
4.23178974e-01,2.3631e+00,5.318953e+03,hf_lf
4.23798498e-01,2.3596e+00,6.042648e+03,hf_lf
4.24418023e-01,2.3562e+00,5.649356e+03,hf_lf
4.25037547e-01,2.3527e+00,5.735090e+03,hf_lf
4.25657071e-01,2.3493e+00,5.795390e+03,hf_lf
4.26276596e-01,2.3459e+00,5.566491e+03,hf_lf
4.26896120e-01,2.3425e+00,5.793370e+03,hf_lf
4.27515645e-01,2.3391e+00,4.916374e+03,hf_lf
4.28135169e-01,2.3357e+00,5.978667e+03,hf_lf
4.28754693e-01,2.3323e+00,5.255322e+03,hf_lf
4.29374218e-01,2.3290e+00,6.059202e+03,hf_lf
4.29993742e-01,2.3256e+00,6.101883e+03,hf_lf
4.30613267e-01,2.3223e+00,5.687472e+03,hf_lf
4.31232791e-01,2.3189e+00,5.601750e+03,hf_lf
4.31852315e-01,2.3156e+00,5.330908e+03,hf_lf
4.32471840e-01,2.3123e+00,5.770491e+03,hf_lf
4.33091364e-01,2.3090e+00,5.628078e+03,hf_lf
4.33710889e-01,2.3057e+00,5.473671e+03,hf_lf
4.34330413e-01,2.3024e+00,5.807732e+03,hf_lf
4.34949937e-01,2.2991e+00,4.917211e+03,hf_lf
4.35569462e-01,2.2958e+00,5.873690e+03,hf_lf
4.36188986e-01,2.2926e+00,5.944663e+03,hf_lf
4.36808511e-01,2.2893e+00,5.320150e+03,hf_lf
4.37428035e-01,2.2861e+00,5.845713e+03,hf_lf
4.38047559e-01,2.2829e+00,5.417689e+03,hf_lf
4.38667084e-01,2.2796e+00,5.117582e+03,hf_lf
4.39286608e-01,2.2764e+00,5.700584e+03,hf_lf
4.39906133e-01,2.2732e+00,5.722730e+03,hf_lf
4.40525657e-01,2.2700e+00,5.744968e+03,hf_lf
4.41145181e-01,2.2668e+00,5.649543e+03,hf_lf
4.41764706e-01,2.2636e+00,6.206661e+03,hf_lf
4.42384230e-01,2.2605e+00,5.923178e+03,hf_lf
4.43003755e-01,2.2573e+00,5.873007e+03,hf_lf
4.43623279e-01,2.2542e+00,5.954615e+03,hf_lf
4.44242804e-01,2.2510e+00,5.688527e+03,hf_lf
4.44862328e-01,2.2479e+00,5.506378e+03,hf_lf
4.45481852e-01,2.2448e+00,5.994809e+03,hf_lf
4.46101377e-01,2.2416e+00,6.363852e+03,hf_lf
4.46720901e-01,2.2385e+00,5.833136e+03,hf_lf
4.47340426e-01,2.2354e+00,5.628504e+03,hf_lf
4.47959950e-01,2.2323e+00,5.670350e+03,hf_lf
4.48579474e-01,2.2293e+00,5.599232e+03,hf_lf
4.49198999e-01,2.2262e+00,6.203880e+03,hf_lf
4.49818523e-01,2.2231e+00,6.172498e+03,hf_lf
4.50438048e-01,2.2201e+00,6.050938e+03,hf_lf
4.51057572e-01,2.2170e+00,5.781995e+03,hf_lf
4.51677096e-01,2.2140e+00,6.166668e+03,hf_lf
4.52296621e-01,2.2109e+00,5.662788e+03,hf_lf
4.52916145e-01,2.2079e+00,5.723423e+03,hf_lf
4.53535670e-01,2.2049e+00,6.017825e+03,hf_lf
4.54155194e-01,2.2019e+00,5.561727e+03,hf_lf
4.54774718e-01,2.1989e+00,5.885935e+03,hf_lf
4.55394243e-01,2.1959e+00,5.755663e+03,hf_lf
4.56013767e-01,2.1929e+00,5.640487e+03,hf_lf
4.56633292e-01,2.1899e+00,5.649825e+03,hf_lf
4.57252816e-01,2.1870e+00,6.144778e+03,hf_lf
4.57872340e-01,2.1840e+00,5.809918e+03,hf_lf
4.58491865e-01,2.1811e+00,6.118201e+03,hf_lf
4.59111389e-01,2.1781e+00,6.362903e+03,hf_lf
4.59730914e-01,2.1752e+00,5.891072e+03,hf_lf
4.60350438e-01,2.1723e+00,6.408132e+03,hf_lf
4.60969962e-01,2.1693e+00,6.435153e+03,hf_lf
4.61589487e-01,2.1664e+00,6.639366e+03,hf_lf
4.62209011e-01,2.1635e+00,6.197197e+03,hf_lf
4.62828536e-01,2.1606e+00,6.681323e+03,hf_lf
4.63448060e-01,2.1577e+00,6.669963e+03,hf_lf
4.64067584e-01,2.1549e+00,6.006531e+03,hf_lf
4.64687109e-01,2.1520e+00,6.242603e+03,hf_lf
4.65306633e-01,2.1491e+00,6.265668e+03,hf_lf
4.65926158e-01,2.1463e+00,5.695430e+03,hf_lf
4.66545682e-01,2.1434e+00,6.088390e+03,hf_lf
4.67165207e-01,2.1406e+00,5.563536e+03,hf_lf
4.67784731e-01,2.1377e+00,6.455357e+03,hf_lf
4.68404255e-01,2.1349e+00,6.298526e+03,hf_lf
4.69023780e-01,2.1321e+00,6.352536e+03,hf_lf
4.69643304e-01,2.1293e+00,6.522106e+03,hf_lf
4.70262829e-01,2.1265e+00,6.495956e+03,hf_lf
4.70882353e-01,2.1237e+00,5.556891e+03,hf_lf
4.71501877e-01,2.1209e+00,6.131442e+03,hf_lf
4.72121402e-01,2.1181e+00,5.437059e+03,hf_lf
4.72740926e-01,2.1153e+00,6.406240e+03,hf_lf
4.73360451e-01,2.1126e+00,6.261953e+03,hf_lf
4.73979975e-01,2.1098e+00,6.798465e+03,hf_lf
4.74599499e-01,2.1070e+00,5.889872e+03,hf_lf
4.75219024e-01,2.1043e+00,6.216217e+03,hf_lf
4.75838548e-01,2.1016e+00,7.050953e+03,hf_lf
4.76458073e-01,2.0988e+00,6.646768e+03,hf_lf
4.77077597e-01,2.0961e+00,6.872451e+03,hf_lf
4.77697121e-01,2.0934e+00,6.629635e+03,hf_lf
4.78316646e-01,2.0907e+00,6.470542e+03,hf_lf
4.78936170e-01,2.0880e+00,6.402564e+03,hf_lf
4.79555695e-01,2.0853e+00,6.993422e+03,hf_lf
4.80175219e-01,2.0826e+00,6.197481e+03,hf_lf
4.80794743e-01,2.0799e+00,6.749913e+03,hf_lf
4.81414268e-01,2.0772e+00,6.645313e+03,hf_lf
4.82033792e-01,2.0745e+00,6.525632e+03,hf_lf
4.82653317e-01,2.0719e+00,7.121118e+03,hf_lf
4.83272841e-01,2.0692e+00,6.772771e+03,hf_lf
4.83892365e-01,2.0666e+00,6.629694e+03,hf_lf
4.84511890e-01,2.0639e+00,6.132445e+03,hf_lf
4.85131414e-01,2.0613e+00,7.205246e+03,hf_lf
4.85750939e-01,2.0587e+00,6.538193e+03,hf_lf
4.86370463e-01,2.0560e+00,6.533063e+03,hf_lf
4.86989987e-01,2.0534e+00,6.737994e+03,hf_lf
4.87609512e-01,2.0508e+00,6.810781e+03,hf_lf
4.88229036e-01,2.0482e+00,6.450947e+03,hf_lf
4.88848561e-01,2.0456e+00,6.175230e+03,hf_lf
4.89468085e-01,2.0430e+00,6.843656e+03,hf_lf
4.90087610e-01,2.0405e+00,6.701617e+03,hf_lf
4.90707134e-01,2.0379e+00,6.939865e+03,hf_lf
4.91326658e-01,2.0353e+00,6.269185e+03,hf_lf
4.91946183e-01,2.0327e+00,6.204911e+03,hf_lf
4.92565707e-01,2.0302e+00,6.544003e+03,hf_lf
4.93185232e-01,2.0276e+00,6.249298e+03,hf_lf
4.93804756e-01,2.0251e+00,5.934935e+03,hf_lf
4.94424280e-01,2.0226e+00,5.927291e+03,hf_lf
4.95043805e-01,2.0200e+00,6.231889e+03,hf_lf
4.95663329e-01,2.0175e+00,6.348754e+03,hf_lf
4.96282854e-01,2.0150e+00,6.533707e+03,hf_lf
4.96902378e-01,2.0125e+00,5.981882e+03,hf_lf
4.97521902e-01,2.0100e+00,7.016416e+03,hf_lf
4.98141427e-01,2.0075e+00,7.121583e+03,hf_lf
4.98760951e-01,2.0050e+00,6.579942e+03,hf_lf
4.99380476e-01,2.0025e+00,7.425434e+03,hf_lf
5.00000000e-01,2.0000e+00,6.582592e+03,hf_lf
