night_date,time,timestamp,mhr10
2024-12-08,01:09,1733616540,62.9
2024-12-08,01:43,1733618580,58.4
2024-12-08,01:59,1733619540,60.4
2024-12-08,02:13,1733620380,57.3
2024-12-08,02:32,1733621520,54.3
2024-12-08,02:52,1733622720,54.9
2024-12-08,03:08,1733623680,54.6
2024-12-08,03:23,1733624580,54.0
2024-12-08,03:40,1733625600,54.8
2024-12-08,03:57,1733626620,56.3
2024-12-08,04:13,1733627580,58.1
2024-12-08,04:29,1733628540,59.6
2024-12-08,05:01,1733630460,52.2
2024-12-08,05:23,1733631780,65.1
2024-12-08,05:36,1733632560,57.2
2024-12-08,05:51,1733633460,55.4
2024-12-08,06:03,1733634180,55.8
2024-12-08,06:36,1733636160,52.9
2024-12-08,06:48,1733636880,56.8
2024-12-08,07:13,1733638380,57.1
2024-12-08,07:29,1733639340,54.4
2024-12-08,07:40,1733640000,57.0
2024-12-08,08:13,1733641980,54.1
2024-12-08,08:25,1733642700,51.8
2024-12-08,08:44,1733643840,51.6
2024-12-08,09:45,1733647500,52.7
2024-12-08,09:57,1733648220,51.9
2024-12-08,10:14,1733649240,53.4
2024-12-09,23:38,1733697480,70.7
2024-12-09,23:58,1733698680,70.1
2024-12-09,00:22,1733700120,67.0
2024-12-09,00:43,1733701380,66.6
2024-12-09,01:41,1733704860,64.0
2024-12-09,01:55,1733705700,61.0
2024-12-09,02:15,1733706900,63.6
2024-12-09,02:38,1733708280,61.5
2024-12-09,03:01,1733709660,64.0
2024-12-09,03:13,1733710380,62.5
2024-12-09,03:45,1733712300,60.7
2024-12-09,03:56,1733712960,61.1
2024-12-09,04:10,1733713800,57.3
2024-12-09,04:21,1733714460,59.1
2024-12-09,04:42,1733715720,54.1
2024-12-09,05:03,1733716980,54.8
2024-12-09,05:30,1733718600,57.4
2024-12-09,05:43,1733719380,54.8
2024-12-09,05:54,1733720040,54.2
2024-12-09,06:08,1733720880,53.5
2024-12-09,06:35,1733722500,57.2
2024-12-09,06:57,1733723820,55.3
2024-12-10,00:39,1733787540,60.1
2024-12-10,00:51,1733788260,56.8
2024-12-10,01:04,1733789040,54.7
2024-12-10,01:26,1733790360,54.7
2024-12-10,01:51,1733791860,53.0
2024-12-10,02:12,1733793120,59.2
2024-12-10,02:24,1733793840,58.5
2024-12-10,02:35,1733794500,60.9
2024-12-10,03:00,1733796000,55.7
2024-12-10,03:17,1733797020,55.3
2024-12-10,03:33,1733797980,54.4
2024-12-10,04:35,1733801700,58.9
2024-12-10,04:51,1733802660,58.1
2024-12-10,05:07,1733803620,58.3
2024-12-10,05:31,1733805060,54.2
2024-12-10,05:44,1733805840,57.3
2024-12-10,06:00,1733806800,61.5
2024-12-10,06:18,1733807880,52.6
2024-12-11,23:27,1733869620,65.7
2024-12-11,23:44,1733870640,65.0
2024-12-11,00:08,1733872080,61.8
2024-12-11,00:26,1733873160,61.0
2024-12-11,00:46,1733874360,59.2
2024-12-11,01:13,1733875980,56.8
2024-12-11,01:30,1733877000,56.7
2024-12-11,01:45,1733877900,55.1
2024-12-11,02:03,1733878980,56.8
2024-12-11,02:31,1733880660,56.8
2024-12-11,02:45,1733881500,55.8
2024-12-11,03:12,1733883120,56.3
2024-12-11,03:23,1733883780,55.8
2024-12-11,03:45,1733885100,57.1
2024-12-11,04:07,1733886420,59.9
2024-12-11,04:24,1733887440,61.1
2024-12-11,04:40,1733888400,55.1
2024-12-11,04:54,1733889240,58.0
2024-12-11,05:31,1733891460,61.8
2024-12-11,05:47,1733892420,55.2
2024-12-11,06:03,1733893380,53.1
2024-12-11,06:16,1733894160,54.3
2024-12-11,06:26,1733894760,56.0
2024-12-12,00:44,1733960640,62.8
2024-12-12,01:07,1733962020,61.4
2024-12-12,01:33,1733963580,61.0
2024-12-12,01:44,1733964240,60.2
2024-12-12,02:07,1733965620,55.7
2024-12-12,02:18,1733966280,56.0
2024-12-12,02:30,1733967000,56.9
2024-12-12,02:41,1733967660,57.7
2024-12-12,03:02,1733968920,60.3
2024-12-12,03:27,1733970420,57.9
2024-12-12,03:42,1733971320,56.8
2024-12-12,03:55,1733972100,54.3
2024-12-12,04:07,1733972820,57.6
2024-12-12,04:31,1733974260,55.6
2024-12-12,04:52,1733975520,62.5
2024-12-12,05:02,1733976120,58.3
2024-12-12,05:30,1733977800,63.1
2024-12-12,05:56,1733979360,54.0
2024-12-12,06:14,1733980440,57.3
2024-12-12,06:26,1733981160,59.0
2024-12-12,06:45,1733982300,61.5
2024-12-12,07:14,1733984040,58.2
2024-12-12,07:24,1733984640,59.7
2024-12-13,01:38,1734050280,59.2
2024-12-13,01:51,1734051060,59.3
2024-12-13,02:03,1734051780,58.8
2024-12-13,02:16,1734052560,52.9
2024-12-13,02:30,1734053400,54.1
2024-12-13,02:54,1734054840,58.8
2024-12-13,03:11,1734055860,60.5
2024-12-13,03:27,1734056820,62.6
2024-12-13,03:47,1734058020,55.6
2024-12-13,04:09,1734059340,57.5
2024-12-13,04:24,1734060240,61.9
2024-12-13,04:41,1734061260,62.2
2024-12-13,04:53,1734061980,61.0
2024-12-13,05:13,1734063180,62.4
2024-12-13,05:37,1734064620,63.0
2024-12-13,06:11,1734066660,63.5
2024-12-13,06:22,1734067320,63.0
2024-12-13,07:04,1734069840,62.6
2024-12-13,07:31,1734071460,64.4
2024-12-13,07:46,1734072360,60.8
2024-12-14,01:41,1734136860,75.6
2024-12-14,01:52,1734137520,75.3
2024-12-14,02:04,1734138240,71.7
2024-12-14,02:14,1734138840,70.6
2024-12-14,02:26,1734139560,69.4
2024-12-14,02:36,1734140160,68.3
2024-12-14,02:52,1734141120,68.4
2024-12-14,03:23,1734142980,67.4
2024-12-14,03:40,1734144000,64.7
2024-12-14,03:55,1734144900,66.9
2024-12-14,04:11,1734145860,64.5
2024-12-14,04:33,1734147180,61.5
2024-12-14,04:57,1734148620,58.3
2024-12-14,05:54,1734152040,63.2
2024-12-14,06:08,1734152880,62.6
2024-12-14,06:18,1734153480,62.7
2024-12-14,06:32,1734154320,63.5
2024-12-14,06:49,1734155340,62.8
2024-12-14,07:12,1734156720,63.7
2024-12-14,07:42,1734158520,54.4
2024-12-14,07:54,1734159240,58.3
2024-12-14,08:30,1734161400,60.7
2024-12-14,08:48,1734162480,60.2
2024-12-14,09:02,1734163320,63.2
2024-12-14,09:32,1734165120,60.8
2024-12-14,09:47,1734166020,55.7
2024-12-14,10:23,1734168180,53.1
2024-12-14,10:57,1734170220,52.4
2024-12-14,11:19,1734171540,53.2
2024-12-14,11:55,1734173700,60.7
2024-12-14,12:05,1734174300,58.9
2024-12-14,12:17,1734175020,63.6
2024-12-14,12:41,1734176460,57.0
2024-12-14,12:57,1734177420,59.2
2024-12-14,13:23,1734178980,65.3
2024-12-14,13:56,1734180960,69.0
2024-12-14,14:50,1734184200,66.7
2024-12-14,15:01,1734184860,72.5
2024-12-14,15:32,1734186720,66.5
2024-12-14,15:57,1734188220,79.7
2024-12-14,16:10,1734189000,75.9
2024-12-14,16:45,1734191100,70.9
2024-12-14,16:59,1734191940,74.6
2024-12-14,17:45,1734194700,82.3
2024-12-14,17:58,1734195480,81.6
2024-12-14,18:10,1734196200,83.9
2024-12-14,18:38,1734197880,87.0
2024-12-15,04:38,1734233880,82.1
2024-12-15,04:50,1734234600,80.2
2024-12-15,05:06,1734235560,83.3
2024-12-15,05:23,1734236580,84.1
2024-12-15,05:39,1734237540,88.8
2024-12-15,06:09,1734239340,89.9
2024-12-15,06:25,1734240300,90.8
2024-12-15,06:44,1734241440,80.3
2024-12-15,07:08,1734242880,73.2
2024-12-15,07:26,1734243960,76.6
2024-12-15,08:13,1734246780,71.7
2024-12-15,08:49,1734248940,81.1
2024-12-15,09:07,1734250020,76.6
2024-12-16,00:42,1734306120,61.7
2024-12-16,01:10,1734307800,59.0
2024-12-16,01:22,1734308520,57.0
2024-12-16,01:33,1734309180,56.6
2024-12-16,01:53,1734310380,56.6
2024-12-16,02:17,1734311820,59.7
2024-12-16,02:49,1734313740,56.0
2024-12-16,03:06,1734314760,58.1
2024-12-16,03:23,1734315780,56.4
2024-12-16,03:45,1734317100,54.2
2024-12-16,03:57,1734317820,54.6
2024-12-16,04:18,1734319080,58.1
2024-12-16,04:31,1734319860,58.2
2024-12-16,05:08,1734322080,61.6
2024-12-16,05:25,1734323100,59.6
2024-12-16,05:50,1734324600,57.6
2024-12-16,06:02,1734325320,55.8
2024-12-16,06:14,1734326040,60.0
2024-12-16,06:26,1734326760,59.5
2024-12-16,06:58,1734328680,55.8
2024-12-16,07:13,1734329580,57.9
2024-12-16,07:52,1734331920,64.1
2024-12-16,08:22,1734333720,57.0
2024-12-16,08:41,1734334860,50.9
2024-12-16,08:54,1734335640,54.5
2024-12-17,01:22,1734394920,68.7
2024-12-17,01:45,1734396300,69.2
2024-12-17,02:04,1734397440,65.0
2024-12-17,02:15,1734398100,64.1
2024-12-17,02:29,1734398940,61.4
2024-12-17,02:53,1734400380,58.1
2024-12-17,03:23,1734402180,62.0
2024-12-17,03:42,1734403320,64.3
2024-12-17,03:57,1734404220,63.0
2024-12-17,04:15,1734405300,58.7
2024-12-17,04:39,1734406740,60.9
2024-12-17,04:52,1734407520,59.4
2024-12-17,05:31,1734409860,62.1
2024-12-17,05:49,1734410940,58.3
2024-12-17,05:59,1734411540,59.4
2024-12-17,06:14,1734412440,61.3
2024-12-17,06:26,1734413160,59.9
2024-12-17,06:40,1734414000,64.5
2024-12-17,06:57,1734415020,59.9
2024-12-17,07:13,1734415980,60.4
2024-12-17,07:24,1734416640,55.1
2024-12-17,07:38,1734417480,64.1
2024-12-18,00:46,1734479160,60.2
2024-12-18,01:02,1734480120,60.5
2024-12-18,01:16,1734480960,65.4
2024-12-18,01:40,1734482400,64.9
2024-12-18,02:01,1734483660,65.8
2024-12-18,02:18,1734484680,61.9
2024-12-18,02:40,1734486000,60.0
2024-12-18,03:06,1734487560,63.0
2024-12-18,03:28,1734488880,60.0
2024-12-18,04:08,1734491280,56.9
2024-12-18,04:20,1734492000,59.9
2024-12-18,04:37,1734493020,57.8
2024-12-18,05:09,1734494940,59.2
2024-12-18,05:34,1734496440,56.5
2024-12-18,05:50,1734497400,56.6
2024-12-18,06:02,1734498120,61.3
2024-12-18,06:14,1734498840,57.0
2024-12-18,06:28,1734499680,60.6
2024-12-18,06:54,1734501240,60.9
2024-12-18,07:33,1734503580,55.7
2024-12-19,01:10,1734567000,66.2
2024-12-19,01:35,1734568500,65.6
2024-12-19,01:58,1734569880,66.3
2024-12-19,02:30,1734571800,62.7
2024-12-19,02:45,1734572700,64.2
2024-12-19,03:20,1734574800,60.7
2024-12-19,03:54,1734576840,57.4
2024-12-19,04:22,1734578520,51.8
2024-12-19,04:36,1734579360,55.3
2024-12-19,04:47,1734580020,55.5
2024-12-19,05:09,1734581340,55.5
2024-12-19,05:22,1734582120,58.4
2024-12-19,05:44,1734583440,60.2
2024-12-19,05:55,1734584100,56.6
2024-12-19,06:15,1734585300,61.3
2024-12-19,06:26,1734585960,59.6
2024-12-19,06:37,1734586620,59.6
2024-12-19,06:47,1734587220,57.9
2024-12-19,06:59,1734587940,55.2
2024-12-19,07:12,1734588720,60.7
2024-12-19,07:22,1734589320,59.2
2024-12-19,07:32,1734589920,63.4
2024-12-19,07:53,1734591180,56.5
2024-12-20,01:03,1734652980,54.5
2024-12-20,01:19,1734653940,56.0
2024-12-20,01:46,1734655560,61.8
2024-12-20,02:01,1734656460,59.8
2024-12-20,02:19,1734657540,56.3
2024-12-20,02:30,1734658200,55.8
2024-12-20,02:59,1734659940,55.9
2024-12-20,03:13,1734660780,57.3
2024-12-20,03:41,1734662460,57.9
2024-12-20,03:56,1734663360,57.5
2024-12-20,04:10,1734664200,55.3
2024-12-20,04:23,1734664980,54.7
2024-12-20,04:49,1734666540,55.1
2024-12-20,05:07,1734667620,58.0
2024-12-20,05:27,1734668820,54.3
2024-12-20,05:39,1734669540,59.7
2024-12-20,05:58,1734670680,55.0
2024-12-20,06:34,1734672840,56.9
2024-12-20,06:57,1734674220,54.5
2024-12-20,07:15,1734675300,60.0
2024-12-20,07:40,1734676800,53.0
2024-12-20,07:53,1734677580,51.4
2024-12-20,08:15,1734678900,52.8
2024-12-21,01:50,1734742200,54.0
2024-12-21,02:11,1734743460,51.5
2024-12-21,02:37,1734745020,55.2
2024-12-21,02:50,1734745800,54.0
2024-12-21,03:04,1734746640,55.6
2024-12-21,03:22,1734747720,58.7
2024-12-21,03:44,1734749040,57.8
2024-12-21,04:02,1734750120,59.8
2024-12-21,04:21,1734751260,57.9
2024-12-21,04:45,1734752700,53.9
2024-12-21,05:04,1734753840,53.2
2024-12-21,05:23,1734754980,59.0
2024-12-21,05:37,1734755820,59.1
2024-12-21,06:05,1734757500,60.6
2024-12-21,06:17,1734758220,57.8
2024-12-21,06:29,1734758940,58.5
2024-12-21,06:46,1734759960,55.8
2024-12-21,07:00,1734760800,53.0
2024-12-21,07:25,1734762300,54.2
2024-12-21,07:40,1734763200,59.9
2024-12-21,08:00,1734764400,55.3
2024-12-21,08:15,1734765300,52.3
2024-12-21,08:30,1734766200,54.7
2024-12-21,08:43,1734766980,55.5
2024-12-21,09:11,1734768660,57.2
2024-12-21,09:25,1734769500,59.3
2024-12-22,23:48,1734821280,66.5
2024-12-22,00:13,1734822780,65.1
2024-12-22,00:27,1734823620,65.6
2024-12-22,00:51,1734825060,61.3
2024-12-22,01:15,1734826500,59.6
2024-12-22,01:41,1734828060,54.3
2024-12-22,02:10,1734829800,55.3
2024-12-22,02:22,1734830520,56.5
2024-12-22,02:34,1734831240,59.1
2024-12-22,02:53,1734832380,57.7
2024-12-22,03:08,1734833280,56.7
2024-12-22,03:20,1734834000,56.2
2024-12-22,03:39,1734835140,56.2
2024-12-22,04:16,1734837360,53.9
2024-12-22,04:31,1734838260,54.6
2024-12-22,04:53,1734839580,53.0
2024-12-22,05:14,1734840840,54.1
2024-12-22,05:35,1734842100,57.3
2024-12-22,05:51,1734843060,54.7
2024-12-22,06:08,1734844080,53.0
2024-12-22,06:39,1734845940,56.0
2024-12-22,06:56,1734846960,55.6
2024-12-22,07:07,1734847620,57.2
2024-12-22,07:21,1734848460,56.4
2024-12-22,07:43,1734849780,55.7
2024-12-22,08:05,1734851100,58.1
2024-12-22,08:25,1734852300,54.1
2024-12-22,08:46,1734853560,55.1
2024-12-22,08:56,1734854160,59.7
2024-12-22,09:24,1734855840,61.7
2024-12-23,00:58,1734911880,73.1
2024-12-23,01:12,1734912720,70.8
2024-12-23,01:38,1734914280,67.8
2024-12-23,02:00,1734915600,66.0
2024-12-23,02:12,1734916320,66.9
2024-12-23,02:23,1734916980,65.4
2024-12-23,02:38,1734917880,67.6
2024-12-23,03:04,1734919440,61.4
2024-12-23,03:33,1734921180,61.4
2024-12-23,03:51,1734922260,62.9
2024-12-23,04:19,1734923940,61.1
2024-12-23,04:35,1734924900,59.7
2024-12-23,04:59,1734926340,62.0
2024-12-23,05:16,1734927360,58.4
2024-12-23,05:30,1734928200,55.6
2024-12-23,05:49,1734929340,59.6
2024-12-23,06:29,1734931740,55.5
2024-12-23,06:49,1734932940,54.1
2024-12-23,07:03,1734933780,55.0
2024-12-23,07:15,1734934500,56.0
2024-12-23,07:27,1734935220,59.5
2024-12-24,00:28,1734996480,62.6
2024-12-24,00:44,1734997440,62.8
2024-12-24,00:55,1734998100,63.5
2024-12-24,01:16,1734999360,61.9
2024-12-24,01:34,1735000440,62.3
2024-12-24,02:06,1735002360,62.7
2024-12-24,02:18,1735003080,61.9
2024-12-24,02:55,1735005300,56.4
2024-12-24,03:13,1735006380,52.2
2024-12-24,03:38,1735007880,56.9
2024-12-24,03:57,1735009020,51.0
2024-12-24,04:28,1735010880,53.5
2024-12-24,04:48,1735012080,52.3
2024-12-24,05:03,1735012980,51.4
2024-12-24,05:26,1735014360,54.0
2024-12-24,05:38,1735015080,54.0
2024-12-24,06:13,1735017180,50.4
2024-12-24,06:30,1735018200,52.8
2024-12-24,06:47,1735019220,50.6
2024-12-24,07:02,1735020120,53.0
2024-12-24,07:27,1735021620,56.4
2024-12-25,23:10,1735078200,56.9
2024-12-25,23:36,1735079760,56.6
2024-12-25,23:58,1735081080,58.7
2024-12-25,00:20,1735082400,60.2
2024-12-25,00:35,1735083300,58.0
2024-12-25,01:15,1735085700,54.5
2024-12-25,01:33,1735086780,57.9
2024-12-25,01:44,1735087440,56.6
2024-12-25,02:02,1735088520,54.7
2024-12-25,02:12,1735089120,57.3
2024-12-25,02:26,1735089960,53.2
2024-12-25,02:41,1735090860,52.2
2024-12-25,03:18,1735093080,50.2
2024-12-25,03:44,1735094640,52.3
2024-12-25,04:04,1735095840,53.6
2024-12-25,04:36,1735097760,51.0
2024-12-25,04:47,1735098420,51.7
2024-12-25,05:23,1735100580,49.8
2024-12-25,05:34,1735101240,51.2
2024-12-25,05:54,1735102440,60.0
2024-12-25,06:05,1735103100,54.3
2024-12-25,06:24,1735104240,56.4
2024-12-25,06:55,1735106100,51.9
2024-12-25,07:13,1735107180,50.7
2024-12-25,07:31,1735108260,54.2
2024-12-25,08:18,1735111080,61.9
2024-12-25,08:47,1735112820,49.9
2024-12-25,09:05,1735113900,51.6
2024-12-25,09:21,1735114860,51.5
2024-12-26,02:04,1735175040,65.6
2024-12-26,02:26,1735176360,60.9
2024-12-26,02:48,1735177680,62.9
2024-12-26,03:05,1735178700,62.1
2024-12-26,03:24,1735179840,63.3
2024-12-26,03:39,1735180740,60.8
2024-12-26,04:06,1735182360,59.5
2024-12-26,04:23,1735183380,59.0
2024-12-26,04:44,1735184640,59.2
2024-12-26,05:06,1735185960,56.5
2024-12-26,05:32,1735187520,56.6
2024-12-26,05:48,1735188480,58.2
2024-12-26,06:03,1735189380,57.2
2024-12-26,06:19,1735190340,57.2
2024-12-26,06:39,1735191540,55.3
2024-12-26,06:55,1735192500,53.4
2024-12-26,07:09,1735193340,51.2
2024-12-26,07:28,1735194480,57.3
2024-12-26,08:04,1735196640,53.8
2024-12-26,08:26,1735197960,55.5
2024-12-26,08:40,1735198800,55.3
2024-12-26,08:52,1735199520,56.7
2024-12-26,09:03,1735200180,52.2
2024-12-26,09:16,1735200960,53.9
2024-12-26,09:40,1735202400,53.1
2024-12-27,02:37,1735263420,54.6
2024-12-27,02:57,1735264620,59.8
2024-12-27,03:15,1735265700,60.3
2024-12-27,03:43,1735267380,59.2
2024-12-27,04:06,1735268760,60.2
2024-12-27,04:18,1735269480,59.5
2024-12-27,04:42,1735270920,62.8
2024-12-27,05:02,1735272120,61.8
2024-12-27,05:23,1735273380,58.0
2024-12-27,05:40,1735274400,55.0
2024-12-27,06:16,1735276560,60.6
2024-12-27,06:29,1735277340,61.1
2024-12-27,06:41,1735278060,57.7
2024-12-27,06:57,1735279020,57.2
2024-12-27,07:20,1735280400,54.5
2024-12-27,07:33,1735281180,54.8
2024-12-27,07:53,1735282380,57.5
2024-12-28,02:58,1735351080,58.9
2024-12-28,03:18,1735352280,59.9
2024-12-28,03:38,1735353480,58.4
2024-12-28,03:53,1735354380,58.2
2024-12-28,04:04,1735355040,57.9
2024-12-28,04:19,1735355940,60.4
2024-12-28,04:33,1735356780,62.8
2024-12-28,04:52,1735357920,61.7
2024-12-28,05:09,1735358940,54.7
2024-12-28,05:26,1735359960,60.2
2024-12-28,05:41,1735360860,60.0
2024-12-28,05:52,1735361520,60.1
2024-12-28,06:07,1735362420,61.1
2024-12-28,06:17,1735363020,59.8
2024-12-28,06:29,1735363740,59.0
2024-12-28,06:53,1735365180,56.3
2024-12-28,07:11,1735366260,56.2
2024-12-28,07:39,1735367940,52.2
2024-12-28,07:55,1735368900,55.5
2024-12-28,08:19,1735370340,57.2
2024-12-28,08:32,1735371120,56.9
2024-12-28,08:46,1735371960,55.7
2024-12-28,09:01,1735372860,58.0
2024-12-28,09:14,1735373640,55.0
2024-12-28,09:33,1735374780,55.7
2024-12-28,09:55,1735376100,52.2
2024-12-28,10:17,1735377420,55.0
2024-12-28,10:45,1735379100,56.6
2024-12-28,10:58,1735379880,57.1
2024-12-28,11:24,1735381440,64.3
2024-12-28,11:35,1735382100,62.9
2024-12-28,11:49,1735382940,62.9
2024-12-28,12:11,1735384260,64.0
2024-12-28,12:25,1735385100,63.9
2024-12-29,01:46,1735433160,62.2
2024-12-29,02:05,1735434300,59.6
2024-12-29,02:17,1735435020,59.0
2024-12-29,02:46,1735436760,61.5
2024-12-29,03:00,1735437600,64.2
2024-12-29,03:14,1735438440,61.1
2024-12-29,03:41,1735440060,59.3
2024-12-29,04:06,1735441560,58.0
2024-12-29,04:30,1735443000,58.4
2024-12-29,05:09,1735445340,57.8
2024-12-29,05:24,1735446240,57.9
2024-12-29,05:40,1735447200,57.8
2024-12-29,06:09,1735448940,56.8
2024-12-29,06:29,1735450140,55.8
2024-12-29,06:40,1735450800,58.6
2024-12-29,06:52,1735451520,56.5
2024-12-29,07:06,1735452360,61.1
2024-12-29,07:21,1735453260,57.2
2024-12-29,07:35,1735454100,55.5
2024-12-29,07:47,1735454820,57.6
2024-12-29,08:07,1735456020,57.3
2024-12-29,08:48,1735458480,56.0
2024-12-29,09:02,1735459320,53.4
2024-12-29,09:14,1735460040,54.3
2024-12-29,09:25,1735460700,58.4
2024-12-30,01:09,1735517340,64.6
2024-12-30,01:23,1735518180,60.0
2024-12-30,01:41,1735519260,59.8
2024-12-30,02:10,1735521000,61.8
2024-12-30,02:23,1735521780,60.5
2024-12-30,02:53,1735523580,60.9
2024-12-30,03:05,1735524300,59.5
2024-12-30,03:18,1735525080,55.3
2024-12-30,03:32,1735525920,57.1
2024-12-30,03:46,1735526760,53.6
2024-12-30,03:59,1735527540,57.6
2024-12-30,04:15,1735528500,57.2
2024-12-30,04:36,1735529760,58.2
2024-12-30,04:59,1735531140,56.0
2024-12-30,05:15,1735532100,55.6
2024-12-30,05:29,1735532940,57.7
2024-12-30,05:41,1735533660,54.3
2024-12-30,05:52,1735534320,55.7
2024-12-30,06:04,1735535040,53.4
2024-12-30,06:29,1735536540,52.9
2024-12-30,06:45,1735537500,52.8
2024-12-30,07:12,1735539120,57.7
2024-12-30,07:33,1735540380,57.1
2024-12-30,07:47,1735541220,56.5
2024-12-30,07:59,1735541940,57.4
2024-12-31,00:44,1735602240,57.8
2024-12-31,01:10,1735603800,61.1
2024-12-31,01:24,1735604640,62.8
2024-12-31,01:48,1735606080,63.3
2024-12-31,02:16,1735607760,66.3
2024-12-31,02:38,1735609080,64.0
2024-12-31,03:00,1735610400,65.5
2024-12-31,03:16,1735611360,61.2
2024-12-31,03:30,1735612200,66.3
2024-12-31,03:52,1735613520,61.9
2024-12-31,04:09,1735614540,63.8
2024-12-31,04:33,1735615980,59.3
2024-12-31,04:45,1735616700,60.1
2024-12-31,05:17,1735618620,59.1
2024-12-31,05:36,1735619760,60.1
2024-12-31,05:46,1735620360,60.2
2024-12-31,06:14,1735622040,57.9
2024-12-31,06:38,1735623480,53.8
2024-12-31,06:52,1735624320,49.5
2024-12-31,07:13,1735625580,54.2
2024-12-31,07:31,1735626660,56.3
2024-12-31,07:52,1735627920,53.6
2024-12-31,08:15,1735629300,53.5
2024-12-31,08:27,1735630020,53.9
2024-12-31,08:45,1735631100,59.8
2024-12-31,09:23,1735633380,53.1
2024-12-31,09:36,1735634160,52.1
2025-01-01,00:56,1735689360,63.7
2025-01-01,01:22,1735690920,58.1
2025-01-01,01:42,1735692120,59.1
2025-01-01,01:55,1735692900,59.4
2025-01-01,02:12,1735693920,55.7
2025-01-01,02:24,1735694640,59.1
2025-01-01,02:49,1735696140,59.9
2025-01-01,03:02,1735696920,61.2
2025-01-01,03:13,1735697580,61.7
2025-01-01,03:29,1735698540,59.9
2025-01-01,03:53,1735699980,59.9
2025-01-01,04:08,1735700880,58.5
2025-01-01,04:46,1735703160,61.8
2025-01-01,04:59,1735703940,63.0
2025-01-01,05:11,1735704660,62.2
2025-01-01,05:31,1735705860,59.8
2025-01-01,06:20,1735708800,62.2
2025-01-01,06:33,1735709580,59.5
2025-01-01,07:02,1735711320,59.3
2025-01-01,07:31,1735713060,58.5
2025-01-01,07:49,1735714140,58.6
2025-01-01,08:17,1735715820,56.0
2025-01-01,09:01,1735718460,59.9
2025-01-02,02:09,1735780140,63.7
2025-01-02,02:34,1735781640,64.1
2025-01-02,03:00,1735783200,62.0
2025-01-02,03:32,1735785120,66.5
2025-01-02,03:52,1735786320,60.0
2025-01-02,04:08,1735787280,61.5
2025-01-02,04:20,1735788000,60.1
2025-01-02,04:54,1735790040,60.2
2025-01-02,05:14,1735791240,62.6
2025-01-02,05:27,1735792020,61.1
2025-01-02,05:41,1735792860,62.4
2025-01-02,05:57,1735793820,64.0
2025-01-02,06:28,1735795680,61.4
2025-01-02,06:44,1735796640,60.2
2025-01-02,06:56,1735797360,63.6
2025-01-02,07:08,1735798080,64.2
2025-01-02,07:30,1735799400,64.3
2025-01-02,07:52,1735800720,66.8
2025-01-02,08:08,1735801680,58.7
2025-01-02,08:19,1735802340,58.2
2025-01-02,08:46,1735803960,68.2
2025-01-02,09:04,1735805040,60.4
2025-01-02,09:25,1735806300,60.6
2025-01-02,09:41,1735807260,57.8
2025-01-02,10:04,1735808640,63.0
2025-01-02,10:30,1735810200,57.2
2025-01-02,10:49,1735811340,58.5
2025-01-02,11:01,1735812060,60.0
2025-01-02,11:15,1735812900,63.3
2025-01-02,11:31,1735813860,59.8
2025-01-02,11:48,1735814880,59.9
2025-01-02,12:01,1735815660,60.2
2025-01-02,12:25,1735817100,61.4
2025-01-02,12:49,1735818540,60.2
2025-01-02,13:07,1735819620,57.9
2025-01-02,13:25,1735820700,59.6
2025-01-02,13:58,1735822680,63.2
2025-01-03,03:02,1735869720,64.3
2025-01-03,03:37,1735871820,55.3
2025-01-03,03:54,1735872840,56.0
2025-01-03,04:18,1735874280,56.0
2025-01-03,04:31,1735875060,56.3
2025-01-03,04:44,1735875840,57.1
2025-01-03,04:58,1735876680,63.1
2025-01-03,05:23,1735878180,57.9
2025-01-03,05:36,1735878960,59.2
2025-01-03,05:53,1735879980,64.3
2025-01-03,06:17,1735881420,60.1
2025-01-03,06:28,1735882080,58.7
2025-01-03,06:44,1735883040,65.2
2025-01-03,06:55,1735883700,65.4
2025-01-03,07:09,1735884540,64.3
2025-01-03,07:25,1735885500,61.9
2025-01-03,07:46,1735886760,61.5
2025-01-03,08:00,1735887600,60.6
2025-01-04,03:41,1735958460,58.8
2025-01-04,04:01,1735959660,60.7
2025-01-04,04:16,1735960560,58.9
2025-01-04,04:28,1735961280,62.9
2025-01-04,04:40,1735962000,62.4
2025-01-04,05:01,1735963260,60.0
2025-01-04,05:22,1735964520,60.1
2025-01-04,05:42,1735965720,62.1
2025-01-04,05:54,1735966440,61.1
2025-01-04,06:13,1735967580,63.4
2025-01-04,06:25,1735968300,62.4
2025-01-04,06:39,1735969140,61.3
2025-01-04,06:54,1735970040,58.7
2025-01-04,07:11,1735971060,62.3
2025-01-04,07:37,1735972620,60.4
2025-01-04,07:57,1735973820,61.2
2025-01-04,08:13,1735974780,61.0
2025-01-04,08:41,1735976460,63.9
2025-01-04,08:58,1735977480,58.6
2025-01-04,09:21,1735978860,61.8
2025-01-04,09:35,1735979700,58.0
2025-01-04,09:56,1735980960,58.4
2025-01-05,03:56,1736045760,68.5
2025-01-05,04:12,1736046720,63.6
2025-01-05,04:45,1736048700,61.9
2025-01-05,05:08,1736050080,64.3
2025-01-05,05:31,1736051460,63.5
2025-01-05,05:43,1736052180,65.6
2025-01-05,05:55,1736052900,68.4
2025-01-05,06:09,1736053740,64.8
2025-01-05,06:36,1736055360,63.1
2025-01-05,07:09,1736057340,60.0
2025-01-05,07:36,1736058960,61.6
2025-01-05,07:53,1736059980,66.1
2025-01-05,08:21,1736061660,65.1
2025-01-05,08:33,1736062380,62.9
2025-01-05,08:58,1736063880,63.8
2025-01-05,09:12,1736064720,60.7
2025-01-05,09:38,1736066280,61.5
2025-01-05,10:03,1736067780,58.4
2025-01-05,10:18,1736068680,60.6
2025-01-05,10:41,1736070060,61.5
2025-01-05,10:52,1736070720,57.9
2025-01-05,11:37,1736073420,57.8
2025-01-06,04:16,1736133360,71.0
2025-01-06,04:32,1736134320,69.2
2025-01-06,04:48,1736135280,70.2
2025-01-06,05:32,1736137920,65.7
2025-01-06,05:50,1736139000,61.3
2025-01-06,06:01,1736139660,62.2
2025-01-06,06:16,1736140560,62.8
2025-01-06,06:29,1736141340,62.4
2025-01-06,06:43,1736142180,63.4
2025-01-06,06:57,1736143020,62.5
2025-01-06,07:12,1736143920,63.3
2025-01-06,07:29,1736144940,63.0
2025-01-06,07:43,1736145780,60.8
2025-01-06,07:59,1736146740,67.1
2025-01-06,08:19,1736147940,63.9
2025-01-06,08:35,1736148900,59.2
2025-01-06,08:56,1736150160,64.9
2025-01-06,09:09,1736150940,63.5
2025-01-06,09:20,1736151600,62.6
2025-01-06,09:33,1736152380,58.2
2025-01-06,09:58,1736153880,60.7
2025-01-06,10:13,1736154780,57.6
2025-01-06,10:26,1736155560,57.8
2025-01-06,11:00,1736157600,53.4
2025-01-06,11:12,1736158320,56.1
2025-01-06,11:31,1736159460,56.8
2025-01-07,02:10,1736212200,71.1
2025-01-07,02:30,1736213400,66.0
2025-01-07,02:52,1736214720,66.6
2025-01-07,03:22,1736216520,62.0
2025-01-07,03:38,1736217480,61.0
2025-01-07,03:49,1736218140,64.7
2025-01-07,04:14,1736219640,60.9
2025-01-07,04:25,1736220300,56.2
2025-01-07,04:44,1736221440,55.8
2025-01-07,05:00,1736222400,58.9
2025-01-07,05:19,1736223540,58.8
2025-01-07,05:33,1736224380,59.9
2025-01-07,05:55,1736225700,58.6
2025-01-07,06:15,1736226900,55.2
2025-01-07,06:25,1736227500,58.2
2025-01-07,06:36,1736228160,56.5
2025-01-07,06:58,1736229480,59.7
2025-01-07,07:14,1736230440,54.0
2025-01-07,07:44,1736232240,55.2
2025-01-08,01:57,1736297820,74.2
2025-01-08,02:07,1736298420,73.7
2025-01-08,02:22,1736299320,70.7
2025-01-08,02:35,1736300100,69.0
2025-01-08,02:46,1736300760,69.3
2025-01-08,03:05,1736301900,66.7
2025-01-08,03:36,1736303760,61.2
2025-01-08,04:01,1736305260,60.4
2025-01-08,04:24,1736306640,62.5
2025-01-08,04:46,1736307960,59.2
2025-01-08,05:11,1736309460,57.7
2025-01-08,05:26,1736310360,60.7
2025-01-08,05:50,1736311800,61.0
2025-01-08,06:24,1736313840,63.4
2025-01-08,06:44,1736315040,60.2
2025-01-08,07:01,1736316060,61.5
2025-01-08,07:14,1736316840,59.6
2025-01-08,07:39,1736318340,60.1
2025-01-08,08:09,1736320140,61.1
2025-01-08,08:26,1736321160,60.2
2025-01-09,00:51,1736380260,69.9
2025-01-09,01:08,1736381280,70.3
2025-01-09,01:20,1736382000,70.9
2025-01-09,01:51,1736383860,73.1
2025-01-09,02:06,1736384760,72.4
2025-01-09,02:26,1736385960,69.3
2025-01-09,02:54,1736387640,70.9
2025-01-09,03:04,1736388240,70.2
2025-01-09,03:42,1736390520,67.9
2025-01-09,04:01,1736391660,66.5
2025-01-09,04:16,1736392560,60.7
2025-01-09,04:28,1736393280,65.4
2025-01-09,04:50,1736394600,65.5
2025-01-09,05:04,1736395440,68.7
2025-01-09,05:29,1736396940,66.4
2025-01-09,05:43,1736397780,66.9
2025-01-09,05:56,1736398560,67.2
2025-01-09,06:08,1736399280,65.3
2025-01-09,06:55,1736402100,61.0
2025-01-09,07:23,1736403780,65.0
2025-01-09,07:35,1736404500,63.2
2025-01-09,07:52,1736405520,60.7
2025-01-10,01:57,1736470620,68.7
2025-01-10,02:19,1736471940,68.9
2025-01-10,02:34,1736472840,64.8
2025-01-10,02:51,1736473860,69.0
2025-01-10,03:02,1736474520,68.4
2025-01-10,03:34,1736476440,64.6
2025-01-10,03:53,1736477580,62.7
2025-01-10,04:07,1736478420,59.9
2025-01-10,04:27,1736479620,59.7
2025-01-10,04:39,1736480340,60.5
2025-01-10,05:05,1736481900,61.9
2025-01-10,05:22,1736482920,63.6
2025-01-10,05:50,1736484600,62.1
2025-01-10,06:17,1736486220,66.5
2025-01-10,06:38,1736487480,64.8
2025-01-10,06:49,1736488140,67.6
2025-01-10,07:08,1736489280,67.5
2025-01-10,07:28,1736490480,68.8
2025-01-10,07:56,1736492160,65.7
2025-01-10,08:34,1736494440,74.7
2025-01-10,08:47,1736495220,70.9
2025-01-10,09:09,1736496540,59.5
2025-01-10,09:41,1736498460,53.9
2025-01-10,10:04,1736499840,51.3
2025-01-10,10:23,1736500980,51.3
2025-01-10,10:44,1736502240,51.7
2025-01-10,11:05,1736503500,49.8
2025-01-11,02:52,1736560320,66.6
2025-01-11,03:11,1736561460,63.0
2025-01-11,03:35,1736562900,63.3
2025-01-11,03:58,1736564280,67.2
2025-01-11,04:10,1736565000,65.8
2025-01-11,04:30,1736566200,66.6
2025-01-11,04:57,1736567820,66.8
2025-01-11,05:15,1736568900,62.6
2025-01-11,05:27,1736569620,62.7
2025-01-11,05:55,1736571300,60.4
2025-01-11,06:06,1736571960,63.6
2025-01-11,06:34,1736573640,61.8
2025-01-11,07:00,1736575200,64.5
2025-01-11,07:13,1736575980,65.0
2025-01-11,07:23,1736576580,63.7
2025-01-11,07:42,1736577720,60.7
2025-01-11,07:56,1736578560,59.9
2025-01-11,08:16,1736579760,62.8
2025-01-11,08:34,1736580840,61.7
2025-01-11,08:55,1736582100,61.9
2025-01-11,09:19,1736583540,60.8
2025-01-12,03:23,1736648580,67.5
2025-01-12,03:45,1736649900,64.2
2025-01-12,04:09,1736651340,62.5
2025-01-12,04:25,1736652300,61.4
2025-01-12,04:38,1736653080,60.0
2025-01-12,04:54,1736654040,64.9
2025-01-12,05:07,1736654820,68.0
2025-01-12,05:29,1736656140,63.9
2025-01-12,06:03,1736658180,60.4
2025-01-12,06:27,1736659620,59.3
2025-01-12,06:45,1736660700,62.6
2025-01-12,07:07,1736662020,60.6
2025-01-12,07:23,1736662980,57.6
2025-01-12,07:50,1736664600,62.4
2025-01-12,08:16,1736666160,60.4
2025-01-12,08:44,1736667840,59.0
2025-01-12,09:00,1736668800,62.5
2025-01-12,09:26,1736670360,62.7
2025-01-13,01:02,1736726520,69.1
2025-01-13,01:18,1736727480,69.7
2025-01-13,01:41,1736728860,68.2
2025-01-13,01:58,1736729880,68.1
2025-01-13,02:18,1736731080,67.8
2025-01-13,02:45,1736732700,66.5
2025-01-13,03:09,1736734140,65.0
2025-01-13,03:20,1736734800,65.0
2025-01-13,03:32,1736735520,64.3
2025-01-13,03:43,1736736180,62.6
2025-01-13,03:55,1736736900,63.5
2025-01-13,04:18,1736738280,66.7
2025-01-13,04:29,1736738940,61.7
2025-01-13,05:02,1736740920,61.7
2025-01-13,05:16,1736741760,61.5
2025-01-13,05:39,1736743140,55.6
2025-01-13,05:57,1736744220,55.3
2025-01-13,06:10,1736745000,59.6
2025-01-13,06:27,1736746020,55.9
2025-01-13,06:37,1736746620,55.8
2025-01-13,07:18,1736749080,53.8
2025-01-13,07:31,1736749860,52.7
2025-01-13,08:04,1736751840,53.3
2025-01-13,08:18,1736752680,55.8
2025-01-13,08:35,1736753700,55.2
2025-01-14,01:38,1736815080,75.2
2025-01-14,02:01,1736816460,74.8
2025-01-14,02:15,1736817300,72.4
2025-01-14,02:35,1736818500,70.9
2025-01-14,02:46,1736819160,70.3
2025-01-14,03:08,1736820480,67.7
2025-01-14,03:29,1736821740,68.7
2025-01-14,03:41,1736822460,67.3
2025-01-14,03:58,1736823480,67.4
2025-01-14,04:16,1736824560,66.1
2025-01-14,04:30,1736825400,65.4
2025-01-14,04:41,1736826060,66.6
2025-01-14,04:57,1736827020,66.6
2025-01-14,05:12,1736827920,65.9
2025-01-14,05:36,1736829360,67.6
2025-01-14,05:47,1736830020,66.5
2025-01-14,06:18,1736831880,62.7
2025-01-14,06:32,1736832720,67.2
2025-01-14,06:46,1736833560,63.5
2025-01-14,06:56,1736834160,63.2
2025-01-14,07:07,1736834820,63.2
2025-01-15,01:26,1736900760,56.5
2025-01-15,01:52,1736902320,57.9
2025-01-15,02:05,1736903100,57.2
2025-01-15,02:26,1736904360,57.7
2025-01-15,02:42,1736905320,57.5
2025-01-15,02:57,1736906220,60.1
2025-01-15,03:16,1736907360,60.2
2025-01-15,03:27,1736908020,57.4
2025-01-15,03:46,1736909160,58.0
2025-01-15,04:01,1736910060,55.1
2025-01-15,04:29,1736911740,58.3
2025-01-15,04:44,1736912640,55.5
2025-01-15,04:57,1736913420,56.6
2025-01-15,05:21,1736914860,52.6
2025-01-15,05:41,1736916060,56.2
2025-01-15,05:53,1736916780,55.4
2025-01-15,06:06,1736917560,55.6
2025-01-15,06:27,1736918820,54.9
2025-01-15,06:54,1736920440,54.4
2025-01-15,07:10,1736921400,56.0
2025-01-16,03:55,1736996100,62.2
2025-01-16,04:13,1736997180,63.0
2025-01-16,04:33,1736998380,65.8
2025-01-16,05:03,1737000180,67.2
2025-01-16,05:22,1737001320,64.1
2025-01-16,05:47,1737002820,61.6
2025-01-16,06:18,1737004680,62.1
2025-01-16,06:40,1737006000,58.7
2025-01-16,07:02,1737007320,60.6
2025-01-16,07:23,1737008580,60.3
2025-01-16,07:47,1737010020,57.4
2025-01-17,02:44,1737078240,68.6
2025-01-17,03:04,1737079440,67.9
2025-01-17,03:16,1737080160,67.8
2025-01-17,03:40,1737081600,65.2
2025-01-17,04:24,1737084240,61.0
2025-01-17,04:54,1737086040,57.8
2025-01-17,05:06,1737086760,60.9
2025-01-17,05:18,1737087480,59.8
2025-01-17,05:30,1737088200,63.9
2025-01-17,05:43,1737088980,63.2
2025-01-17,05:59,1737089940,60.8
2025-01-17,06:13,1737090780,59.5
2025-01-17,06:34,1737092040,57.1
2025-01-17,06:45,1737092700,56.2
2025-01-17,07:06,1737093960,57.7
2025-01-17,07:29,1737095340,56.0
2025-01-17,07:49,1737096540,57.0
2025-01-18,03:08,1737166080,64.2
2025-01-18,03:20,1737166800,62.4
2025-01-18,03:43,1737168180,61.9
2025-01-18,04:03,1737169380,61.2
2025-01-18,04:24,1737170640,60.0
2025-01-18,04:37,1737171420,56.5
2025-01-18,05:00,1737172800,54.9
2025-01-18,05:15,1737173700,52.5
2025-01-18,05:38,1737175080,55.7
2025-01-18,05:55,1737176100,55.0
2025-01-18,06:23,1737177780,59.4
2025-01-18,06:33,1737178380,58.8
2025-01-18,07:45,1737182700,55.1
2025-01-18,07:59,1737183540,57.3
2025-01-18,08:15,1737184500,55.8
2025-01-18,08:41,1737186060,59.1
2025-01-18,08:53,1737186780,54.9
2025-01-18,09:04,1737187440,56.4
2025-01-18,09:14,1737188040,54.8
2025-01-18,09:28,1737188880,54.4
2025-01-18,09:43,1737189780,55.2
2025-01-19,04:03,1737255780,59.9
2025-01-19,04:28,1737257280,60.8
2025-01-19,04:57,1737259020,63.9
2025-01-19,05:07,1737259620,63.5
2025-01-19,05:29,1737260940,61.9
2025-01-19,05:44,1737261840,64.9
2025-01-19,05:57,1737262620,65.5
2025-01-19,06:09,1737263340,61.0
2025-01-19,06:38,1737265080,60.3
2025-01-19,06:55,1737266100,55.1
2025-01-19,07:18,1737267480,63.8
2025-01-19,07:30,1737268200,64.0
2025-01-19,07:57,1737269820,63.4
2025-01-19,08:12,1737270720,59.5
2025-01-19,08:24,1737271440,59.6
2025-01-19,08:50,1737273000,60.0
2025-01-19,09:02,1737273720,59.5
2025-01-19,09:13,1737274380,60.8
2025-01-19,09:37,1737275820,58.6
2025-01-20,22:03,1737320580,63.3
2025-01-20,22:40,1737322800,58.7
2025-01-20,23:26,1737325560,60.3
2025-01-20,00:04,1737327840,70.6
2025-01-20,00:25,1737329100,68.9
2025-01-20,01:01,1737331260,64.1
2025-01-20,01:17,1737332220,62.6
2025-01-20,01:35,1737333300,64.8
2025-01-20,01:48,1737334080,55.6
2025-01-20,02:15,1737335700,57.7
2025-01-20,02:37,1737337020,60.7
2025-01-20,02:49,1737337740,62.1
2025-01-20,03:13,1737339180,52.8
2025-01-20,03:32,1737340320,53.7
2025-01-20,03:53,1737341580,53.8
2025-01-20,04:13,1737342780,49.6
2025-01-20,04:38,1737344280,53.9
2025-01-20,05:03,1737345780,54.6
2025-01-20,05:18,1737346680,51.7
2025-01-20,05:38,1737347880,52.9
2025-01-20,06:15,1737350100,53.8
2025-01-20,06:29,1737350940,51.5
2025-01-20,06:41,1737351660,54.1
2025-01-20,06:55,1737352500,53.2
2025-01-20,07:19,1737353940,53.3
2025-01-21,00:56,1737417360,68.4
2025-01-21,01:09,1737418140,67.8
2025-01-21,01:34,1737419640,67.7
2025-01-21,01:58,1737421080,63.7
2025-01-21,02:34,1737423240,58.9
2025-01-21,02:45,1737423900,61.1
2025-01-21,03:00,1737424800,62.9
2025-01-21,03:24,1737426240,62.8
2025-01-21,03:37,1737427020,56.5
2025-01-21,03:55,1737428100,58.4
2025-01-21,04:09,1737428940,57.6
2025-01-21,04:37,1737430620,55.9
2025-01-21,04:52,1737431520,57.2
2025-01-21,05:25,1737433500,57.8
2025-01-21,05:39,1737434340,57.3
2025-01-21,05:58,1737435480,59.0
2025-01-21,06:18,1737436680,55.6
2025-01-21,06:33,1737437580,58.3
2025-01-21,06:50,1737438600,54.6
2025-01-21,07:21,1737440460,58.0
2025-01-21,07:32,1737441120,57.2
2025-01-22,02:45,1737510300,56.6
2025-01-22,03:18,1737512280,57.1
2025-01-22,03:38,1737513480,59.0
2025-01-22,04:00,1737514800,58.1
2025-01-22,04:26,1737516360,62.6
2025-01-22,04:49,1737517740,58.4
2025-01-22,05:00,1737518400,58.7
2025-01-22,05:37,1737520620,51.9
2025-01-22,06:15,1737522900,60.2
2025-01-22,06:52,1737525120,58.2
2025-01-22,07:07,1737526020,56.1
2025-01-22,07:42,1737528120,53.4
2025-01-22,08:07,1737529620,58.5
2025-01-22,08:22,1737530520,58.8
2025-01-23,02:00,1737594000,64.7
2025-01-23,02:19,1737595140,65.6
2025-01-23,02:37,1737596220,64.3
2025-01-23,02:48,1737596880,63.7
2025-01-23,03:03,1737597780,66.9
2025-01-23,03:23,1737598980,65.8
2025-01-23,03:35,1737599700,65.9
2025-01-23,03:48,1737600480,61.1
2025-01-23,04:00,1737601200,61.7
2025-01-23,04:14,1737602040,60.9
2025-01-23,04:28,1737602880,57.7
2025-01-23,04:41,1737603660,57.6
2025-01-23,04:55,1737604500,55.6
2025-01-23,05:06,1737605160,55.9
2025-01-23,05:36,1737606960,58.5
2025-01-23,06:16,1737609360,63.8
2025-01-23,06:29,1737610140,60.2
2025-01-23,06:44,1737611040,53.9
2025-01-23,07:04,1737612240,60.5
2025-01-23,07:15,1737612900,60.2
2025-01-23,07:36,1737614160,58.7
2025-01-23,07:50,1737615000,59.3
2025-01-23,08:08,1737616080,59.6
2025-01-23,08:31,1737617460,61.4
2025-01-24,02:38,1737682680,74.6
2025-01-24,03:03,1737684180,72.8
2025-01-24,03:17,1737685020,71.8
2025-01-24,03:36,1737686160,67.0
2025-01-24,03:54,1737687240,60.4
2025-01-24,04:30,1737689400,58.2
2025-01-24,04:48,1737690480,58.4
2025-01-24,05:33,1737693180,57.8
2025-01-24,05:55,1737694500,53.7
2025-01-24,06:12,1737695520,56.3
2025-01-24,06:27,1737696420,59.0
2025-01-24,06:46,1737697560,54.2
2025-01-24,07:08,1737698880,59.8
2025-01-24,07:34,1737700440,60.0
2025-01-24,07:53,1737701580,60.6
2025-01-24,08:05,1737702300,60.8
2025-01-24,08:16,1737702960,59.2
2025-01-25,00:10,1737760200,73.0
2025-01-25,00:38,1737761880,66.3
2025-01-25,01:10,1737763800,61.7
2025-01-25,01:28,1737764880,58.4
2025-01-25,01:41,1737765660,58.5
2025-01-25,02:04,1737767040,55.5
2025-01-25,02:36,1737768960,53.5
2025-01-25,02:54,1737770040,54.1
2025-01-25,03:42,1737772920,52.6
2025-01-25,03:55,1737773700,56.0
2025-01-25,04:23,1737775380,54.3
2025-01-25,05:09,1737778140,56.2
2025-01-25,05:32,1737779520,55.2
2025-01-25,05:49,1737780540,56.4
2025-01-25,06:12,1737781920,58.0
2025-01-25,06:30,1737783000,51.3
2025-01-25,06:52,1737784320,53.4
2025-01-25,07:06,1737785160,54.5
2025-01-25,07:22,1737786120,55.3
2025-01-25,07:34,1737786840,58.0
2025-01-25,07:45,1737787500,60.6
2025-01-25,08:14,1737789240,51.9
2025-01-26,23:14,1737843240,63.0
2025-01-26,23:33,1737844380,65.8
2025-01-26,23:57,1737845820,61.2
2025-01-26,00:14,1737846840,59.1
2025-01-26,00:50,1737849000,58.4
2025-01-26,01:20,1737850800,58.0
2025-01-26,02:12,1737853920,57.5
2025-01-26,02:30,1737855000,62.0
2025-01-26,02:42,1737855720,59.8
2025-01-26,03:10,1737857400,56.3
2025-01-26,03:35,1737858900,57.4
2025-01-26,03:48,1737859680,56.9
2025-01-26,04:04,1737860640,53.7
2025-01-26,04:29,1737862140,56.5
2025-01-26,04:50,1737863400,55.3
2025-01-26,05:18,1737865080,54.3
2025-01-26,05:35,1737866100,51.9
2025-01-26,06:03,1737867780,51.4
2025-01-26,06:30,1737869400,55.7
2025-01-26,06:41,1737870060,55.4
2025-01-26,06:59,1737871140,54.7
2025-01-26,07:13,1737871980,53.2
2025-01-26,07:29,1737872940,52.8
2025-01-26,07:44,1737873840,54.6
2025-01-26,08:18,1737875880,56.2
2025-01-27,01:56,1737939360,67.4
2025-01-27,02:25,1737941100,68.8
2025-01-27,02:49,1737942540,68.5
2025-01-27,03:01,1737943260,68.8
2025-01-27,03:12,1737943920,68.2
2025-01-27,03:25,1737944700,69.6
2025-01-27,03:41,1737945660,69.4
2025-01-27,03:57,1737946620,62.2
2025-01-27,04:33,1737948780,64.8
2025-01-27,04:59,1737950340,62.8
2025-01-27,05:10,1737951000,62.4
2025-01-27,05:26,1737951960,58.9
2025-01-27,05:54,1737953640,70.8
2025-01-27,06:09,1737954540,64.4
2025-01-27,06:30,1737955800,56.0
2025-01-27,07:07,1737958020,59.0
2025-01-27,07:21,1737958860,61.2
2025-01-27,07:32,1737959520,65.9
2025-01-27,07:48,1737960480,63.2
2025-01-28,01:46,1738025160,76.5
2025-01-28,02:04,1738026240,73.7
2025-01-28,02:39,1738028340,71.1
2025-01-28,03:06,1738029960,70.3
2025-01-28,03:16,1738030560,71.5
2025-01-28,03:33,1738031580,65.3
2025-01-28,03:49,1738032540,64.3
2025-01-28,04:10,1738033800,66.0
2025-01-28,04:25,1738034700,63.0
2025-01-28,04:48,1738036080,60.5
2025-01-28,05:09,1738037340,65.2
2025-01-28,05:21,1738038060,61.8
2025-01-28,05:33,1738038780,62.7
2025-01-28,05:44,1738039440,64.9
2025-01-28,06:23,1738041780,68.3
2025-01-28,06:45,1738043100,66.3
2025-01-28,07:01,1738044060,60.8
2025-01-28,07:12,1738044720,62.0
2025-01-28,07:24,1738045440,62.5
2025-01-28,07:39,1738046340,65.0
2025-01-29,03:31,1738117860,64.9
2025-01-29,03:52,1738119120,64.3
2025-01-29,04:13,1738120380,62.2
2025-01-29,04:37,1738121820,60.3
2025-01-29,04:56,1738122960,64.7
2025-01-29,05:24,1738124640,63.5
2025-01-29,05:36,1738125360,58.6
2025-01-29,05:54,1738126440,57.1
2025-01-29,06:06,1738127160,54.8
2025-01-29,06:31,1738128660,57.6
2025-01-29,06:43,1738129380,59.3
2025-01-29,07:06,1738130760,58.3
2025-01-29,07:20,1738131600,57.2
2025-01-29,07:39,1738132740,59.2
2025-01-29,07:53,1738133580,54.0
2025-01-30,01:52,1738198320,71.1
2025-01-30,02:13,1738199580,71.2
2025-01-30,02:24,1738200240,72.2
2025-01-30,03:00,1738202400,73.2
2025-01-30,03:14,1738203240,74.8
2025-01-30,03:36,1738204560,69.5
2025-01-30,03:46,1738205160,67.2
2025-01-30,04:20,1738207200,64.8
2025-01-30,04:37,1738208220,62.1
2025-01-30,05:08,1738210080,64.6
2025-01-30,05:21,1738210860,64.6
2025-01-30,05:36,1738211760,60.5
2025-01-30,06:00,1738213200,64.9
2025-01-30,06:18,1738214280,59.7
2025-01-30,06:31,1738215060,59.0
2025-01-30,06:41,1738215660,60.1
2025-01-30,06:55,1738216500,58.9
2025-01-30,07:24,1738218240,62.2
2025-01-30,07:35,1738218900,55.9
2025-01-30,07:53,1738219980,56.4
2025-01-31,21:32,1738269120,69.8
2025-01-31,21:54,1738270440,69.3
2025-01-31,22:11,1738271460,68.6
2025-01-31,22:46,1738273560,65.4
2025-01-31,22:58,1738274280,62.5
2025-01-31,23:25,1738275900,63.0
2025-01-31,23:58,1738277880,64.2
2025-01-31,00:13,1738278780,67.1
2025-01-31,00:45,1738280700,66.0
2025-01-31,01:05,1738281900,69.9
2025-01-31,01:25,1738283100,64.8
2025-01-31,01:40,1738284000,65.4
2025-01-31,01:51,1738284660,63.7
2025-01-31,02:06,1738285560,65.9
2025-01-31,02:23,1738286580,63.3
2025-01-31,02:43,1738287780,60.4
2025-01-31,02:59,1738288740,61.4
2025-01-31,03:15,1738289700,53.8
2025-01-31,03:31,1738290660,54.2
2025-01-31,03:56,1738292160,59.3
2025-01-31,04:09,1738292940,58.0
2025-01-31,04:38,1738294680,54.4
2025-01-31,04:50,1738295400,57.3
2025-01-31,05:01,1738296060,58.4
2025-01-31,05:13,1738296780,56.9
2025-01-31,05:24,1738297440,58.8
2025-01-31,05:42,1738298520,62.8
2025-01-31,05:59,1738299540,55.9
2025-01-31,06:20,1738300800,55.7
2025-01-31,06:31,1738301460,61.1
2025-01-31,06:47,1738302420,56.8
2025-01-31,06:57,1738303020,55.6
2025-01-31,07:14,1738304040,55.7
2025-01-31,07:26,1738304760,55.8
2025-01-31,07:55,1738306500,54.3
2025-01-31,08:11,1738307460,60.3
2025-02-01,01:16,1738368960,73.8
2025-02-01,01:41,1738370460,72.4
2025-02-01,01:55,1738371300,68.7
2025-02-01,02:11,1738372260,65.5
2025-02-01,02:32,1738373520,65.5
2025-02-01,02:44,1738374240,67.4
2025-02-01,03:14,1738376040,65.2
2025-02-01,03:25,1738376700,64.2
2025-02-01,03:39,1738377540,63.9
2025-02-01,03:58,1738378680,59.2
2025-02-01,04:09,1738379340,62.0
2025-02-01,04:21,1738380060,62.8
2025-02-01,04:35,1738380900,59.5
2025-02-01,05:02,1738382520,62.4
2025-02-01,05:16,1738383360,60.4
2025-02-01,05:30,1738384200,58.3
2025-02-01,05:50,1738385400,61.9
2025-02-01,06:15,1738386900,58.5
2025-02-01,06:30,1738387800,61.2
2025-02-01,06:42,1738388520,62.5
2025-02-01,07:04,1738389840,54.8
2025-02-01,08:03,1738393380,61.1
2025-02-01,08:15,1738394100,58.3
2025-02-01,08:25,1738394700,63.6
2025-02-01,08:37,1738395420,60.4
2025-02-02,02:53,1738461180,68.5
2025-02-02,03:10,1738462200,65.6
2025-02-02,03:31,1738463460,64.9
2025-02-02,03:42,1738464120,63.9
2025-02-02,03:55,1738464900,64.7
2025-02-02,04:33,1738467180,61.5
2025-02-02,05:09,1738469340,60.2
2025-02-02,05:29,1738470540,65.8
2025-02-02,05:40,1738471200,64.4
2025-02-02,05:57,1738472220,60.4
2025-02-02,06:17,1738473420,63.3
2025-02-02,06:38,1738474680,57.9
2025-02-02,06:53,1738475580,57.8
2025-02-02,07:15,1738476900,58.8
2025-02-02,07:30,1738477800,55.6
2025-02-02,08:19,1738480740,58.5
2025-02-02,08:31,1738481460,61.5
2025-02-04,01:39,1738629540,61.4
2025-02-04,01:52,1738630320,62.5
2025-02-04,02:06,1738631160,64.3
2025-02-04,02:20,1738632000,63.9
2025-02-04,02:32,1738632720,61.7
2025-02-04,02:49,1738633740,58.1
2025-02-04,03:06,1738634760,61.9
2025-02-04,03:46,1738637160,60.5
2025-02-04,04:04,1738638240,59.0
2025-02-04,04:16,1738638960,60.2
2025-02-04,04:30,1738639800,59.0
2025-02-04,05:02,1738641720,60.5
2025-02-04,05:18,1738642680,59.3
2025-02-04,05:37,1738643820,55.4
2025-02-04,05:59,1738645140,52.6
2025-02-04,06:15,1738646100,51.8
2025-02-04,06:56,1738648560,63.0
2025-02-04,07:13,1738649580,57.4
2025-02-04,07:30,1738650600,61.3
2025-02-04,07:56,1738652160,57.6
2025-02-05,01:09,1738714140,71.8
2025-02-05,01:24,1738715040,70.5
2025-02-05,01:47,1738716420,69.4
2025-02-05,01:59,1738717140,72.6
2025-02-05,02:13,1738717980,70.5
2025-02-05,02:34,1738719240,72.1
2025-02-05,02:55,1738720500,73.5
2025-02-05,03:14,1738721640,70.9
2025-02-05,03:30,1738722600,67.7
2025-02-05,03:44,1738723440,66.8
2025-02-05,04:08,1738724880,68.3
2025-02-05,04:31,1738726260,73.0
2025-02-05,04:51,1738727460,68.1
2025-02-05,05:20,1738729200,66.4
2025-02-05,05:42,1738730520,67.3
2025-02-05,06:09,1738732140,67.2
2025-02-05,06:22,1738732920,59.4
2025-02-05,06:42,1738734120,63.0
2025-02-05,07:28,1738736880,63.6
2025-02-05,07:43,1738737780,58.7
2025-02-05,08:14,1738739640,61.1
2026-03-13,00:41,1773358860,69.0
2026-03-13,01:03,1773360180,75.5
2026-03-13,01:14,1773360840,70.5
2026-03-13,01:28,1773361680,72.9
2026-03-13,01:44,1773362640,68.4
2026-03-13,01:59,1773363540,70.8
2026-03-13,02:15,1773364500,66.8
2026-03-13,02:35,1773365700,66.2
2026-03-13,03:19,1773368340,65.0
2026-03-13,03:29,1773368940,65.3
2026-03-13,03:53,1773370380,63.9
2026-03-13,04:09,1773371340,58.9
2026-03-13,04:23,1773372180,59.5
2026-03-13,04:39,1773373140,61.8
2026-03-13,04:54,1773374040,63.3
2026-03-13,05:09,1773374940,62.6
2026-03-13,05:40,1773376800,53.4
2026-03-13,05:51,1773377460,58.7
2026-03-13,06:02,1773378120,59.4
2026-03-13,06:22,1773379320,58.7
2026-03-13,06:40,1773380400,54.2
2026-03-13,07:10,1773382200,56.3
2026-03-14,23:30,1773441000,73.9
2026-03-14,23:53,1773442380,67.6
2026-03-14,00:15,1773443700,67.4
2026-03-14,00:35,1773444900,68.5
2026-03-14,00:57,1773446220,69.4
2026-03-14,01:09,1773446940,68.1
2026-03-14,01:35,1773448500,70.7
2026-03-14,01:57,1773449820,70.2
2026-03-14,02:20,1773451200,62.3
2026-03-14,02:31,1773451860,60.9
2026-03-14,03:01,1773453660,64.6
2026-03-14,03:34,1773455640,55.9
2026-03-14,03:54,1773456840,56.9
2026-03-14,04:13,1773457980,53.1
2026-03-14,04:27,1773458820,54.9
2026-03-14,05:03,1773460980,60.0
2026-03-14,05:28,1773462480,60.9
2026-03-14,05:40,1773463200,53.9
2026-03-14,05:52,1773463920,56.8
2026-03-14,06:08,1773464880,53.5
2026-03-14,06:25,1773465900,57.9
2026-03-14,06:48,1773467280,61.6
2026-03-14,07:09,1773468540,54.7
2026-03-14,07:23,1773469380,57.5
2026-03-15,21:24,1773519840,71.8
2026-03-15,21:41,1773520860,66.3
2026-03-15,22:06,1773522360,65.6
2026-03-15,22:26,1773523560,63.1
2026-03-15,22:45,1773524700,65.7
2026-03-15,23:01,1773525660,66.6
2026-03-15,23:16,1773526560,61.3
2026-03-15,23:51,1773528660,64.4
2026-03-15,00:06,1773529560,59.9
2026-03-15,00:20,1773530400,58.0
2026-03-15,00:38,1773531480,63.8
2026-03-15,01:01,1773532860,62.6
2026-03-15,01:36,1773534960,60.6
2026-03-15,01:48,1773535680,61.3
2026-03-15,02:09,1773536940,58.3
2026-03-15,02:19,1773537540,59.5
2026-03-15,02:58,1773539880,61.2
2026-03-15,03:19,1773541140,59.7
2026-03-15,03:31,1773541860,56.1
2026-03-15,03:43,1773542580,59.0
2026-03-15,04:01,1773543660,64.3
2026-03-15,04:25,1773545100,67.4
2026-03-15,04:36,1773545760,57.2
2026-03-15,04:51,1773546660,54.1
2026-03-15,05:12,1773547920,60.9
2026-03-15,05:30,1773549000,63.1
2026-03-15,06:05,1773551100,56.7
2026-03-15,06:39,1773553140,56.7
2026-03-15,06:52,1773553920,58.0
2026-03-16,01:15,1773620100,60.8
2026-03-16,01:33,1773621180,61.7
2026-03-16,02:00,1773622800,61.0
2026-03-16,02:14,1773623640,57.3
2026-03-16,02:37,1773625020,60.0
2026-03-16,02:54,1773626040,62.0
2026-03-16,03:08,1773626880,58.9
2026-03-16,03:25,1773627900,62.5
2026-03-16,03:52,1773629520,53.4
2026-03-16,04:05,1773630300,57.5
2026-03-16,04:19,1773631140,59.7
2026-03-16,04:32,1773631920,60.6
2026-03-16,04:55,1773633300,56.4
2026-03-16,05:13,1773634380,54.7
2026-03-16,05:29,1773635340,57.6
2026-03-16,05:52,1773636720,52.9
2026-03-16,06:02,1773637320,58.1
2026-03-16,06:40,1773639600,58.9
2026-03-16,06:53,1773640380,59.4
2026-03-16,07:04,1773641040,60.1
2026-03-16,07:16,1773641760,62.0
2026-03-17,23:57,1773701820,73.5
2026-03-17,00:17,1773703020,67.0
2026-03-17,00:37,1773704220,66.8
2026-03-17,01:01,1773705660,68.5
2026-03-17,01:12,1773706320,69.9
2026-03-17,01:26,1773707160,70.6
2026-03-17,01:45,1773708300,67.8
2026-03-17,02:02,1773709320,65.1
2026-03-17,02:21,1773710460,70.0
2026-03-17,02:41,1773711660,60.2
2026-03-17,03:32,1773714720,52.3
2026-03-17,03:55,1773716100,57.9
2026-03-17,04:19,1773717540,59.7
2026-03-17,04:48,1773719280,54.3
2026-03-17,05:06,1773720360,53.6
2026-03-17,06:07,1773724020,58.4
2026-03-17,06:19,1773724740,51.6
2026-03-17,06:33,1773725580,59.3
2026-03-17,06:45,1773726300,56.1
2026-03-17,07:12,1773727920,54.4
2026-03-18,01:19,1773793140,72.8
2026-03-18,01:31,1773793860,73.1
2026-03-18,01:53,1773795180,73.1
2026-03-18,02:07,1773796020,66.6
2026-03-18,02:21,1773796860,67.6
2026-03-18,02:36,1773797760,66.5
2026-03-18,02:53,1773798780,72.8
2026-03-18,03:06,1773799560,73.2
2026-03-18,03:17,1773800220,72.5
2026-03-18,03:34,1773801240,66.8
2026-03-18,03:50,1773802200,67.4
2026-03-18,04:10,1773803400,67.6
2026-03-18,04:34,1773804840,59.5
2026-03-18,04:50,1773805800,60.4
2026-03-18,05:06,1773806760,57.5
2026-03-18,05:30,1773808200,64.8
2026-03-18,05:50,1773809400,60.4
2026-03-18,06:04,1773810240,62.2
2026-03-18,06:20,1773811200,63.9
2026-03-18,06:32,1773811920,62.2
2026-03-19,23:48,1773874080,65.8
2026-03-19,00:21,1773876060,65.5
2026-03-19,00:37,1773877020,64.1
2026-03-19,00:53,1773877980,62.9
2026-03-19,01:03,1773878580,64.5
2026-03-19,01:19,1773879540,61.0
2026-03-19,01:31,1773880260,63.2
2026-03-19,01:45,1773881100,62.0
2026-03-19,02:06,1773882360,60.4
2026-03-19,02:16,1773882960,60.0
2026-03-19,02:37,1773884220,57.0
2026-03-19,02:58,1773885480,55.7
2026-03-19,03:34,1773887640,63.0
2026-03-19,03:52,1773888720,52.3
2026-03-19,04:05,1773889500,54.8
2026-03-19,04:17,1773890220,55.0
2026-03-19,04:28,1773890880,56.3
2026-03-19,04:44,1773891840,52.8
2026-03-19,05:11,1773893460,58.9
2026-03-19,05:34,1773894840,56.6
2026-03-19,05:48,1773895680,58.0
2026-03-19,06:02,1773896520,59.6
2026-03-19,06:13,1773897180,59.2
2026-03-19,06:30,1773898200,52.8
2026-03-20,01:51,1773967860,62.5
2026-03-20,02:06,1773968760,60.0
2026-03-20,02:31,1773970260,58.2
2026-03-20,02:50,1773971400,57.9
2026-03-20,03:02,1773972120,58.1
2026-03-20,03:28,1773973680,57.8
2026-03-20,03:53,1773975180,57.0
2026-03-20,04:04,1773975840,55.1
2026-03-20,04:17,1773976620,54.9
2026-03-20,04:34,1773977640,58.7
2026-03-20,04:53,1773978780,51.4
2026-03-20,05:21,1773980460,58.7
2026-03-20,05:32,1773981120,60.5
2026-03-20,05:42,1773981720,56.3
2026-03-20,05:58,1773982680,58.9
2026-03-20,06:09,1773983340,61.8
2026-03-20,06:21,1773984060,56.9
2026-03-20,06:31,1773984660,56.0
2026-03-20,07:00,1773986400,61.6
2026-03-20,07:11,1773987060,60.9
2026-03-21,21:48,1774039680,63.2
2026-03-21,22:00,1774040400,64.7
2026-03-21,22:24,1774041840,80.7
2026-03-21,22:34,1774042440,77.4
2026-03-21,23:08,1774044480,50.8
2026-03-21,23:25,1774045500,57.4
2026-03-21,00:04,1774047840,68.5
2026-03-21,00:28,1774049280,69.9
2026-03-21,00:43,1774050180,67.8
2026-03-21,00:59,1774051140,62.2
2026-03-21,01:38,1774053480,74.4
2026-03-21,01:57,1774054620,70.8
2026-03-21,02:26,1774056360,63.5
2026-03-21,02:41,1774057260,60.6
2026-03-21,03:38,1774060680,66.1
2026-03-21,03:55,1774061700,66.4
2026-03-21,04:08,1774062480,66.8
2026-03-21,04:25,1774063500,59.5
2026-03-21,04:54,1774065240,66.0
2026-03-21,05:09,1774066140,60.2
2026-03-21,05:26,1774067160,55.8
2026-03-22,01:12,1774138320,67.6
2026-03-22,01:30,1774139400,67.3
2026-03-22,01:51,1774140660,66.2
2026-03-22,02:14,1774142040,62.5
2026-03-22,02:40,1774143600,63.8
2026-03-22,03:18,1774145880,64.2
2026-03-22,03:35,1774146900,65.0
2026-03-22,03:58,1774148280,63.6
2026-03-22,04:10,1774149000,64.4
2026-03-22,04:21,1774149660,64.2
2026-03-22,04:38,1774150680,60.8
2026-03-22,04:50,1774151400,65.0
2026-03-22,05:02,1774152120,64.5
2026-03-22,05:13,1774152780,62.9
2026-03-22,05:24,1774153440,65.6
2026-03-22,05:45,1774154700,55.2
2026-03-22,05:59,1774155540,58.8
2026-03-22,06:23,1774156980,60.9
2026-03-22,06:49,1774158540,67.6
2026-03-22,07:06,1774159560,60.1
2026-03-22,07:18,1774160280,60.2
2026-03-22,07:56,1774162560,63.8
2026-03-22,08:11,1774163460,56.1
2026-03-23,00:44,1774223040,72.1
2026-03-23,01:06,1774224360,66.8
2026-03-23,01:30,1774225800,67.3
2026-03-23,01:50,1774227000,65.5
2026-03-23,02:01,1774227660,65.3
2026-03-23,02:30,1774229400,68.9
2026-03-23,02:48,1774230480,65.3
2026-03-23,03:15,1774232100,69.8
2026-03-23,03:50,1774234200,62.8
2026-03-23,04:11,1774235460,64.9
2026-03-23,04:22,1774236120,66.1
2026-03-23,04:36,1774236960,64.4
2026-03-23,04:51,1774237860,59.2
2026-03-23,05:02,1774238520,63.5
2026-03-23,05:15,1774239300,61.0
2026-03-23,05:43,1774240980,60.9
2026-03-23,06:05,1774242300,59.8
2026-03-23,06:24,1774243440,57.0
2026-03-23,06:41,1774244460,62.7
2026-03-23,07:00,1774245600,62.6
2026-03-23,07:12,1774246320,60.7
2026-03-24,00:27,1774308420,71.8
2026-03-24,00:51,1774309860,69.6
2026-03-24,01:03,1774310580,70.4
2026-03-24,01:35,1774312500,67.7
2026-03-24,01:51,1774313460,70.5
2026-03-24,02:24,1774315440,70.6
2026-03-24,02:43,1774316580,70.8
2026-03-24,03:00,1774317600,70.7
2026-03-24,03:22,1774318920,68.3
2026-03-24,03:41,1774320060,70.8
2026-03-24,03:56,1774320960,70.4
2026-03-24,04:42,1774323720,66.5
2026-03-24,05:17,1774325820,63.1
2026-03-24,05:29,1774326540,63.6
2026-03-24,05:42,1774327320,64.6
2026-03-24,06:12,1774329120,63.0
2026-03-24,06:26,1774329960,63.3
2026-03-24,06:48,1774331280,58.3
2026-03-24,07:19,1774333140,62.2
2026-03-25,01:35,1774398900,62.9
2026-03-25,01:57,1774400220,66.2
2026-03-25,02:08,1774400880,65.3
2026-03-25,02:26,1774401960,63.0
2026-03-25,02:40,1774402800,63.4
2026-03-25,02:58,1774403880,62.7
2026-03-25,03:26,1774405560,67.1
2026-03-25,03:50,1774407000,63.2
2026-03-25,04:06,1774407960,60.8
2026-03-25,04:21,1774408860,60.7
2026-03-25,04:32,1774409520,62.6
2026-03-25,04:46,1774410360,62.4
2026-03-25,05:11,1774411860,59.0
2026-03-25,05:29,1774412940,54.1
2026-03-25,05:41,1774413660,59.0
2026-03-25,05:59,1774414740,59.5
2026-03-25,06:18,1774415880,59.4
2026-03-25,06:39,1774417140,65.1
2026-03-25,07:11,1774419060,60.5
2026-03-26,01:58,1774486680,71.5
2026-03-26,02:23,1774488180,68.0
2026-03-26,02:43,1774489380,71.7
2026-03-26,02:54,1774490040,66.1
2026-03-26,03:07,1774490820,67.6
2026-03-26,03:44,1774493040,63.5
2026-03-26,04:05,1774494300,59.2
2026-03-26,04:22,1774495320,56.6
2026-03-26,04:38,1774496280,63.3
2026-03-26,05:01,1774497660,61.7
2026-03-26,05:15,1774498500,57.9
2026-03-26,05:35,1774499700,55.9
2026-03-26,05:47,1774500420,55.4
2026-03-26,05:58,1774501080,58.5
2026-03-26,06:18,1774502280,60.3
2026-03-26,06:57,1774504620,52.9
2026-03-26,07:18,1774505880,54.1
2026-03-27,01:08,1774570080,68.4
2026-03-27,01:19,1774570740,63.5
2026-03-27,01:33,1774571580,60.7
2026-03-27,01:55,1774572900,56.0
2026-03-27,02:14,1774574040,56.1
2026-03-27,02:37,1774575420,62.8
2026-03-27,02:50,1774576200,60.9
2026-03-27,03:18,1774577880,55.4
2026-03-27,03:36,1774578960,59.5
2026-03-27,03:48,1774579680,60.8
2026-03-27,04:11,1774581060,61.8
2026-03-27,04:32,1774582320,59.0
2026-03-27,04:43,1774582980,57.8
2026-03-27,04:54,1774583640,59.2
2026-03-27,05:09,1774584540,59.9
2026-03-27,05:20,1774585200,64.2
2026-03-27,05:40,1774586400,68.4
2026-03-27,05:51,1774587060,60.5
2026-03-27,06:02,1774587720,60.5
2026-03-27,06:13,1774588380,62.5
2026-03-27,06:24,1774589040,59.0
2026-03-27,07:11,1774591860,63.3
2026-03-28,02:07,1774660020,67.0
2026-03-28,02:26,1774661160,64.3
2026-03-28,02:58,1774663080,71.5
2026-03-28,03:14,1774664040,67.8
2026-03-28,03:27,1774664820,66.4
2026-03-28,03:46,1774665960,61.3
2026-03-28,04:21,1774668060,69.4
2026-03-28,05:03,1774670580,56.8
2026-03-28,05:47,1774673220,64.6
2026-03-28,06:01,1774674060,62.7
2026-03-28,06:37,1774676220,64.3
2026-03-28,07:17,1774678620,54.7
2026-03-29,00:02,1774738920,64.0
2026-03-29,00:23,1774740180,65.6
2026-03-29,00:44,1774741440,59.6
2026-03-29,01:05,1774742700,61.6
2026-03-29,01:21,1774743660,62.7
2026-03-29,01:38,1774744680,65.2
2026-03-29,01:52,1774745520,58.3
2026-03-29,03:18,1774747080,57.1
2026-03-29,03:38,1774748280,62.6
2026-03-29,03:57,1774749420,58.5
2026-03-29,04:24,1774751040,59.6
2026-03-29,04:54,1774752840,55.7
2026-03-29,05:28,1774754880,58.3
2026-03-29,05:42,1774755720,62.2
2026-03-29,06:16,1774757760,55.3
2026-03-29,06:38,1774759080,61.7
2026-03-29,07:20,1774761600,50.8
2026-03-29,07:33,1774762380,58.9
2026-03-30,01:31,1774827060,70.3
2026-03-30,01:50,1774828200,71.1
2026-03-30,02:06,1774829160,63.5
2026-03-30,02:44,1774831440,67.9
2026-03-30,02:57,1774832220,66.6
2026-03-30,03:09,1774832940,69.9
2026-03-30,03:22,1774833720,67.4
2026-03-30,03:33,1774834380,65.1
2026-03-30,03:52,1774835520,64.1
2026-03-30,04:03,1774836180,59.9
2026-03-30,04:27,1774837620,56.2
2026-03-30,04:38,1774838280,57.2
2026-03-30,04:59,1774839540,56.6
2026-03-30,05:12,1774840320,59.1
2026-03-30,05:37,1774841820,56.7
2026-03-30,05:49,1774842540,55.1
2026-03-30,06:06,1774843560,51.5
2026-03-30,06:18,1774844280,52.6
2026-03-30,06:42,1774845720,56.8
2026-03-30,06:56,1774846560,56.4
2026-03-30,07:19,1774847940,56.2
2026-03-30,07:32,1774848720,54.9
2026-03-31,22:33,1774902780,73.8
2026-03-31,22:59,1774904340,74.0
2026-03-31,23:10,1774905000,69.6
2026-03-31,00:13,1774908780,58.8
2026-03-31,00:25,1774909500,58.3
2026-03-31,00:40,1774910400,58.0
2026-03-31,01:04,1774911840,59.2
2026-03-31,02:08,1774915680,72.1
2026-03-31,02:35,1774917300,65.1
2026-03-31,02:51,1774918260,69.9
2026-03-31,03:12,1774919520,68.4
2026-03-31,03:29,1774920540,74.3
2026-03-31,03:43,1774921380,75.0
2026-03-31,04:08,1774922880,73.8
2026-03-31,04:30,1774924200,60.0
2026-03-31,04:48,1774925280,62.6
2026-03-31,05:02,1774926120,63.2
2026-03-31,05:15,1774926900,61.6
2026-03-31,06:06,1774929960,62.0
2026-03-31,06:22,1774930920,60.7
2026-03-31,06:38,1774931880,62.1
2026-03-31,06:49,1774932540,59.6
2026-04-01,01:42,1775000520,53.3
2026-04-01,01:59,1775001540,53.5
2026-04-01,02:20,1775002800,58.6
2026-04-01,02:40,1775004000,52.9
2026-04-01,02:59,1775005140,65.6
2026-04-01,03:19,1775006340,52.8
2026-04-01,03:32,1775007120,59.8
2026-04-01,04:15,1775009700,61.2
2026-04-01,04:27,1775010420,56.6
2026-04-01,04:39,1775011140,59.7
2026-04-01,04:51,1775011860,57.1
2026-04-01,05:14,1775013240,57.4
2026-04-01,05:34,1775014440,54.1
2026-04-01,05:56,1775015760,52.6
2026-04-01,06:16,1775016960,59.2
2026-04-01,06:32,1775017920,61.2
2026-04-01,06:52,1775019120,61.6
2026-04-01,07:23,1775020980,54.4
2026-04-02,00:43,1775083380,66.0
2026-04-02,01:09,1775084940,64.4
2026-04-02,01:27,1775086020,65.9
2026-04-02,01:40,1775086800,64.9
2026-04-02,01:53,1775087580,62.3
2026-04-02,02:04,1775088240,71.4
2026-04-02,02:18,1775089080,62.7
2026-04-02,02:29,1775089740,64.2
2026-04-02,03:07,1775092020,63.9
2026-04-02,03:35,1775093700,60.2
2026-04-02,04:05,1775095500,60.3
2026-04-02,04:20,1775096400,58.7
2026-04-02,04:47,1775098020,64.2
2026-04-02,05:03,1775098980,60.2
2026-04-02,05:22,1775100120,64.8
2026-04-02,05:36,1775100960,64.3
2026-04-02,05:53,1775101980,57.3
2026-04-02,06:04,1775102640,58.2
2026-04-02,06:24,1775103840,63.1
2026-04-02,06:35,1775104500,62.6
2026-04-02,06:54,1775105640,60.9
2026-04-02,07:15,1775106900,59.8
2026-04-03,00:54,1775170440,69.4
2026-04-03,01:21,1775172060,68.1
2026-04-03,01:34,1775172840,65.5
2026-04-03,01:58,1775174280,71.6
2026-04-03,02:25,1775175900,65.1
2026-04-03,02:48,1775177280,64.9
2026-04-03,03:32,1775179920,61.4
2026-04-03,03:54,1775181240,59.8
2026-04-03,04:15,1775182500,57.8
2026-04-03,04:51,1775184660,61.8
2026-04-03,05:06,1775185560,63.4
2026-04-03,05:31,1775187060,57.5
2026-04-03,05:54,1775188440,61.8
2026-04-03,06:22,1775190120,65.6
2026-04-03,06:32,1775190720,67.4
2026-04-03,06:50,1775191800,58.3
2026-04-03,07:13,1775193180,59.7
2026-04-04,01:32,1775259120,72.1
2026-04-04,01:56,1775260560,71.5
2026-04-04,02:14,1775261640,69.7
2026-04-04,02:34,1775262840,70.9
2026-04-04,02:47,1775263620,72.7
2026-04-04,03:02,1775264520,74.5
2026-04-04,03:13,1775265180,73.5
2026-04-04,03:25,1775265900,71.9
2026-04-04,03:49,1775267340,66.9
2026-04-04,04:19,1775269140,63.6
2026-04-04,04:37,1775270220,65.8
2026-04-04,05:01,1775271660,64.1
2026-04-04,05:17,1775272620,67.0
2026-04-04,05:53,1775274780,66.7
2026-04-04,06:06,1775275560,67.8
2026-04-04,06:29,1775276940,62.2
2026-04-04,06:43,1775277780,60.7
2026-04-04,07:07,1775279220,62.8
2026-04-05,00:10,1775340600,63.6
2026-04-05,00:30,1775341800,64.1
2026-04-05,01:10,1775344200,67.3
2026-04-05,01:31,1775345460,68.6
2026-04-05,01:46,1775346360,67.3
2026-04-05,02:17,1775348220,68.6
2026-04-05,02:40,1775349600,63.4
2026-04-05,03:07,1775351220,58.6
2026-04-05,03:45,1775353500,65.4
2026-04-05,04:01,1775354460,65.3
2026-04-05,04:14,1775355240,66.8
2026-04-05,04:26,1775355960,60.4
2026-04-05,04:50,1775357400,61.0
2026-04-05,05:27,1775359620,67.3
2026-04-05,05:39,1775360340,56.4
2026-04-05,05:49,1775360940,55.8
2026-04-05,06:03,1775361780,57.6
2026-04-05,06:27,1775363220,61.7
2026-04-05,07:02,1775365320,57.8
2026-04-06,23:59,1775426340,68.9
2026-04-06,00:11,1775427060,72.3
2026-04-06,00:25,1775427900,72.1
2026-04-06,00:43,1775428980,71.3
2026-04-06,00:55,1775429700,68.8
2026-04-06,01:05,1775430300,69.3
2026-04-06,01:19,1775431140,66.0
2026-04-06,01:36,1775432160,65.8
2026-04-06,01:53,1775433180,62.8
2026-04-06,02:21,1775434860,62.3
2026-04-06,02:49,1775436540,63.1
2026-04-06,03:02,1775437320,64.1
2026-04-06,03:26,1775438760,65.7
2026-04-06,03:46,1775439960,59.3
2026-04-06,04:32,1775442720,62.4
2026-04-06,04:49,1775443740,65.7
2026-04-06,05:08,1775444880,63.2
2026-04-06,05:44,1775447040,63.3
2026-04-06,06:13,1775448780,58.8
2026-04-06,06:25,1775449500,58.7
2026-04-06,06:37,1775450220,58.6
2026-04-06,07:00,1775451600,56.3
2026-04-06,07:14,1775452440,59.5
2026-04-07,00:23,1775514180,71.1
2026-04-07,01:07,1775516820,68.0
2026-04-07,01:25,1775517900,72.3
2026-04-07,01:43,1775518980,70.2
2026-04-07,01:58,1775519880,70.2
2026-04-07,02:16,1775520960,67.9
2026-04-07,02:26,1775521560,69.1
2026-04-07,03:00,1775523600,65.1
2026-04-07,03:35,1775525700,62.5
2026-04-07,03:57,1775527020,62.8
2026-04-07,04:12,1775527920,59.7
2026-04-07,04:23,1775528580,60.3
2026-04-07,04:34,1775529240,62.2
2026-04-07,05:06,1775531160,61.9
2026-04-07,05:39,1775533140,59.0
2026-04-07,06:14,1775535240,57.4
2026-04-07,06:26,1775535960,60.9
2026-04-07,06:37,1775536620,60.9
2026-04-07,06:53,1775537580,65.6
2026-04-07,07:18,1775539080,56.6
2026-04-08,19:44,1775583840,79.6
2026-04-08,20:04,1775585040,80.6
2026-04-08,20:19,1775585940,84.9
2026-04-08,20:39,1775587140,82.2
2026-04-08,20:52,1775587920,80.3
2026-04-08,21:08,1775588880,75.6
2026-04-08,21:21,1775589660,78.3
2026-04-08,21:37,1775590620,75.8
2026-04-08,22:05,1775592300,72.9
2026-04-08,22:25,1775593500,71.4
2026-04-08,22:50,1775595000,82.6
2026-04-08,23:20,1775596800,71.0
2026-04-08,23:44,1775598240,72.4
2026-04-08,00:29,1775600940,69.8
2026-04-08,01:04,1775603040,80.3
2026-04-08,01:37,1775605020,80.9
2026-04-08,01:55,1775606100,78.8
2026-04-08,02:33,1775608380,83.3
2026-04-08,03:29,1775611740,81.2
2026-04-08,03:47,1775612820,77.5
2026-04-08,04:07,1775614020,80.8
2026-04-08,04:30,1775615400,83.3
2026-04-08,04:51,1775616660,69.3
2026-04-08,05:21,1775618460,72.7
2026-04-08,05:36,1775619360,69.4
2026-04-08,05:49,1775620140,72.5
2026-04-08,06:15,1775621700,65.5
2026-04-08,06:41,1775623260,63.0
2026-04-08,07:14,1775625240,76.4
2026-04-09,00:21,1775686860,68.1
2026-04-09,00:43,1775688180,71.6
2026-04-09,00:58,1775689080,64.8
2026-04-09,01:17,1775690220,70.6
2026-04-09,01:29,1775690940,70.6
2026-04-09,01:40,1775691600,69.6
2026-04-09,02:15,1775693700,67.4
2026-04-09,02:37,1775695020,68.8
2026-04-09,02:50,1775695800,71.8
2026-04-09,03:07,1775696820,68.5
2026-04-09,03:22,1775697720,65.0
2026-04-09,03:48,1775699280,71.0
2026-04-09,04:03,1775700180,64.8
2026-04-09,04:23,1775701380,67.4
2026-04-09,04:36,1775702160,67.3
2026-04-09,05:02,1775703720,62.6
2026-04-09,05:14,1775704440,62.6
2026-04-09,05:38,1775705880,67.1
2026-04-09,05:56,1775706960,61.9
2026-04-09,06:24,1775708640,60.9
2026-04-09,06:38,1775709480,66.3
2026-04-09,06:55,1775710500,66.8
2026-04-10,00:33,1775773980,73.3
2026-04-10,00:53,1775775180,76.0
2026-04-10,01:13,1775776380,73.0
2026-04-10,01:23,1775776980,73.9
2026-04-10,01:40,1775778000,74.6
2026-04-10,01:55,1775778900,74.3
2026-04-10,02:07,1775779620,74.2
2026-04-10,02:56,1775782560,66.8
2026-04-10,03:31,1775784660,67.0
2026-04-10,03:42,1775785320,68.3
2026-04-10,04:10,1775787000,68.1
2026-04-10,04:22,1775787720,66.7
2026-04-10,04:56,1775789760,70.9
2026-04-10,05:09,1775790540,64.7
2026-04-10,05:25,1775791500,63.9
2026-04-10,05:37,1775792220,62.7
2026-04-10,05:57,1775793420,62.0
2026-04-10,06:09,1775794140,65.0
2026-04-10,06:29,1775795340,64.3
2026-04-10,06:41,1775796060,60.8
2026-04-10,06:59,1775797140,64.4
2026-04-10,07:14,1775798040,66.9
