night_date,start_time,end_time,duration_min,hr_mean,hr_std
2024-12-08,00:53,01:09,16,67.6,4.8
2024-12-08,01:09,01:43,34,62.8,3.2
2024-12-08,01:43,01:59,16,60.9,2.9
2024-12-08,01:59,02:13,14,59.5,5.2
2024-12-08,02:13,02:32,19,56.5,2.8
2024-12-08,02:32,02:52,20,55.5,2.9
2024-12-08,02:52,03:08,16,56.1,2.3
2024-12-08,03:08,03:23,15,56.5,2.9
2024-12-08,03:23,03:40,17,56.1,3.8
2024-12-08,03:40,03:57,17,57.2,2.1
2024-12-08,03:57,04:13,16,57.4,3.0
2024-12-08,04:13,04:29,16,59.0,2.3
2024-12-08,04:29,05:01,31,60.5,4.8
2024-12-08,05:01,05:23,22,58.9,6.6
2024-12-08,05:23,05:36,13,61.5,5.6
2024-12-08,05:36,05:51,15,57.4,4.5
2024-12-08,05:51,06:03,12,55.8,3.2
2024-12-08,06:03,06:36,33,57.1,3.1
2024-12-08,06:36,06:48,11,53.7,4.2
2024-12-08,06:48,07:13,25,58.6,2.8
2024-12-08,07:13,07:29,16,56.5,3.3
2024-12-08,07:29,07:40,11,56.4,2.9
2024-12-08,07:40,08:13,33,59.1,3.7
2024-12-08,08:13,08:25,12,54.7,2.7
2024-12-08,08:25,08:44,19,53.3,4.0
2024-12-08,08:44,09:45,61,56.9,4.3
2024-12-08,09:45,09:57,12,53.5,2.8
2024-12-08,09:57,10:14,17,52.9,3.0
2024-12-08,10:14,10:29,15,54.0,2.8
2024-12-09,23:25,23:38,13,75.2,5.3
2024-12-09,23:38,23:58,20,71.8,2.0
2024-12-09,23:58,00:22,24,70.2,2.0
2024-12-09,00:22,00:43,21,67.6,2.4
2024-12-09,00:43,01:41,58,68.1,2.1
2024-12-09,01:41,01:55,14,63.9,3.4
2024-12-09,01:55,02:15,20,62.5,3.2
2024-12-09,02:15,02:38,23,64.9,4.1
2024-12-09,02:38,03:01,23,64.3,2.7
2024-12-09,03:01,03:13,12,63.2,2.7
2024-12-09,03:13,03:45,32,63.1,2.1
2024-12-09,03:45,03:56,11,61.6,2.3
2024-12-09,03:56,04:10,14,60.6,4.1
2024-12-09,04:10,04:21,11,57.6,1.3
2024-12-09,04:21,04:42,21,58.9,2.9
2024-12-09,04:42,05:03,21,56.5,3.4
2024-12-09,05:03,05:30,27,57.9,2.7
2024-12-09,05:30,05:43,13,58.2,5.9
2024-12-09,05:43,05:54,11,55.9,2.4
2024-12-09,05:54,06:08,14,54.7,5.4
2024-12-09,06:08,06:35,16,59.2,5.7
2024-12-09,06:35,06:57,22,59.4,4.6
2024-12-09,06:57,07:09,12,57.8,3.1
2024-12-10,00:35,00:39,4,62.2,5.5
2024-12-10,00:39,00:51,12,58.5,4.4
2024-12-10,00:51,01:04,13,57.3,1.9
2024-12-10,01:04,01:26,22,55.6,3.2
2024-12-10,01:26,01:51,25,56.0,4.0
2024-12-10,01:51,02:12,21,57.2,3.4
2024-12-10,02:12,02:24,12,59.2,2.3
2024-12-10,02:24,02:35,11,59.8,2.7
2024-12-10,02:35,03:00,25,60.3,4.1
2024-12-10,03:00,03:17,17,57.5,3.7
2024-12-10,03:17,03:33,16,55.6,3.4
2024-12-10,03:33,04:35,31,60.4,6.1
2024-12-10,04:35,04:51,16,59.8,2.4
2024-12-10,04:51,05:07,16,58.9,2.7
2024-12-10,05:07,05:31,24,58.2,4.2
2024-12-10,05:31,05:44,13,56.7,4.9
2024-12-10,05:44,06:00,16,60.9,2.3
2024-12-10,06:00,06:18,17,60.2,4.7
2024-12-10,06:18,06:32,14,54.9,3.6
2024-12-11,23:17,23:27,10,71.7,9.8
2024-12-11,23:27,23:44,17,66.0,1.6
2024-12-11,23:44,00:08,24,64.6,3.1
2024-12-11,00:08,00:26,18,63.2,3.4
2024-12-11,00:26,00:46,20,64.7,5.7
2024-12-11,00:46,01:13,27,59.3,2.4
2024-12-11,01:13,01:30,17,58.5,2.7
2024-12-11,01:30,01:45,15,56.5,3.4
2024-12-11,01:45,02:03,18,59.2,3.3
2024-12-11,02:03,02:31,22,60.7,5.6
2024-12-11,02:31,02:45,14,59.8,5.8
2024-12-11,02:45,03:12,26,60.3,5.5
2024-12-11,03:12,03:23,11,56.5,2.1
2024-12-11,03:23,03:45,20,59.5,5.7
2024-12-11,03:45,04:07,22,60.6,3.0
2024-12-11,04:07,04:24,17,62.1,2.2
2024-12-11,04:24,04:40,16,60.4,4.6
2024-12-11,04:40,04:54,14,57.4,2.7
2024-12-11,04:54,05:31,37,61.8,2.9
2024-12-11,05:31,05:47,16,60.4,8.7
2024-12-11,05:47,06:03,16,57.0,4.2
2024-12-11,06:03,06:16,13,53.8,3.3
2024-12-11,06:16,06:26,10,56.8,2.7
2024-12-11,06:26,06:31,5,54.4,1.9
2024-12-12,00:31,00:44,13,65.5,3.9
2024-12-12,00:44,01:07,23,64.3,2.1
2024-12-12,01:07,01:33,26,62.7,4.6
2024-12-12,01:33,01:44,11,61.4,3.9
2024-12-12,01:44,02:07,23,61.7,5.6
2024-12-12,02:07,02:18,11,56.0,3.2
2024-12-12,02:18,02:30,12,56.6,4.3
2024-12-12,02:30,02:41,11,60.1,2.5
2024-12-12,02:41,03:02,21,61.6,3.9
2024-12-12,03:02,03:27,25,61.8,3.5
2024-12-12,03:27,03:42,15,59.5,2.9
2024-12-12,03:42,03:55,13,54.4,5.1
2024-12-12,03:55,04:07,12,58.0,2.6
2024-12-12,04:07,04:31,24,59.9,5.6
2024-12-12,04:31,04:52,21,62.5,3.8
2024-12-12,04:52,05:02,10,61.3,4.2
2024-12-12,05:02,05:30,28,63.0,3.7
2024-12-12,05:30,05:56,26,61.6,5.0
2024-12-12,05:56,06:14,18,58.6,5.8
2024-12-12,06:14,06:26,12,56.1,5.5
2024-12-12,06:26,06:45,15,62.1,5.2
2024-12-12,06:45,07:14,26,65.1,6.2
2024-12-12,07:14,07:24,10,59.5,4.5
2024-12-12,07:24,07:30,6,63.0,3.9
2024-12-13,01:17,01:38,21,60.3,2.3
2024-12-13,01:38,01:51,13,60.2,3.9
2024-12-13,01:51,02:03,12,58.6,2.8
2024-12-13,02:03,02:16,13,59.4,4.8
2024-12-13,02:16,02:30,14,56.1,6.5
2024-12-13,02:30,02:54,24,60.4,5.5
2024-12-13,02:54,03:11,17,62.8,6.0
2024-12-13,03:11,03:27,16,63.1,3.0
2024-12-13,03:27,03:47,20,61.8,4.8
2024-12-13,03:47,04:09,21,58.2,3.0
2024-12-13,04:09,04:24,14,61.1,3.7
2024-12-13,04:24,04:41,17,62.6,2.5
2024-12-13,04:41,04:53,12,62.5,3.1
2024-12-13,04:53,05:13,20,62.7,3.8
2024-12-13,05:13,05:37,24,64.7,2.7
2024-12-13,05:37,06:11,34,65.3,3.3
2024-12-13,06:11,06:22,11,63.4,3.0
2024-12-13,06:22,07:04,42,66.4,4.3
2024-12-13,07:04,07:31,27,65.8,2.6
2024-12-13,07:31,07:46,15,64.3,3.0
2024-12-13,07:46,07:57,11,63.3,3.5
2024-12-14,01:35,01:41,6,77.7,5.7
2024-12-14,01:41,01:52,11,75.2,1.1
2024-12-14,01:52,02:04,12,74.1,3.6
2024-12-14,02:04,02:14,10,71.8,2.2
2024-12-14,02:14,02:26,12,69.9,3.9
2024-12-14,02:26,02:36,10,70.1,1.8
2024-12-14,02:36,02:52,16,70.1,3.7
2024-12-14,02:52,03:23,31,69.6,3.0
2024-12-14,03:23,03:40,17,67.5,2.3
2024-12-14,03:40,03:55,15,65.9,5.7
2024-12-14,03:55,04:11,16,67.2,2.5
2024-12-14,04:11,04:33,22,65.0,3.9
2024-12-14,04:33,04:57,24,63.8,6.7
2024-12-14,04:57,05:54,57,66.7,3.2
2024-12-14,05:54,06:08,14,63.5,1.6
2024-12-14,06:08,06:18,10,61.8,2.2
2024-12-14,06:18,06:32,14,66.3,4.7
2024-12-14,06:32,06:49,17,64.6,4.9
2024-12-14,06:49,07:12,23,65.5,3.1
2024-12-14,07:12,07:42,30,63.5,5.5
2024-12-14,07:42,07:54,12,55.3,3.2
2024-12-14,07:54,08:30,36,63.1,3.7
2024-12-14,08:30,08:48,18,62.2,3.0
2024-12-14,08:48,09:02,14,62.1,2.1
2024-12-14,09:02,09:32,30,64.9,5.3
2024-12-14,09:32,09:47,15,60.4,3.1
2024-12-14,09:47,10:23,36,55.6,3.3
2024-12-14,10:23,10:57,34,56.3,3.6
2024-12-14,10:57,11:19,22,54.3,3.1
2024-12-14,11:19,11:55,36,58.2,5.1
2024-12-14,11:55,12:05,10,59.6,3.8
2024-12-14,12:05,12:17,12,61.8,4.6
2024-12-14,12:17,12:41,23,62.1,7.5
2024-12-14,12:41,12:57,16,58.8,2.1
2024-12-14,12:57,13:23,26,66.6,9.0
2024-12-14,13:23,13:56,32,71.6,6.7
2024-12-14,13:56,14:50,53,73.7,8.5
2024-12-14,14:50,15:01,11,72.6,8.7
2024-12-14,15:01,15:32,30,73.5,8.2
2024-12-14,15:32,15:57,24,72.8,6.8
2024-12-14,15:57,16:10,13,78.9,3.5
2024-12-14,16:10,16:45,35,78.7,7.7
2024-12-14,16:45,16:59,14,73.9,2.7
2024-12-14,16:59,17:45,45,82.4,7.2
2024-12-14,17:45,17:58,13,82.8,1.7
2024-12-14,17:58,18:10,12,82.9,4.1
2024-12-14,18:10,18:38,28,89.1,4.3
2024-12-14,18:38,19:02,24,87.3,2.5
2024-12-15,04:28,04:38,10,83.1,1.2
2024-12-15,04:38,04:50,12,81.8,4.5
2024-12-15,04:50,05:06,16,82.5,3.0
2024-12-15,05:06,05:23,16,84.0,3.6
2024-12-15,05:23,05:39,15,88.2,3.8
2024-12-15,05:39,06:09,29,90.5,2.8
2024-12-15,06:09,06:25,16,91.4,1.8
2024-12-15,06:25,06:44,19,87.9,5.2
2024-12-15,06:44,07:08,23,79.7,3.4
2024-12-15,07:08,07:26,18,75.8,4.8
2024-12-15,07:26,08:13,47,80.0,4.6
2024-12-15,08:13,08:49,34,79.4,4.5
2024-12-15,08:49,09:07,17,79.8,3.5
2024-12-15,09:07,09:09,2,78.0,1.0
2024-12-16,00:35,00:42,7,63.6,4.1
2024-12-16,00:42,01:10,28,61.8,2.7
2024-12-16,01:10,01:22,12,58.1,3.5
2024-12-16,01:22,01:33,11,57.6,2.7
2024-12-16,01:33,01:53,20,59.0,4.3
2024-12-16,01:53,02:17,24,59.7,4.7
2024-12-16,02:17,02:49,32,59.2,5.0
2024-12-16,02:49,03:06,17,57.1,2.2
2024-12-16,03:06,03:23,17,58.6,2.1
2024-12-16,03:23,03:45,22,56.6,4.7
2024-12-16,03:45,03:57,12,57.0,2.3
2024-12-16,03:57,04:18,21,57.4,5.3
2024-12-16,04:18,04:31,13,59.1,3.2
2024-12-16,04:31,05:08,37,61.3,3.1
2024-12-16,05:08,05:25,17,62.3,2.2
2024-12-16,05:25,05:50,24,60.2,3.9
2024-12-16,05:50,06:02,12,58.4,3.6
2024-12-16,06:02,06:14,12,58.1,4.8
2024-12-16,06:14,06:26,12,60.5,4.1
2024-12-16,06:26,06:58,32,61.4,3.2
2024-12-16,06:58,07:13,15,56.2,3.1
2024-12-16,07:13,07:52,32,63.5,4.0
2024-12-16,07:52,08:22,29,65.1,4.2
2024-12-16,08:22,08:41,19,56.0,4.2
2024-12-16,08:41,08:54,13,53.0,3.9
2024-12-16,08:54,09:02,8,56.1,3.9
2024-12-17,01:15,01:22,7,69.3,0.9
2024-12-17,01:22,01:45,23,70.0,1.7
2024-12-17,01:45,02:04,19,68.8,3.1
2024-12-17,02:04,02:15,11,64.5,3.0
2024-12-17,02:15,02:29,14,64.7,3.2
2024-12-17,02:29,02:53,24,63.1,5.6
2024-12-17,02:53,03:23,30,62.9,3.1
2024-12-17,03:23,03:42,19,64.6,2.9
2024-12-17,03:42,03:57,15,65.1,1.7
2024-12-17,03:57,04:15,18,62.1,2.7
2024-12-17,04:15,04:39,22,63.3,6.1
2024-12-17,04:39,04:52,13,60.7,2.9
2024-12-17,04:52,05:31,39,63.7,3.5
2024-12-17,05:31,05:49,13,60.5,5.6
2024-12-17,05:49,05:59,10,60.2,2.5
2024-12-17,05:59,06:14,14,62.2,1.8
2024-12-17,06:14,06:26,12,60.8,3.2
2024-12-17,06:26,06:40,14,63.6,3.4
2024-12-17,06:40,06:57,17,63.7,3.1
2024-12-17,06:57,07:13,16,61.8,2.8
2024-12-17,07:13,07:24,11,58.0,5.0
2024-12-17,07:24,07:38,14,61.7,4.7
2024-12-17,07:38,07:39,1,64.0,0.0
2024-12-18,00:38,00:46,8,61.6,2.6
2024-12-18,00:46,01:02,16,62.1,3.0
2024-12-18,01:02,01:16,14,64.3,4.7
2024-12-18,01:16,01:40,24,66.5,2.1
2024-12-18,01:40,02:01,21,65.6,2.2
2024-12-18,02:01,02:18,17,65.8,3.1
2024-12-18,02:18,02:40,22,62.9,3.7
2024-12-18,02:40,03:06,26,63.1,2.7
2024-12-18,03:06,03:28,22,62.7,2.7
2024-12-18,03:28,04:08,40,62.4,3.2
2024-12-18,04:08,04:20,12,60.3,2.2
2024-12-18,04:20,04:37,17,59.5,2.2
2024-12-18,04:37,05:09,32,59.9,2.8
2024-12-18,05:09,05:34,25,61.4,3.1
2024-12-18,05:34,05:50,16,58.7,6.9
2024-12-18,05:50,06:02,12,60.4,4.8
2024-12-18,06:02,06:14,12,59.6,4.8
2024-12-18,06:14,06:28,14,60.4,3.4
2024-12-18,06:28,06:54,26,63.0,2.7
2024-12-18,06:54,07:33,38,61.8,4.2
2024-12-18,07:33,07:36,3,60.3,0.5
2024-12-19,00:58,01:10,12,69.3,4.8
2024-12-19,01:10,01:35,25,67.0,1.5
2024-12-19,01:35,01:58,23,66.5,1.7
2024-12-19,01:58,02:30,31,67.4,5.2
2024-12-19,02:30,02:45,15,66.2,4.2
2024-12-19,02:45,03:20,35,65.7,3.5
2024-12-19,03:20,03:54,32,61.2,3.3
2024-12-19,03:54,04:22,27,60.0,6.6
2024-12-19,04:22,04:36,14,54.4,3.3
2024-12-19,04:36,04:47,11,55.6,2.1
2024-12-19,04:47,05:09,22,57.2,3.1
2024-12-19,05:09,05:22,13,57.7,2.6
2024-12-19,05:22,05:44,22,60.8,1.7
2024-12-19,05:44,05:55,11,57.0,4.7
2024-12-19,05:55,06:15,20,61.2,3.4
2024-12-19,06:15,06:26,11,60.2,3.3
2024-12-19,06:26,06:37,11,58.9,4.4
2024-12-19,06:37,06:47,10,60.6,2.8
2024-12-19,06:47,06:59,12,56.5,3.9
2024-12-19,06:59,07:12,13,59.2,4.3
2024-12-19,07:12,07:22,10,58.6,4.1
2024-12-19,07:22,07:32,10,63.8,7.2
2024-12-19,07:32,07:53,21,60.7,4.6
2024-12-19,07:53,08:04,11,58.9,3.4
2024-12-20,00:54,01:03,9,59.8,8.7
2024-12-20,01:03,01:19,16,55.7,2.7
2024-12-20,01:19,01:46,27,59.7,3.2
2024-12-20,01:46,02:01,15,61.5,2.6
2024-12-20,02:01,02:19,18,61.3,6.2
2024-12-20,02:19,02:30,11,54.5,3.6
2024-12-20,02:30,02:59,29,59.4,3.8
2024-12-20,02:59,03:13,14,57.9,3.2
2024-12-20,03:13,03:41,27,59.7,3.0
2024-12-20,03:41,03:56,15,58.5,1.7
2024-12-20,03:56,04:10,14,58.1,4.3
2024-12-20,04:10,04:23,13,55.3,4.4
2024-12-20,04:23,04:49,26,58.5,3.5
2024-12-20,04:49,05:07,18,58.0,2.2
2024-12-20,05:07,05:27,20,58.4,3.9
2024-12-20,05:27,05:39,12,57.8,4.7
2024-12-20,05:39,05:58,19,58.8,2.9
2024-12-20,05:58,06:34,36,57.8,3.8
2024-12-20,06:34,06:57,17,60.2,7.0
2024-12-20,06:57,07:15,17,58.9,3.9
2024-12-20,07:15,07:40,25,56.9,4.3
2024-12-20,07:40,07:53,13,53.5,3.3
2024-12-20,07:53,08:15,21,53.2,3.3
2024-12-20,08:15,08:18,3,54.3,1.7
2024-12-21,01:37,01:50,13,59.5,5.5
2024-12-21,01:50,02:11,21,55.0,2.7
2024-12-21,02:11,02:37,26,54.5,4.4
2024-12-21,02:37,02:50,13,56.6,2.9
2024-12-21,02:50,03:04,14,56.9,3.5
2024-12-21,03:04,03:22,18,58.4,5.4
2024-12-21,03:22,03:44,21,62.9,5.3
2024-12-21,03:44,04:02,18,59.9,2.3
2024-12-21,04:02,04:21,19,60.6,3.5
2024-12-21,04:21,04:45,24,59.5,3.3
2024-12-21,04:45,05:04,19,56.9,4.8
2024-12-21,05:04,05:23,19,58.2,3.7
2024-12-21,05:23,05:37,14,59.5,4.3
2024-12-21,05:37,06:05,28,61.8,3.1
2024-12-21,06:05,06:17,12,60.9,1.9
2024-12-21,06:17,06:29,11,56.4,4.2
2024-12-21,06:29,06:46,16,58.1,4.2
2024-12-21,06:46,07:00,14,55.8,3.9
2024-12-21,07:00,07:25,25,55.9,2.9
2024-12-21,07:25,07:40,15,59.0,6.8
2024-12-21,07:40,08:00,20,59.5,2.9
2024-12-21,08:00,08:15,15,54.9,2.6
2024-12-21,08:15,08:30,15,54.0,3.0
2024-12-21,08:30,08:43,13,56.7,4.2
2024-12-21,08:43,09:11,28,58.8,3.3
2024-12-21,09:11,09:25,14,60.0,5.7
2024-12-21,09:25,09:30,5,60.8,1.6
2024-12-22,23:39,23:48,9,70.4,6.8
2024-12-22,23:48,00:13,25,67.0,1.8
2024-12-22,00:13,00:27,14,65.7,1.5
2024-12-22,00:27,00:51,24,65.4,4.2
2024-12-22,00:51,01:15,24,63.3,3.8
2024-12-22,01:15,01:41,26,58.9,3.3
2024-12-22,01:41,02:10,29,55.5,2.0
2024-12-22,02:10,02:22,12,57.2,0.9
2024-12-22,02:22,02:34,12,57.2,3.4
2024-12-22,02:34,02:53,19,59.4,4.2
2024-12-22,02:53,03:08,15,58.0,2.0
2024-12-22,03:08,03:20,12,58.1,1.0
2024-12-22,03:20,03:39,19,57.5,4.7
2024-12-22,03:39,04:16,37,57.9,2.0
2024-12-22,04:16,04:31,15,54.2,3.5
2024-12-22,04:31,04:53,22,55.4,2.8
2024-12-22,04:53,05:14,21,54.0,2.9
2024-12-22,05:14,05:35,21,56.5,3.4
2024-12-22,05:35,05:51,16,57.8,5.4
2024-12-22,05:51,06:08,17,54.6,2.3
2024-12-22,06:08,06:39,31,57.6,3.3
2024-12-22,06:39,06:56,17,57.5,2.2
2024-12-22,06:56,07:07,11,57.7,2.0
2024-12-22,07:07,07:21,14,56.9,3.0
2024-12-22,07:21,07:43,22,56.9,3.8
2024-12-22,07:43,08:05,22,59.7,2.8
2024-12-22,08:05,08:25,19,58.5,3.2
2024-12-22,08:25,08:46,16,55.8,4.7
2024-12-22,08:46,08:56,10,57.7,2.7
2024-12-22,08:56,09:24,28,61.9,2.6
2024-12-22,09:24,09:31,7,60.6,2.1
2024-12-23,00:44,00:58,14,76.7,3.8
2024-12-23,00:58,01:12,14,72.8,1.7
2024-12-23,01:12,01:38,26,70.4,1.9
2024-12-23,01:38,02:00,22,68.1,2.4
2024-12-23,02:00,02:12,12,67.9,2.5
2024-12-23,02:12,02:23,11,66.5,1.6
2024-12-23,02:23,02:38,15,69.6,3.6
2024-12-23,02:38,03:04,26,67.2,5.2
2024-12-23,03:04,03:33,29,62.4,2.0
2024-12-23,03:33,03:51,18,63.2,2.2
2024-12-23,03:51,04:19,28,65.0,4.0
2024-12-23,04:19,04:35,16,61.6,2.0
2024-12-23,04:35,04:59,24,62.5,2.9
2024-12-23,04:59,05:16,17,61.4,3.3
2024-12-23,05:16,05:30,14,58.4,2.9
2024-12-23,05:30,05:49,19,57.2,3.7
2024-12-23,05:49,06:29,40,61.4,3.2
2024-12-23,06:29,06:49,20,57.2,2.9
2024-12-23,06:49,07:03,14,56.1,4.8
2024-12-23,07:03,07:15,11,55.6,4.0
2024-12-23,07:15,07:27,12,59.1,2.3
2024-12-23,07:27,07:31,4,60.5,0.5
2024-12-24,00:14,00:28,14,70.7,5.5
2024-12-24,00:28,00:44,16,63.1,2.6
2024-12-24,00:44,00:55,11,64.0,1.0
2024-12-24,00:55,01:16,19,63.9,2.5
2024-12-24,01:16,01:34,18,62.7,1.8
2024-12-24,01:34,02:06,31,66.8,4.3
2024-12-24,02:06,02:18,12,62.5,2.2
2024-12-24,02:18,02:55,37,60.5,3.6
2024-12-24,02:55,03:13,18,57.1,2.4
2024-12-24,03:13,03:38,25,56.5,4.9
2024-12-24,03:38,03:57,19,58.1,6.8
2024-12-24,03:57,04:28,31,53.6,2.9
2024-12-24,04:28,04:48,19,55.1,3.1
2024-12-24,04:48,05:03,15,52.1,1.1
2024-12-24,05:03,05:26,23,53.8,2.6
2024-12-24,05:26,05:38,12,54.1,2.8
2024-12-24,05:38,06:13,35,56.7,3.5
2024-12-24,06:13,06:30,17,53.4,3.6
2024-12-24,06:30,06:47,17,53.1,4.4
2024-12-24,06:47,07:02,14,52.7,3.3
2024-12-24,07:02,07:27,25,57.6,5.3
2024-12-24,07:27,07:33,6,57.3,0.9
2024-12-25,22:46,23:10,24,60.5,5.5
2024-12-25,23:10,23:36,26,57.9,2.1
2024-12-25,23:36,23:58,22,58.6,2.1
2024-12-25,23:58,00:20,22,61.5,3.8
2024-12-25,00:20,00:35,15,60.9,4.5
2024-12-25,00:35,01:15,40,59.3,2.7
2024-12-25,01:15,01:33,18,57.6,2.5
2024-12-25,01:33,01:44,11,58.0,2.5
2024-12-25,01:44,02:02,18,57.4,3.8
2024-12-25,02:02,02:12,10,56.3,2.2
2024-12-25,02:12,02:26,14,56.4,3.8
2024-12-25,02:26,02:41,15,54.1,3.0
2024-12-25,02:41,03:18,37,54.2,3.3
2024-12-25,03:18,03:44,26,54.8,4.9
2024-12-25,03:44,04:04,20,54.9,3.1
2024-12-25,04:04,04:36,32,54.9,2.4
2024-12-25,04:36,04:47,11,52.9,2.3
2024-12-25,04:47,05:23,36,52.6,3.4
2024-12-25,05:23,05:34,11,51.7,3.0
2024-12-25,05:34,05:54,20,55.5,5.4
2024-12-25,05:54,06:05,11,58.5,3.2
2024-12-25,06:05,06:24,19,54.6,2.3
2024-12-25,06:24,06:55,31,55.6,3.0
2024-12-25,06:55,07:13,18,53.0,2.3
2024-12-25,07:13,07:31,18,52.1,3.3
2024-12-25,07:31,08:18,47,58.6,3.5
2024-12-25,08:18,08:47,25,60.6,7.5
2024-12-25,08:47,09:05,18,52.5,2.4
2024-12-25,09:05,09:21,16,53.0,5.7
2024-12-25,09:21,09:40,19,52.8,2.2
2024-12-26,02:01,02:04,3,66.0,1.4
2024-12-26,02:04,02:26,22,65.4,5.3
2024-12-26,02:26,02:48,22,63.3,3.0
2024-12-26,02:48,03:05,17,64.2,2.6
2024-12-26,03:05,03:24,19,64.5,3.5
2024-12-26,03:24,03:39,15,63.7,2.1
2024-12-26,03:39,04:06,27,63.7,4.3
2024-12-26,04:06,04:23,17,59.9,0.9
2024-12-26,04:23,04:44,21,59.8,1.6
2024-12-26,04:44,05:06,22,58.9,4.4
2024-12-26,05:06,05:32,26,59.0,3.1
2024-12-26,05:32,05:48,16,58.6,1.7
2024-12-26,05:48,06:03,15,58.3,2.3
2024-12-26,06:03,06:19,16,58.3,1.4
2024-12-26,06:19,06:39,20,58.9,3.4
2024-12-26,06:39,06:55,15,55.4,3.9
2024-12-26,06:55,07:09,14,53.3,2.4
2024-12-26,07:09,07:28,19,54.3,2.8
2024-12-26,07:28,08:04,36,57.4,4.1
2024-12-26,08:04,08:26,22,55.8,2.1
2024-12-26,08:26,08:40,14,55.8,1.9
2024-12-26,08:40,08:52,12,56.8,2.5
2024-12-26,08:52,09:03,11,54.7,4.0
2024-12-26,09:03,09:16,13,55.1,2.3
2024-12-26,09:16,09:40,24,55.7,3.4
2024-12-26,09:40,10:00,20,57.4,4.1
2024-12-27,02:28,02:37,9,56.9,3.0
2024-12-27,02:37,02:57,20,58.4,2.7
2024-12-27,02:57,03:15,18,60.7,2.5
2024-12-27,03:15,03:43,28,61.6,2.1
2024-12-27,03:43,04:06,23,62.2,3.4
2024-12-27,04:06,04:18,12,59.2,3.1
2024-12-27,04:18,04:42,24,63.5,1.7
2024-12-27,04:42,05:02,20,63.5,2.5
2024-12-27,05:02,05:23,19,61.8,6.7
2024-12-27,05:23,05:40,17,58.8,4.8
2024-12-27,05:40,06:16,36,60.2,3.5
2024-12-27,06:16,06:29,13,62.2,1.3
2024-12-27,06:29,06:41,12,59.5,2.6
2024-12-27,06:41,06:57,16,58.9,2.8
2024-12-27,06:57,07:20,23,58.4,4.3
2024-12-27,07:20,07:33,13,55.5,2.3
2024-12-27,07:33,07:53,19,58.3,3.5
2024-12-27,07:53,08:05,12,63.6,8.1
2024-12-28,02:49,02:58,9,59.3,1.8
2024-12-28,02:58,03:18,20,60.9,2.0
2024-12-28,03:18,03:38,20,61.3,6.1
2024-12-28,03:38,03:53,15,58.9,1.9
2024-12-28,03:53,04:04,11,58.5,2.4
2024-12-28,04:04,04:19,15,59.9,3.0
2024-12-28,04:19,04:33,14,62.6,4.1
2024-12-28,04:33,04:52,19,63.4,1.8
2024-12-28,04:52,05:09,17,60.2,4.9
2024-12-28,05:09,05:26,17,58.1,3.3
2024-12-28,05:26,05:41,15,60.9,1.4
2024-12-28,05:41,05:52,11,61.4,2.0
2024-12-28,05:52,06:07,15,59.9,3.1
2024-12-28,06:07,06:17,10,61.1,4.1
2024-12-28,06:17,06:29,12,60.2,5.1
2024-12-28,06:29,06:53,24,60.5,3.4
2024-12-28,06:53,07:11,18,57.4,2.3
2024-12-28,07:11,07:39,28,57.3,3.0
2024-12-28,07:39,07:55,16,55.1,3.7
2024-12-28,07:55,08:19,24,58.2,2.3
2024-12-28,08:19,08:32,13,57.0,2.4
2024-12-28,08:32,08:46,14,56.9,2.9
2024-12-28,08:46,09:01,15,58.5,4.5
2024-12-28,09:01,09:14,13,58.1,3.8
2024-12-28,09:14,09:33,19,57.5,4.5
2024-12-28,09:33,09:55,22,56.3,3.8
2024-12-28,09:55,10:17,22,55.9,4.1
2024-12-28,10:17,10:45,28,57.6,2.1
2024-12-28,10:45,10:58,13,57.8,4.4
2024-12-28,10:58,11:24,25,67.0,6.9
2024-12-28,11:24,11:35,11,63.4,2.4
2024-12-28,11:35,11:49,14,63.4,1.6
2024-12-28,11:49,12:11,22,64.6,3.0
2024-12-28,12:11,12:25,14,65.6,1.9
2024-12-28,12:25,12:44,19,65.8,3.4
2024-12-29,01:32,01:46,14,67.6,8.0
2024-12-29,01:46,02:05,19,61.2,2.8
2024-12-29,02:05,02:17,12,60.4,1.8
2024-12-29,02:17,02:46,29,62.0,2.0
2024-12-29,02:46,03:00,14,63.7,3.8
2024-12-29,03:00,03:14,14,64.1,5.5
2024-12-29,03:14,03:41,27,62.4,5.2
2024-12-29,03:41,04:06,25,60.2,2.0
2024-12-29,04:06,04:30,24,59.1,2.7
2024-12-29,04:30,05:09,39,59.4,1.9
2024-12-29,05:09,05:24,15,58.1,2.0
2024-12-29,05:24,05:40,16,58.8,2.4
2024-12-29,05:40,06:09,29,59.1,2.7
2024-12-29,06:09,06:29,20,57.5,2.5
2024-12-29,06:29,06:40,11,58.1,3.1
2024-12-29,06:40,06:52,12,58.2,5.2
2024-12-29,06:52,07:06,14,60.8,4.9
2024-12-29,07:06,07:21,15,59.5,4.1
2024-12-29,07:21,07:35,14,59.5,3.6
2024-12-29,07:35,07:47,12,56.8,2.2
2024-12-29,07:47,08:07,20,58.1,2.9
2024-12-29,08:07,08:48,29,61.5,5.8
2024-12-29,08:48,09:02,14,56.2,2.5
2024-12-29,09:02,09:14,12,53.9,3.6
2024-12-29,09:14,09:25,11,55.4,2.5
2024-12-29,09:25,09:36,11,59.6,5.7
2024-12-30,00:58,01:09,11,67.3,3.3
2024-12-30,01:09,01:23,14,62.4,4.5
2024-12-30,01:23,01:41,17,62.1,3.1
2024-12-30,01:41,02:10,29,62.0,2.3
2024-12-30,02:10,02:23,13,62.4,3.1
2024-12-30,02:23,02:53,30,63.0,4.7
2024-12-30,02:53,03:05,12,60.8,2.4
2024-12-30,03:05,03:18,13,57.8,3.5
2024-12-30,03:18,03:32,14,57.4,2.1
2024-12-30,03:32,03:46,14,56.4,4.0
2024-12-30,03:46,03:59,13,58.0,3.2
2024-12-30,03:59,04:15,16,58.6,3.9
2024-12-30,04:15,04:36,21,58.1,3.2
2024-12-30,04:36,04:59,23,59.0,2.6
2024-12-30,04:59,05:15,16,56.4,2.9
2024-12-30,05:15,05:29,14,58.1,3.2
2024-12-30,05:29,05:41,12,56.2,4.4
2024-12-30,05:41,05:52,11,55.8,3.0
2024-12-30,05:52,06:04,12,55.7,2.8
2024-12-30,06:04,06:29,25,57.0,3.7
2024-12-30,06:29,06:45,16,55.3,3.3
2024-12-30,06:45,07:12,27,56.6,3.4
2024-12-30,07:12,07:33,19,61.9,8.0
2024-12-30,07:33,07:47,14,58.1,2.0
2024-12-30,07:47,07:59,12,57.2,2.5
2024-12-30,07:59,08:05,6,57.2,4.8
2024-12-31,00:31,00:44,13,63.4,7.4
2024-12-31,00:44,01:10,26,61.0,2.4
2024-12-31,01:10,01:24,14,62.4,3.6
2024-12-31,01:24,01:48,24,64.5,4.2
2024-12-31,01:48,02:16,28,69.3,4.9
2024-12-31,02:16,02:38,22,66.2,1.9
2024-12-31,02:38,03:00,22,65.0,2.4
2024-12-31,03:00,03:16,15,63.9,3.7
2024-12-31,03:16,03:30,14,63.9,3.2
2024-12-31,03:30,03:52,22,65.3,2.7
2024-12-31,03:52,04:09,17,63.2,2.3
2024-12-31,04:09,04:33,24,63.1,2.6
2024-12-31,04:33,04:45,12,60.4,6.8
2024-12-31,04:45,05:17,32,60.8,5.3
2024-12-31,05:17,05:36,19,61.2,2.8
2024-12-31,05:36,05:46,10,60.8,1.8
2024-12-31,05:46,06:14,28,60.7,2.2
2024-12-31,06:14,06:38,24,57.6,3.8
2024-12-31,06:38,06:52,14,54.3,6.2
2024-12-31,06:52,07:13,21,55.4,2.9
2024-12-31,07:13,07:31,18,56.6,3.2
2024-12-31,07:31,07:52,21,56.0,5.1
2024-12-31,07:52,08:15,23,57.3,4.9
2024-12-31,08:15,08:27,12,54.1,2.5
2024-12-31,08:27,08:45,18,58.6,2.9
2024-12-31,08:45,09:23,38,58.8,4.4
2024-12-31,09:23,09:36,13,54.1,2.4
2024-12-31,09:36,10:00,24,56.6,5.0
2025-01-01,00:44,00:56,12,68.5,5.0
2025-01-01,00:56,01:22,26,62.9,3.1
2025-01-01,01:22,01:42,20,59.9,2.2
2025-01-01,01:42,01:55,13,60.2,3.5
2025-01-01,01:55,02:12,17,58.8,3.2
2025-01-01,02:12,02:24,12,57.7,3.2
2025-01-01,02:24,02:49,25,62.6,2.9
2025-01-01,02:49,03:02,13,61.4,1.4
2025-01-01,03:02,03:13,11,61.5,3.6
2025-01-01,03:13,03:29,16,62.2,2.7
2025-01-01,03:29,03:53,24,62.2,2.4
2025-01-01,03:53,04:08,15,59.6,2.3
2025-01-01,04:08,04:46,38,61.4,2.1
2025-01-01,04:46,04:59,13,63.4,1.3
2025-01-01,04:59,05:11,12,63.5,2.6
2025-01-01,05:11,05:31,20,63.2,3.7
2025-01-01,05:31,06:20,49,63.8,2.7
2025-01-01,06:20,06:33,13,61.7,2.9
2025-01-01,06:33,07:02,29,61.2,3.6
2025-01-01,07:02,07:31,29,61.4,2.3
2025-01-01,07:31,07:49,18,59.7,2.3
2025-01-01,07:49,08:17,28,60.4,2.8
2025-01-01,08:17,09:01,44,57.7,2.8
2025-01-01,09:01,09:07,6,60.2,2.3
2025-01-02,02:01,02:09,8,64.2,1.6
2025-01-02,02:09,02:34,25,64.9,1.8
2025-01-02,02:34,03:00,26,65.0,2.5
2025-01-02,03:00,03:32,32,67.0,3.0
2025-01-02,03:32,03:52,20,65.2,3.3
2025-01-02,03:52,04:08,16,62.2,2.6
2025-01-02,04:08,04:20,12,61.9,2.5
2025-01-02,04:20,04:54,34,63.4,3.3
2025-01-02,04:54,05:14,20,65.0,4.0
2025-01-02,05:14,05:27,13,62.1,3.8
2025-01-02,05:27,05:41,14,62.5,4.3
2025-01-02,05:41,05:57,16,64.6,2.9
2025-01-02,05:57,06:28,31,65.0,3.3
2025-01-02,06:28,06:44,16,63.1,2.0
2025-01-02,06:44,06:56,11,62.0,4.7
2025-01-02,06:56,07:08,12,63.8,4.0
2025-01-02,07:08,07:30,22,66.4,3.7
2025-01-02,07:30,07:52,22,67.5,1.6
2025-01-02,07:52,08:08,16,63.8,5.4
2025-01-02,08:08,08:19,11,59.6,3.1
2025-01-02,08:19,08:46,27,63.0,4.6
2025-01-02,08:46,09:04,13,65.3,5.0
2025-01-02,09:04,09:25,21,61.5,2.1
2025-01-02,09:25,09:41,16,60.2,3.3
2025-01-02,09:41,10:04,23,60.7,4.3
2025-01-02,10:04,10:30,26,60.9,3.5
2025-01-02,10:30,10:49,19,60.3,3.9
2025-01-02,10:49,11:01,12,61.1,4.7
2025-01-02,11:01,11:15,14,61.6,2.0
2025-01-02,11:15,11:31,16,63.3,3.6
2025-01-02,11:31,11:48,17,66.9,10.9
2025-01-02,11:48,12:01,13,60.5,1.9
2025-01-02,12:01,12:25,24,61.9,2.8
2025-01-02,12:25,12:49,24,64.2,3.0
2025-01-02,12:49,13:07,18,60.2,2.0
2025-01-02,13:07,13:25,17,60.9,3.9
2025-01-02,13:25,13:58,33,65.3,5.2
2025-01-02,13:58,14:17,19,64.5,3.0
2025-01-03,02:46,03:02,16,69.3,3.2
2025-01-03,03:02,03:37,35,62.2,5.5
2025-01-03,03:37,03:54,17,56.9,1.4
2025-01-03,03:54,04:18,24,59.4,7.1
2025-01-03,04:18,04:31,13,57.2,3.1
2025-01-03,04:31,04:44,13,58.8,2.7
2025-01-03,04:44,04:58,14,60.8,4.4
2025-01-03,04:58,05:23,25,63.7,3.8
2025-01-03,05:23,05:36,13,57.9,3.3
2025-01-03,05:36,05:53,17,64.5,2.6
2025-01-03,05:53,06:17,24,63.2,3.3
2025-01-03,06:17,06:28,11,60.3,2.0
2025-01-03,06:28,06:44,16,63.8,4.7
2025-01-03,06:44,06:55,11,65.9,5.0
2025-01-03,06:55,07:09,14,66.2,2.1
2025-01-03,07:09,07:25,16,64.6,2.8
2025-01-03,07:25,07:46,21,64.2,3.4
2025-01-03,07:46,08:00,14,62.9,3.4
2025-01-03,08:00,08:20,20,62.8,3.2
2025-01-04,03:15,03:41,26,61.8,2.7
2025-01-04,03:41,04:01,20,60.0,3.2
2025-01-04,04:01,04:16,15,60.3,2.3
2025-01-04,04:16,04:28,12,61.6,2.8
2025-01-04,04:28,04:40,11,64.5,4.3
2025-01-04,04:40,05:01,21,62.8,3.9
2025-01-04,05:01,05:22,21,61.9,4.7
2025-01-04,05:22,05:42,20,63.7,5.3
2025-01-04,05:42,05:54,12,61.8,3.0
2025-01-04,05:54,06:13,19,63.8,2.3
2025-01-04,06:13,06:25,12,63.4,3.0
2025-01-04,06:25,06:39,13,63.2,3.0
2025-01-04,06:39,06:54,15,61.6,3.7
2025-01-04,06:54,07:11,17,63.1,2.9
2025-01-04,07:11,07:37,26,63.2,3.0
2025-01-04,07:37,07:57,20,61.8,2.3
2025-01-04,07:57,08:13,16,63.2,4.3
2025-01-04,08:13,08:41,28,63.1,3.8
2025-01-04,08:41,08:58,17,62.8,5.3
2025-01-04,08:58,09:21,23,65.0,3.7
2025-01-04,09:21,09:35,14,61.6,4.0
2025-01-04,09:35,09:56,21,60.6,4.4
2025-01-04,09:56,10:11,15,62.5,4.2
2025-01-05,03:43,03:56,13,70.9,2.8
2025-01-05,03:56,04:12,16,66.6,2.4
2025-01-05,04:12,04:45,33,65.0,3.4
2025-01-05,04:45,05:08,22,65.1,2.7
2025-01-05,05:08,05:31,23,66.0,3.1
2025-01-05,05:31,05:43,12,65.4,4.2
2025-01-05,05:43,05:55,12,68.8,1.6
2025-01-05,05:55,06:09,14,68.1,3.7
2025-01-05,06:09,06:36,27,65.9,2.9
2025-01-05,06:36,07:09,33,64.5,3.3
2025-01-05,07:09,07:36,27,63.1,3.0
2025-01-05,07:36,07:53,17,64.7,3.2
2025-01-05,07:53,08:21,28,67.4,5.1
2025-01-05,08:21,08:33,12,66.2,2.6
2025-01-05,08:33,08:58,25,64.9,2.4
2025-01-05,08:58,09:12,14,62.9,2.6
2025-01-05,09:12,09:38,26,63.7,3.4
2025-01-05,09:38,10:03,25,63.6,3.6
2025-01-05,10:03,10:18,15,59.9,2.9
2025-01-05,10:18,10:41,23,61.7,2.5
2025-01-05,10:41,10:52,11,59.4,4.0
2025-01-05,10:52,11:37,44,63.7,4.6
2025-01-05,11:37,11:55,18,59.9,4.2
2025-01-06,03:33,04:16,43,72.3,2.1
2025-01-06,04:16,04:32,16,70.2,1.8
2025-01-06,04:32,04:48,16,70.7,2.4
2025-01-06,04:48,05:32,44,69.3,3.5
2025-01-06,05:32,05:50,18,63.9,2.9
2025-01-06,05:50,06:01,11,62.7,3.0
2025-01-06,06:01,06:16,15,62.8,2.4
2025-01-06,06:16,06:29,13,62.8,2.1
2025-01-06,06:29,06:43,14,63.7,0.7
2025-01-06,06:43,06:57,14,63.7,3.1
2025-01-06,06:57,07:12,15,62.8,1.5
2025-01-06,07:12,07:29,17,64.3,1.2
2025-01-06,07:29,07:43,14,62.6,2.6
2025-01-06,07:43,07:59,16,65.8,4.6
2025-01-06,07:59,08:19,20,66.8,1.7
2025-01-06,08:19,08:35,16,62.8,4.5
2025-01-06,08:35,08:56,21,65.5,4.7
2025-01-06,08:56,09:09,13,64.6,1.3
2025-01-06,09:09,09:20,11,63.5,7.3
2025-01-06,09:20,09:33,13,62.5,4.1
2025-01-06,09:33,09:58,25,60.0,1.6
2025-01-06,09:58,10:13,15,61.1,6.9
2025-01-06,10:13,10:26,13,58.3,4.4
2025-01-06,10:26,11:00,34,58.4,4.1
2025-01-06,11:00,11:12,12,56.7,2.7
2025-01-06,11:12,11:31,17,58.5,7.9
2025-01-06,11:31,11:40,9,58.7,1.9
2025-01-07,01:40,02:10,30,73.7,2.7
2025-01-07,02:10,02:30,20,69.8,2.7
2025-01-07,02:30,02:52,21,68.5,2.1
2025-01-07,02:52,03:22,30,67.1,3.6
2025-01-07,03:22,03:38,16,63.0,4.3
2025-01-07,03:38,03:49,11,62.4,5.2
2025-01-07,03:49,04:14,25,64.0,1.9
2025-01-07,04:14,04:25,11,58.5,3.5
2025-01-07,04:25,04:44,18,58.1,2.7
2025-01-07,04:44,05:00,16,58.5,2.9
2025-01-07,05:00,05:19,19,61.2,5.2
2025-01-07,05:19,05:33,14,60.0,3.5
2025-01-07,05:33,05:55,22,61.1,3.2
2025-01-07,05:55,06:15,20,58.1,4.2
2025-01-07,06:15,06:25,10,58.1,2.3
2025-01-07,06:25,06:36,11,57.9,3.3
2025-01-07,06:36,06:58,22,59.4,4.0
2025-01-07,06:58,07:14,16,58.6,7.0
2025-01-07,07:14,07:44,30,56.9,4.5
2025-01-07,07:44,08:03,19,56.8,4.1
2025-01-08,01:41,01:57,16,76.8,2.9
2025-01-08,01:57,02:07,10,74.6,1.4
2025-01-08,02:07,02:22,15,73.1,4.2
2025-01-08,02:22,02:35,13,71.3,2.9
2025-01-08,02:35,02:46,11,69.2,1.0
2025-01-08,02:46,03:05,19,68.7,2.1
2025-01-08,03:05,03:36,31,65.9,2.3
2025-01-08,03:36,04:01,25,63.1,4.4
2025-01-08,04:01,04:24,23,62.5,2.2
2025-01-08,04:24,04:46,22,63.4,3.1
2025-01-08,04:46,05:11,25,60.6,1.9
2025-01-08,05:11,05:26,15,59.8,2.7
2025-01-08,05:26,05:50,21,63.0,3.7
2025-01-08,05:50,06:24,34,65.0,3.2
2025-01-08,06:24,06:44,20,63.6,4.8
2025-01-08,06:44,07:01,17,63.4,3.2
2025-01-08,07:01,07:14,13,61.9,2.7
2025-01-08,07:14,07:39,25,61.0,2.6
2025-01-08,07:39,08:09,30,62.5,1.9
2025-01-08,08:09,08:26,16,62.9,3.9
2025-01-08,08:26,08:31,5,60.8,3.1
2025-01-09,00:41,00:51,10,72.0,2.8
2025-01-09,00:51,01:08,17,71.1,1.6
2025-01-09,01:08,01:20,12,71.0,1.5
2025-01-09,01:20,01:51,31,73.6,2.4
2025-01-09,01:51,02:06,15,73.7,1.6
2025-01-09,02:06,02:26,20,74.8,5.2
2025-01-09,02:26,02:54,28,70.4,2.4
2025-01-09,02:54,03:04,10,72.1,0.5
2025-01-09,03:04,03:42,38,71.0,2.7
2025-01-09,03:42,04:01,19,69.7,2.5
2025-01-09,04:01,04:16,15,64.7,5.1
2025-01-09,04:16,04:28,12,64.6,4.1
2025-01-09,04:28,04:50,22,66.3,2.6
2025-01-09,04:50,05:04,14,68.5,2.0
2025-01-09,05:04,05:29,25,69.0,1.5
2025-01-09,05:29,05:43,14,66.6,3.1
2025-01-09,05:43,05:56,13,68.0,2.9
2025-01-09,05:56,06:08,12,66.1,3.1
2025-01-09,06:08,06:55,47,66.8,4.0
2025-01-09,06:55,07:23,28,64.6,3.2
2025-01-09,07:23,07:35,12,65.8,5.9
2025-01-09,07:35,07:52,17,63.6,3.8
2025-01-09,07:52,08:07,14,64.6,3.4
2025-01-10,01:40,01:57,17,73.5,5.6
2025-01-10,01:57,02:19,22,69.5,1.7
2025-01-10,02:19,02:34,15,67.1,3.3
2025-01-10,02:34,02:51,17,67.9,2.3
2025-01-10,02:51,03:02,11,69.1,3.3
2025-01-10,03:02,03:34,32,67.6,2.4
2025-01-10,03:34,03:53,19,68.7,6.5
2025-01-10,03:53,04:07,14,62.5,3.5
2025-01-10,04:07,04:27,20,60.2,1.8
2025-01-10,04:27,04:39,12,60.8,1.0
2025-01-10,04:39,05:05,26,62.0,2.2
2025-01-10,05:05,05:22,17,64.8,1.3
2025-01-10,05:22,05:50,28,65.1,3.6
2025-01-10,05:50,06:17,27,65.1,2.5
2025-01-10,06:17,06:38,21,66.8,2.2
2025-01-10,06:38,06:49,11,67.1,3.5
2025-01-10,06:49,07:08,19,69.6,3.1
2025-01-10,07:08,07:28,20,69.0,2.0
2025-01-10,07:28,07:56,28,69.7,2.6
2025-01-10,07:56,08:34,15,71.8,8.5
2025-01-10,08:34,08:47,13,73.9,3.9
2025-01-10,08:47,09:09,22,70.1,8.0
2025-01-10,09:09,09:41,32,58.2,2.7
2025-01-10,09:41,10:04,23,54.3,3.2
2025-01-10,10:04,10:23,19,55.0,6.3
2025-01-10,10:23,10:44,21,53.0,2.5
2025-01-10,10:44,11:05,21,52.7,2.8
2025-01-10,11:05,11:16,11,52.1,3.1
2025-01-11,02:48,02:52,4,69.0,2.7
2025-01-11,02:52,03:11,19,67.3,4.4
2025-01-11,03:11,03:35,24,64.6,2.5
2025-01-11,03:35,03:58,23,65.8,3.1
2025-01-11,03:58,04:10,12,67.2,2.5
2025-01-11,04:10,04:30,20,68.2,2.4
2025-01-11,04:30,04:57,27,66.9,3.3
2025-01-11,04:57,05:15,18,66.6,3.3
2025-01-11,05:15,05:27,12,63.6,1.4
2025-01-11,05:27,05:55,27,62.0,2.7
2025-01-11,05:55,06:06,11,63.5,5.4
2025-01-11,06:06,06:34,28,65.9,3.8
2025-01-11,06:34,07:00,26,63.3,2.6
2025-01-11,07:00,07:13,13,65.2,2.7
2025-01-11,07:13,07:23,10,65.4,1.1
2025-01-11,07:23,07:42,19,63.5,3.1
2025-01-11,07:42,07:56,14,60.7,3.0
2025-01-11,07:56,08:16,20,63.8,3.3
2025-01-11,08:16,08:34,18,63.6,2.8
2025-01-11,08:34,08:55,21,64.7,4.6
2025-01-11,08:55,09:19,23,64.5,4.8
2025-01-11,09:19,09:30,11,66.0,8.9
2025-01-12,03:09,03:23,14,70.6,3.6
2025-01-12,03:23,03:45,22,66.5,2.6
2025-01-12,03:45,04:09,24,64.3,2.1
2025-01-12,04:09,04:25,16,62.9,2.3
2025-01-12,04:25,04:38,13,61.3,2.8
2025-01-12,04:38,04:54,16,62.6,2.1
2025-01-12,04:54,05:07,13,66.2,3.3
2025-01-12,05:07,05:29,22,66.1,5.1
2025-01-12,05:29,06:03,34,64.0,2.7
2025-01-12,06:03,06:27,24,62.4,4.7
2025-01-12,06:27,06:45,18,62.3,4.4
2025-01-12,06:45,07:07,22,63.4,3.3
2025-01-12,07:07,07:23,16,59.2,4.6
2025-01-12,07:23,07:50,27,61.9,2.0
2025-01-12,07:50,08:16,26,62.6,2.3
2025-01-12,08:16,08:44,28,63.3,3.9
2025-01-12,08:44,09:00,16,62.2,2.8
2025-01-12,09:00,09:26,25,63.6,2.0
2025-01-12,09:26,09:32,6,64.0,2.6
2025-01-13,00:45,01:02,17,72.5,3.7
2025-01-13,01:02,01:18,16,69.9,1.2
2025-01-13,01:18,01:41,23,70.9,3.0
2025-01-13,01:41,01:58,17,68.6,1.8
2025-01-13,01:58,02:18,20,70.0,2.4
2025-01-13,02:18,02:45,27,69.1,2.8
2025-01-13,02:45,03:09,24,66.5,2.9
2025-01-13,03:09,03:20,11,65.7,2.2
2025-01-13,03:20,03:32,12,64.4,1.9
2025-01-13,03:32,03:43,11,64.6,1.6
2025-01-13,03:43,03:55,12,63.8,2.5
2025-01-13,03:55,04:18,23,64.6,3.9
2025-01-13,04:18,04:29,11,65.3,4.2
2025-01-13,04:29,05:02,33,62.8,2.5
2025-01-13,05:02,05:16,14,62.4,4.3
2025-01-13,05:16,05:39,23,59.5,5.1
2025-01-13,05:39,05:57,17,57.1,2.4
2025-01-13,05:57,06:10,13,59.2,4.4
2025-01-13,06:10,06:27,17,59.8,4.0
2025-01-13,06:27,06:37,10,56.4,2.0
2025-01-13,06:37,07:18,41,57.2,2.4
2025-01-13,07:18,07:31,13,54.2,3.3
2025-01-13,07:31,08:04,33,55.6,3.5
2025-01-13,08:04,08:18,14,55.4,3.1
2025-01-13,08:18,08:35,17,58.1,3.6
2025-01-13,08:35,08:40,5,54.2,3.7
2025-01-14,01:26,01:38,12,80.3,7.7
2025-01-14,01:38,02:01,23,75.9,1.5
2025-01-14,02:01,02:15,14,75.5,4.5
2025-01-14,02:15,02:35,20,72.3,1.8
2025-01-14,02:35,02:46,11,71.5,2.7
2025-01-14,02:46,03:08,22,72.4,4.8
2025-01-14,03:08,03:29,21,69.6,4.3
2025-01-14,03:29,03:41,12,69.1,2.3
2025-01-14,03:41,03:58,17,68.4,2.5
2025-01-14,03:58,04:16,18,67.0,1.4
2025-01-14,04:16,04:30,14,67.3,2.1
2025-01-14,04:30,04:41,11,65.1,3.1
2025-01-14,04:41,04:57,16,67.4,2.9
2025-01-14,04:57,05:12,15,67.2,3.1
2025-01-14,05:12,05:36,24,68.2,2.9
2025-01-14,05:36,05:47,11,67.4,2.9
2025-01-14,05:47,06:18,31,67.8,2.9
2025-01-14,06:18,06:32,14,65.4,3.4
2025-01-14,06:32,06:46,14,65.0,3.1
2025-01-14,06:46,06:56,10,62.5,3.4
2025-01-14,06:56,07:07,11,63.5,3.3
2025-01-14,07:07,07:15,8,65.0,1.5
2025-01-15,01:12,01:26,14,61.0,9.0
2025-01-15,01:26,01:52,26,59.7,3.2
2025-01-15,01:52,02:05,13,58.3,3.6
2025-01-15,02:05,02:26,21,59.8,4.1
2025-01-15,02:26,02:42,16,61.2,6.6
2025-01-15,02:42,02:57,15,59.6,2.2
2025-01-15,02:57,03:16,19,60.7,1.4
2025-01-15,03:16,03:27,11,58.7,4.9
2025-01-15,03:27,03:46,19,59.2,2.0
2025-01-15,03:46,04:01,15,58.9,2.8
2025-01-15,04:01,04:29,28,58.4,6.0
2025-01-15,04:29,04:44,15,57.9,3.9
2025-01-15,04:44,04:57,13,57.3,2.9
2025-01-15,04:57,05:21,24,56.2,2.6
2025-01-15,05:21,05:41,19,56.7,4.6
2025-01-15,05:41,05:53,12,57.1,3.1
2025-01-15,05:53,06:06,13,55.8,2.1
2025-01-15,06:06,06:27,21,56.8,2.7
2025-01-15,06:27,06:54,27,56.7,1.8
2025-01-15,06:54,07:10,16,56.5,2.5
2025-01-15,07:10,07:29,19,55.2,2.9
2025-01-16,03:45,03:55,10,65.6,3.6
2025-01-16,03:55,04:13,18,65.6,4.7
2025-01-16,04:13,04:33,20,64.2,1.7
2025-01-16,04:33,05:03,30,68.1,3.6
2025-01-16,05:03,05:22,19,68.4,4.8
2025-01-16,05:22,05:47,25,65.0,3.2
2025-01-16,05:47,06:18,31,63.7,1.8
2025-01-16,06:18,06:40,22,61.2,3.1
2025-01-16,06:40,07:02,22,60.3,2.3
2025-01-16,07:02,07:23,21,63.8,5.3
2025-01-16,07:23,07:47,24,60.0,2.5
2025-01-16,07:47,08:03,16,60.6,3.7
2025-01-17,02:30,02:44,14,72.3,5.7
2025-01-17,02:44,03:04,20,68.8,1.7
2025-01-17,03:04,03:16,12,68.6,1.7
2025-01-17,03:16,03:40,24,68.5,1.4
2025-01-17,03:40,04:24,44,64.0,3.6
2025-01-17,04:24,04:54,30,62.8,4.5
2025-01-17,04:54,05:06,12,60.1,1.8
2025-01-17,05:06,05:18,12,60.5,2.6
2025-01-17,05:18,05:30,12,63.6,3.4
2025-01-17,05:30,05:43,13,63.5,3.7
2025-01-17,05:43,05:59,16,63.2,2.6
2025-01-17,05:59,06:13,14,61.1,5.4
2025-01-17,06:13,06:34,21,58.2,3.1
2025-01-17,06:34,06:45,11,58.2,3.2
2025-01-17,06:45,07:06,21,58.5,2.7
2025-01-17,07:06,07:29,23,58.6,2.5
2025-01-17,07:29,07:49,20,57.8,1.9
2025-01-17,07:49,08:06,16,62.2,5.0
2025-01-18,02:39,03:08,29,68.2,3.5
2025-01-18,03:08,03:20,12,64.5,3.7
2025-01-18,03:20,03:43,23,64.9,3.4
2025-01-18,03:43,04:03,20,63.8,3.9
2025-01-18,04:03,04:24,21,61.4,3.0
2025-01-18,04:24,04:37,12,58.5,3.4
2025-01-18,04:37,05:00,23,57.2,2.7
2025-01-18,05:00,05:15,15,54.7,2.7
2025-01-18,05:15,05:38,23,55.4,3.5
2025-01-18,05:38,05:55,17,55.9,4.2
2025-01-18,05:55,06:23,21,62.1,5.0
2025-01-18,06:23,06:33,10,59.6,1.2
2025-01-18,06:33,07:45,45,63.7,5.7
2025-01-18,07:45,07:59,14,56.5,2.9
2025-01-18,07:59,08:15,16,56.9,3.9
2025-01-18,08:15,08:41,26,60.9,3.3
2025-01-18,08:41,08:53,12,58.0,4.1
2025-01-18,08:53,09:04,11,56.8,3.7
2025-01-18,09:04,09:14,10,55.4,2.6
2025-01-18,09:14,09:28,14,54.9,2.7
2025-01-18,09:28,09:43,15,56.6,2.4
2025-01-18,09:43,09:52,8,56.5,5.3
2025-01-19,03:59,04:03,4,62.2,2.2
2025-01-19,04:03,04:28,25,61.3,2.2
2025-01-19,04:28,04:57,29,63.8,2.3
2025-01-19,04:57,05:07,10,63.6,2.2
2025-01-19,05:07,05:29,22,65.1,3.2
2025-01-19,05:29,05:44,15,66.5,8.5
2025-01-19,05:44,05:57,13,64.4,1.2
2025-01-19,05:57,06:09,12,64.2,3.9
2025-01-19,06:09,06:38,29,62.1,1.3
2025-01-19,06:38,06:55,17,59.3,4.6
2025-01-19,06:55,07:18,23,58.6,5.8
2025-01-19,07:18,07:30,12,65.2,4.7
2025-01-19,07:30,07:57,27,65.3,2.3
2025-01-19,07:57,08:12,15,62.1,3.2
2025-01-19,08:12,08:24,12,61.8,3.0
2025-01-19,08:24,08:50,26,60.9,3.9
2025-01-19,08:50,09:02,12,60.6,2.9
2025-01-19,09:02,09:13,11,60.2,2.8
2025-01-19,09:13,09:37,24,62.2,3.9
2025-01-19,09:37,10:14,37,62.9,3.7
2025-01-20,21:51,22:03,12,65.9,2.8
2025-01-20,22:03,22:40,37,63.6,2.8
2025-01-20,22:40,23:26,46,67.5,10.5
2025-01-20,23:26,00:04,38,67.8,5.0
2025-01-20,00:04,00:25,21,70.5,2.8
2025-01-20,00:25,01:01,35,68.5,2.1
2025-01-20,01:01,01:17,16,63.4,2.6
2025-01-20,01:17,01:35,18,65.9,2.3
2025-01-20,01:35,01:48,13,61.5,5.0
2025-01-20,01:48,02:15,27,59.9,4.7
2025-01-20,02:15,02:37,22,59.5,3.5
2025-01-20,02:37,02:49,12,62.0,1.5
2025-01-20,02:49,03:13,24,59.2,4.5
2025-01-20,03:13,03:32,19,54.5,3.8
2025-01-20,03:32,03:53,20,55.5,4.8
2025-01-20,03:53,04:13,20,52.8,3.9
2025-01-20,04:13,04:38,25,53.4,2.4
2025-01-20,04:38,05:03,25,55.4,2.6
2025-01-20,05:03,05:18,15,55.9,4.8
2025-01-20,05:18,05:38,20,55.1,3.5
2025-01-20,05:38,06:15,37,55.0,2.9
2025-01-20,06:15,06:29,14,53.8,4.5
2025-01-20,06:29,06:41,12,53.7,3.0
2025-01-20,06:41,06:55,14,53.8,3.3
2025-01-20,06:55,07:19,24,54.8,3.1
2025-01-20,07:19,07:31,12,56.6,4.1
2025-01-21,00:34,00:56,22,72.3,4.9
2025-01-21,00:56,01:09,13,68.5,2.6
2025-01-21,01:09,01:34,25,69.3,2.6
2025-01-21,01:34,01:58,24,68.6,4.0
2025-01-21,01:58,02:34,36,63.9,4.3
2025-01-21,02:34,02:45,11,60.9,2.3
2025-01-21,02:45,03:00,15,63.5,2.4
2025-01-21,03:00,03:24,24,64.4,2.8
2025-01-21,03:24,03:37,13,61.4,4.1
2025-01-21,03:37,03:55,18,59.4,3.5
2025-01-21,03:55,04:09,14,59.8,3.9
2025-01-21,04:09,04:37,28,60.5,3.9
2025-01-21,04:37,04:52,15,56.9,2.6
2025-01-21,04:52,05:25,33,60.3,2.1
2025-01-21,05:25,05:39,14,58.6,3.3
2025-01-21,05:39,05:58,19,60.0,2.7
2025-01-21,05:58,06:18,20,60.6,4.5
2025-01-21,06:18,06:33,15,59.1,6.3
2025-01-21,06:33,06:50,17,57.6,2.5
2025-01-21,06:50,07:21,31,58.2,2.5
2025-01-21,07:21,07:32,11,58.0,3.6
2025-01-21,07:32,07:45,12,56.7,3.0
2025-01-22,02:34,02:45,11,56.6,1.6
2025-01-22,02:45,03:18,33,59.9,3.4
2025-01-22,03:18,03:38,20,58.7,2.3
2025-01-22,03:38,04:00,22,62.0,5.4
2025-01-22,04:00,04:26,26,60.8,2.3
2025-01-22,04:26,04:49,23,62.6,2.9
2025-01-22,04:49,05:00,11,59.0,3.7
2025-01-22,05:00,05:37,37,59.0,3.8
2025-01-22,05:37,06:15,38,59.1,5.7
2025-01-22,06:15,06:52,37,61.8,3.3
2025-01-22,06:52,07:07,15,58.7,4.9
2025-01-22,07:07,07:42,35,60.5,3.9
2025-01-22,07:42,08:07,25,60.8,5.5
2025-01-22,08:07,08:22,15,59.0,2.9
2025-01-22,08:22,08:28,6,60.3,4.7
2025-01-23,01:52,02:00,8,66.2,2.0
2025-01-23,02:00,02:19,19,66.7,1.8
2025-01-23,02:19,02:37,18,65.3,2.3
2025-01-23,02:37,02:48,11,64.4,1.7
2025-01-23,02:48,03:03,14,66.2,3.9
2025-01-23,03:03,03:23,20,66.5,3.4
2025-01-23,03:23,03:35,12,66.0,2.0
2025-01-23,03:35,03:48,13,65.8,2.3
2025-01-23,03:48,04:00,12,60.9,4.0
2025-01-23,04:00,04:14,14,62.2,1.5
2025-01-23,04:14,04:28,14,60.4,4.2
2025-01-23,04:28,04:41,13,58.8,5.1
2025-01-23,04:41,04:55,14,59.6,4.7
2025-01-23,04:55,05:06,11,57.0,2.1
2025-01-23,05:06,05:36,30,60.8,4.4
2025-01-23,05:36,06:16,40,64.2,3.9
2025-01-23,06:16,06:29,13,64.7,3.7
2025-01-23,06:29,06:44,15,59.2,5.8
2025-01-23,06:44,07:04,20,58.5,4.0
2025-01-23,07:04,07:15,11,59.8,1.9
2025-01-23,07:15,07:36,21,63.1,4.5
2025-01-23,07:36,07:50,14,60.6,4.0
2025-01-23,07:50,08:08,18,61.0,3.4
2025-01-23,08:08,08:31,23,61.5,3.9
2025-01-23,08:31,08:37,6,60.5,3.2
2025-01-24,02:21,02:38,17,75.6,2.2
2025-01-24,02:38,03:03,25,74.4,1.4
2025-01-24,03:03,03:17,13,73.6,4.9
2025-01-24,03:17,03:36,19,71.1,3.9
2025-01-24,03:36,03:54,18,65.8,4.1
2025-01-24,03:54,04:30,36,63.3,4.0
2025-01-24,04:30,04:48,18,61.2,5.5
2025-01-24,04:48,05:33,45,63.3,3.6
2025-01-24,05:33,05:55,22,59.9,3.1
2025-01-24,05:55,06:12,17,56.4,3.9
2025-01-24,06:12,06:27,15,58.7,3.2
2025-01-24,06:27,06:46,18,58.5,5.3
2025-01-24,06:46,07:08,22,60.6,4.5
2025-01-24,07:08,07:34,26,62.9,4.0
2025-01-24,07:34,07:53,19,61.8,2.4
2025-01-24,07:53,08:05,12,61.3,4.4
2025-01-24,08:05,08:16,11,58.9,2.9
2025-01-24,08:16,08:30,14,61.2,2.5
2025-01-25,23:59,00:10,11,75.0,3.0
2025-01-25,00:10,00:38,28,71.8,3.4
2025-01-25,00:38,01:10,31,65.1,2.5
2025-01-25,01:10,01:28,17,61.2,4.6
2025-01-25,01:28,01:41,13,58.4,1.9
2025-01-25,01:41,02:04,23,59.7,3.3
2025-01-25,02:04,02:36,32,58.3,2.8
2025-01-25,02:36,02:54,18,55.7,5.0
2025-01-25,02:54,03:42,48,58.2,4.4
2025-01-25,03:42,03:55,13,54.5,2.8
2025-01-25,03:55,04:23,28,57.5,3.3
2025-01-25,04:23,05:09,46,59.7,2.6
2025-01-25,05:09,05:32,23,56.8,3.3
2025-01-25,05:32,05:49,17,59.5,5.5
2025-01-25,05:49,06:12,23,58.2,1.8
2025-01-25,06:12,06:30,18,56.8,4.2
2025-01-25,06:30,06:52,22,53.9,3.8
2025-01-25,06:52,07:06,14,55.9,3.8
2025-01-25,07:06,07:22,16,55.6,2.5
2025-01-25,07:22,07:34,12,57.3,2.1
2025-01-25,07:34,07:45,11,59.7,3.0
2025-01-25,07:45,08:14,29,59.7,5.0
2025-01-25,08:14,08:31,17,55.1,5.1
2025-01-26,23:02,23:14,12,67.6,4.7
2025-01-26,23:14,23:33,19,65.8,2.8
2025-01-26,23:33,23:57,24,65.7,3.8
2025-01-26,23:57,00:14,17,61.6,2.7
2025-01-26,00:14,00:50,36,61.2,2.8
2025-01-26,00:50,01:20,30,60.9,4.5
2025-01-26,01:20,02:12,51,61.2,2.2
2025-01-26,02:12,02:30,18,60.7,5.4
2025-01-26,02:30,02:42,12,61.5,3.9
2025-01-26,02:42,03:10,28,59.8,2.8
2025-01-26,03:10,03:35,25,59.0,2.5
2025-01-26,03:35,03:48,13,58.0,1.7
2025-01-26,03:48,04:04,16,56.8,4.5
2025-01-26,04:04,04:29,25,56.4,3.1
2025-01-26,04:29,04:50,21,58.5,5.6
2025-01-26,04:50,05:18,28,58.4,3.3
2025-01-26,05:18,05:35,17,55.5,2.9
2025-01-26,05:35,06:03,28,55.0,4.3
2025-01-26,06:03,06:30,27,56.4,3.3
2025-01-26,06:30,06:41,11,55.7,2.2
2025-01-26,06:41,06:59,18,56.8,3.1
2025-01-26,06:59,07:13,14,55.7,2.7
2025-01-26,07:13,07:29,16,54.6,4.2
2025-01-26,07:29,07:44,15,54.0,2.9
2025-01-26,07:44,08:18,33,58.8,4.7
2025-01-26,08:18,08:42,24,59.4,3.5
2025-01-27,01:49,01:56,7,67.3,2.5
2025-01-27,01:56,02:25,29,71.3,3.1
2025-01-27,02:25,02:49,24,70.3,3.1
2025-01-27,02:49,03:01,12,68.9,1.7
2025-01-27,03:01,03:12,11,68.9,2.8
2025-01-27,03:12,03:25,13,69.0,1.9
2025-01-27,03:25,03:41,16,70.9,3.2
2025-01-27,03:41,03:57,16,68.1,6.6
2025-01-27,03:57,04:33,36,67.1,2.7
2025-01-27,04:33,04:59,26,64.5,2.7
2025-01-27,04:59,05:10,11,62.4,4.8
2025-01-27,05:10,05:26,16,63.6,5.7
2025-01-27,05:26,05:54,28,68.1,4.4
2025-01-27,05:54,06:09,15,69.0,4.2
2025-01-27,06:09,06:30,21,63.3,4.9
2025-01-27,06:30,07:07,37,59.3,4.3
2025-01-27,07:07,07:21,14,61.8,2.8
2025-01-27,07:21,07:32,11,63.5,5.2
2025-01-27,07:32,07:48,16,66.7,3.8
2025-01-27,07:48,08:03,15,66.2,5.7
2025-01-28,01:38,01:46,8,79.1,4.0
2025-01-28,01:46,02:04,18,76.3,2.1
2025-01-28,02:04,02:39,34,74.0,2.8
2025-01-28,02:39,03:06,27,72.6,1.9
2025-01-28,03:06,03:16,10,71.7,0.6
2025-01-28,03:16,03:33,17,69.1,5.2
2025-01-28,03:33,03:49,16,66.9,3.1
2025-01-28,03:49,04:10,21,64.8,4.0
2025-01-28,04:10,04:25,15,65.5,3.6
2025-01-28,04:25,04:48,23,62.7,4.0
2025-01-28,04:48,05:09,21,63.7,3.1
2025-01-28,05:09,05:21,12,62.8,4.9
2025-01-28,05:21,05:33,12,62.1,5.3
2025-01-28,05:33,05:44,11,65.6,2.8
2025-01-28,05:44,06:23,39,69.6,3.1
2025-01-28,06:23,06:45,22,68.2,2.0
2025-01-28,06:45,07:01,16,63.6,3.7
2025-01-28,07:01,07:12,11,62.1,3.8
2025-01-28,07:12,07:24,12,63.1,4.6
2025-01-28,07:24,07:39,15,66.7,3.9
2025-01-28,07:39,08:00,21,70.1,3.7
2025-01-29,02:56,03:31,35,71.3,4.1
2025-01-29,03:31,03:52,21,66.0,1.3
2025-01-29,03:52,04:13,21,63.9,2.6
2025-01-29,04:13,04:37,24,63.0,2.4
2025-01-29,04:37,04:56,19,64.3,4.8
2025-01-29,04:56,05:24,28,64.9,2.9
2025-01-29,05:24,05:36,12,62.1,4.3
2025-01-29,05:36,05:54,18,60.3,2.6
2025-01-29,05:54,06:06,12,55.8,2.5
2025-01-29,06:06,06:31,25,60.9,4.9
2025-01-29,06:31,06:43,12,59.8,1.8
2025-01-29,06:43,07:06,23,60.5,3.3
2025-01-29,07:06,07:20,14,58.1,2.5
2025-01-29,07:20,07:39,19,58.5,3.8
2025-01-29,07:39,07:53,14,58.0,4.2
2025-01-29,07:53,08:19,26,57.6,2.9
2025-01-30,01:38,01:52,14,75.0,4.8
2025-01-30,01:52,02:13,21,71.5,1.3
2025-01-30,02:13,02:24,11,72.2,3.3
2025-01-30,02:24,03:00,36,71.9,1.7
2025-01-30,03:00,03:14,14,74.4,1.9
2025-01-30,03:14,03:36,22,73.2,4.1
2025-01-30,03:36,03:46,10,67.7,2.3
2025-01-30,03:46,04:20,34,68.8,2.6
2025-01-30,04:20,04:37,17,65.2,3.5
2025-01-30,04:37,05:08,31,65.8,2.6
2025-01-30,05:08,05:21,13,65.2,2.1
2025-01-30,05:21,05:36,15,63.9,3.2
2025-01-30,05:36,06:00,24,63.9,3.2
2025-01-30,06:00,06:18,18,64.6,5.7
2025-01-30,06:18,06:31,13,61.2,5.4
2025-01-30,06:31,06:41,10,59.3,2.8
2025-01-30,06:41,06:55,14,60.8,1.9
2025-01-30,06:55,07:24,29,62.4,2.5
2025-01-30,07:24,07:35,11,58.8,5.7
2025-01-30,07:35,07:53,18,57.4,2.4
2025-01-30,07:53,08:00,7,58.0,2.6
2025-01-31,21:19,21:32,13,72.8,3.2
2025-01-31,21:32,21:54,22,70.4,1.4
2025-01-31,21:54,22:11,17,69.9,1.3
2025-01-31,22:11,22:46,35,68.9,2.3
2025-01-31,22:46,22:58,12,64.7,5.6
2025-01-31,22:58,23:25,27,66.0,3.9
2025-01-31,23:25,23:58,31,70.0,8.4
2025-01-31,23:58,00:13,15,66.1,3.6
2025-01-31,00:13,00:45,32,68.7,3.2
2025-01-31,00:45,01:05,20,69.0,2.6
2025-01-31,01:05,01:25,20,68.5,2.8
2025-01-31,01:25,01:40,15,67.0,3.8
2025-01-31,01:40,01:51,11,64.2,2.4
2025-01-31,01:51,02:06,15,68.1,5.7
2025-01-31,02:06,02:23,16,66.0,3.4
2025-01-31,02:23,02:43,20,64.2,3.5
2025-01-31,02:43,02:59,16,61.5,1.3
2025-01-31,02:59,03:15,16,59.4,5.3
2025-01-31,03:15,03:31,16,55.0,2.4
2025-01-31,03:31,03:56,25,59.7,4.3
2025-01-31,03:56,04:09,13,58.5,2.6
2025-01-31,04:09,04:38,29,59.4,4.1
2025-01-31,04:38,04:50,12,57.6,3.4
2025-01-31,04:50,05:01,11,56.7,3.6
2025-01-31,05:01,05:13,12,59.8,6.8
2025-01-31,05:13,05:24,11,58.9,1.5
2025-01-31,05:24,05:42,18,61.6,2.9
2025-01-31,05:42,05:59,17,59.9,5.0
2025-01-31,05:59,06:20,21,60.0,4.0
2025-01-31,06:20,06:31,11,59.3,4.0
2025-01-31,06:31,06:47,15,61.6,3.6
2025-01-31,06:47,06:57,10,56.8,1.3
2025-01-31,06:57,07:14,17,56.8,4.0
2025-01-31,07:14,07:26,12,56.4,2.3
2025-01-31,07:26,07:55,29,59.0,3.8
2025-01-31,07:55,08:11,16,59.4,4.6
2025-01-31,08:11,08:29,18,62.8,4.1
2025-02-01,01:09,01:16,7,74.1,1.0
2025-02-01,01:16,01:41,25,74.5,2.6
2025-02-01,01:41,01:55,14,71.9,3.3
2025-02-01,01:55,02:11,16,67.3,2.0
2025-02-01,02:11,02:32,21,68.1,4.4
2025-02-01,02:32,02:44,12,67.6,3.6
2025-02-01,02:44,03:14,30,68.0,2.7
2025-02-01,03:14,03:25,11,65.8,1.5
2025-02-01,03:25,03:39,14,64.9,1.8
2025-02-01,03:39,03:58,19,62.6,4.3
2025-02-01,03:58,04:09,11,62.5,5.5
2025-02-01,04:09,04:21,12,61.5,4.3
2025-02-01,04:21,04:35,14,63.1,3.3
2025-02-01,04:35,05:02,27,64.0,5.2
2025-02-01,05:02,05:16,14,62.5,3.0
2025-02-01,05:16,05:30,14,60.1,3.1
2025-02-01,05:30,05:50,20,62.3,2.8
2025-02-01,05:50,06:15,25,64.4,4.8
2025-02-01,06:15,06:30,15,59.9,3.6
2025-02-01,06:30,06:42,12,62.1,2.3
2025-02-01,06:42,07:04,22,60.1,5.6
2025-02-01,07:04,08:03,59,63.3,4.6
2025-02-01,08:03,08:15,12,60.9,3.9
2025-02-01,08:15,08:25,10,60.8,8.2
2025-02-01,08:25,08:37,12,62.6,5.1
2025-02-01,08:37,08:54,17,63.7,3.7
2025-02-02,02:05,02:53,48,72.5,3.0
2025-02-02,02:53,03:10,17,68.6,1.9
2025-02-02,03:10,03:31,21,67.3,4.6
2025-02-02,03:31,03:42,11,64.6,4.7
2025-02-02,03:42,03:55,13,65.6,3.6
2025-02-02,03:55,04:33,38,65.7,2.1
2025-02-02,04:33,05:09,36,63.3,3.3
2025-02-02,05:09,05:29,20,65.2,3.9
2025-02-02,05:29,05:40,11,65.5,2.9
2025-02-02,05:40,05:57,17,63.9,2.8
2025-02-02,05:57,06:17,20,63.1,3.2
2025-02-02,06:17,06:38,21,61.8,4.2
2025-02-02,06:38,06:53,15,60.1,4.4
2025-02-02,06:53,07:15,22,60.8,3.7
2025-02-02,07:15,07:30,15,59.5,4.2
2025-02-02,07:30,08:19,49,64.0,4.1
2025-02-02,08:19,08:31,12,60.0,3.5
2025-02-02,08:31,08:36,5,63.0,1.4
2025-02-04,01:31,01:39,8,64.4,4.9
2025-02-04,01:39,01:52,13,62.9,1.9
2025-02-04,01:52,02:06,14,64.3,5.8
2025-02-04,02:06,02:20,13,64.2,2.3
2025-02-04,02:20,02:32,12,64.2,2.9
2025-02-04,02:32,02:49,17,62.9,2.1
2025-02-04,02:49,03:06,17,62.5,7.7
2025-02-04,03:06,03:46,40,65.8,4.4
2025-02-04,03:46,04:04,18,64.1,6.5
2025-02-04,04:04,04:16,12,61.1,5.5
2025-02-04,04:16,04:30,14,60.6,3.6
2025-02-04,04:30,05:02,32,61.1,3.9
2025-02-04,05:02,05:18,16,61.1,1.7
2025-02-04,05:18,05:37,19,60.4,6.0
2025-02-04,05:37,05:59,22,56.8,5.3
2025-02-04,05:59,06:15,16,54.2,4.1
2025-02-04,06:15,06:56,41,61.7,5.1
2025-02-04,06:56,07:13,16,61.2,5.2
2025-02-04,07:13,07:30,17,60.1,3.1
2025-02-04,07:30,07:56,26,61.1,3.9
2025-02-04,07:56,08:19,22,61.8,5.1
2025-02-05,01:01,01:09,8,74.5,5.1
2025-02-05,01:09,01:24,15,71.7,2.6
2025-02-05,01:24,01:47,21,70.3,2.5
2025-02-05,01:47,01:59,12,71.8,1.7
2025-02-05,01:59,02:13,14,72.4,2.0
2025-02-05,02:13,02:34,21,73.0,3.0
2025-02-05,02:34,02:55,21,74.8,3.8
2025-02-05,02:55,03:14,19,74.3,1.2
2025-02-05,03:14,03:30,16,70.7,3.2
2025-02-05,03:30,03:44,14,67.9,3.1
2025-02-05,03:44,04:08,24,68.8,2.4
2025-02-05,04:08,04:31,23,71.7,4.6
2025-02-05,04:31,04:51,20,73.3,5.4
2025-02-05,04:51,05:20,29,69.0,3.1
2025-02-05,05:20,05:42,22,69.1,3.0
2025-02-05,05:42,06:09,27,68.4,1.9
2025-02-05,06:09,06:22,13,64.8,4.7
2025-02-05,06:22,06:42,20,61.9,5.0
2025-02-05,06:42,07:28,46,66.1,3.3
2025-02-05,07:28,07:43,15,62.1,4.9
2025-02-05,07:43,08:14,31,63.7,4.3
2025-02-05,08:14,08:20,6,61.3,3.2
2026-03-13,00:33,00:41,8,73.5,9.1
2026-03-13,00:41,01:03,22,74.2,2.5
2026-03-13,01:03,01:14,11,73.8,5.5
2026-03-13,01:14,01:28,14,73.1,2.1
2026-03-13,01:28,01:44,16,71.6,3.2
2026-03-13,01:44,01:59,14,70.2,3.9
2026-03-13,01:59,02:15,16,71.4,4.9
2026-03-13,02:15,02:35,20,68.7,3.3
2026-03-13,02:35,03:19,43,70.4,4.1
2026-03-13,03:19,03:29,10,65.5,1.5
2026-03-13,03:29,03:53,24,67.4,3.6
2026-03-13,03:53,04:09,16,62.2,5.0
2026-03-13,04:09,04:23,14,60.4,4.5
2026-03-13,04:23,04:39,15,60.5,4.5
2026-03-13,04:39,04:54,15,63.6,2.6
2026-03-13,04:54,05:09,15,63.3,2.5
2026-03-13,05:09,05:40,30,63.3,3.7
2026-03-13,05:40,05:51,11,55.2,5.7
2026-03-13,05:51,06:02,11,61.3,3.4
2026-03-13,06:02,06:22,20,59.5,3.1
2026-03-13,06:22,06:40,18,58.6,3.9
2026-03-13,06:40,07:10,30,58.3,3.9
2026-03-13,07:10,07:26,16,61.7,4.3
2026-03-14,23:21,23:30,9,76.1,3.3
2026-03-14,23:30,23:53,23,71.9,4.5
2026-03-14,23:53,00:15,22,69.5,3.0
2026-03-14,00:15,00:35,20,70.1,2.6
2026-03-14,00:35,00:57,22,71.8,3.8
2026-03-14,00:57,01:09,12,69.5,2.8
2026-03-14,01:09,01:35,26,70.8,4.0
2026-03-14,01:35,01:57,22,72.8,4.8
2026-03-14,01:57,02:20,23,68.3,4.7
2026-03-14,02:20,02:31,11,62.1,4.0
2026-03-14,02:31,03:01,30,64.0,3.5
2026-03-14,03:01,03:34,33,65.8,5.9
2026-03-14,03:34,03:54,19,59.8,6.2
2026-03-14,03:54,04:13,19,57.8,4.8
2026-03-14,04:13,04:27,14,55.4,4.0
2026-03-14,04:27,05:03,35,58.7,4.8
2026-03-14,05:03,05:28,25,63.1,1.5
2026-03-14,05:28,05:40,12,58.2,8.8
2026-03-14,05:40,05:52,12,56.9,2.8
2026-03-14,05:52,06:08,16,56.1,4.0
2026-03-14,06:08,06:25,17,55.8,4.0
2026-03-14,06:25,06:48,23,63.1,3.0
2026-03-14,06:48,07:09,21,60.7,3.2
2026-03-14,07:09,07:23,14,56.2,5.0
2026-03-14,07:23,07:25,2,61.5,2.5
2026-03-15,21:18,21:24,6,71.5,4.2
2026-03-15,21:24,21:41,17,70.5,3.3
2026-03-15,21:41,22:06,25,66.8,2.0
2026-03-15,22:06,22:26,20,65.8,2.4
2026-03-15,22:26,22:45,19,65.0,2.3
2026-03-15,22:45,23:01,16,67.2,3.1
2026-03-15,23:01,23:16,15,64.9,4.1
2026-03-15,23:16,23:51,35,65.7,2.6
2026-03-15,23:51,00:06,15,63.6,4.0
2026-03-15,00:06,00:20,14,60.1,3.2
2026-03-15,00:20,00:38,18,61.8,4.7
2026-03-15,00:38,01:01,23,64.9,2.8
2026-03-15,01:01,01:36,35,64.3,2.4
2026-03-15,01:36,01:48,12,60.7,3.3
2026-03-15,01:48,02:09,21,62.0,3.4
2026-03-15,02:09,02:19,10,59.9,1.5
2026-03-15,02:19,02:58,39,64.0,5.2
2026-03-15,02:58,03:19,18,62.6,3.3
2026-03-15,03:19,03:31,12,58.6,2.5
2026-03-15,03:31,03:43,12,57.6,2.6
2026-03-15,03:43,04:01,18,61.4,3.2
2026-03-15,04:01,04:25,24,67.1,2.6
2026-03-15,04:25,04:36,11,63.3,8.3
2026-03-15,04:36,04:51,15,57.6,4.2
2026-03-15,04:51,05:12,21,59.2,3.1
2026-03-15,05:12,05:30,18,61.9,4.0
2026-03-15,05:30,06:05,35,63.5,2.7
2026-03-15,06:05,06:39,34,60.5,5.2
2026-03-15,06:39,06:52,13,57.6,3.8
2026-03-15,06:52,07:25,33,65.1,4.9
2026-03-16,01:05,01:15,10,63.1,3.8
2026-03-16,01:15,01:33,18,62.1,2.5
2026-03-16,01:33,02:00,27,66.2,3.3
2026-03-16,02:00,02:14,14,61.8,4.4
2026-03-16,02:14,02:37,23,60.9,4.8
2026-03-16,02:37,02:54,17,62.5,3.9
2026-03-16,02:54,03:08,14,62.0,2.0
2026-03-16,03:08,03:25,17,61.1,3.2
2026-03-16,03:25,03:52,27,58.9,4.6
2026-03-16,03:52,04:05,13,55.4,3.5
2026-03-16,04:05,04:19,14,60.1,2.5
2026-03-16,04:19,04:32,13,60.5,3.4
2026-03-16,04:32,04:55,23,59.9,3.5
2026-03-16,04:55,05:13,18,58.3,6.3
2026-03-16,05:13,05:29,16,56.1,2.5
2026-03-16,05:29,05:52,23,59.1,6.4
2026-03-16,05:52,06:02,10,56.7,2.5
2026-03-16,06:02,06:40,38,61.9,4.2
2026-03-16,06:40,06:53,13,60.7,3.1
2026-03-16,06:53,07:04,11,59.8,3.5
2026-03-16,07:04,07:16,12,61.6,2.3
2026-03-16,07:16,07:25,9,62.7,4.2
2026-03-17,23:45,23:57,12,79.9,8.8
2026-03-17,23:57,00:17,20,72.5,4.6
2026-03-17,00:17,00:37,20,70.5,3.0
2026-03-17,00:37,01:01,24,71.9,5.3
2026-03-17,01:01,01:12,11,71.1,3.1
2026-03-17,01:12,01:26,14,71.4,5.8
2026-03-17,01:26,01:45,19,70.6,4.6
2026-03-17,01:45,02:02,17,68.5,4.1
2026-03-17,02:02,02:21,19,70.0,3.0
2026-03-17,02:21,02:41,19,66.9,5.2
2026-03-17,02:41,03:32,50,63.1,5.2
2026-03-17,03:32,03:55,23,57.2,5.4
2026-03-17,03:55,04:19,24,59.5,3.4
2026-03-17,04:19,04:48,29,60.3,5.9
2026-03-17,04:48,05:06,18,57.1,5.1
2026-03-17,05:06,06:07,61,64.8,5.6
2026-03-17,06:07,06:19,12,56.1,4.3
2026-03-17,06:19,06:33,14,56.4,5.4
2026-03-17,06:33,06:45,12,59.2,6.2
2026-03-17,06:45,07:12,27,58.1,4.3
2026-03-17,07:12,07:25,13,54.7,2.8
2026-03-18,01:13,01:19,6,77.2,11.9
2026-03-18,01:19,01:31,12,73.7,2.0
2026-03-18,01:31,01:53,22,74.7,2.6
2026-03-18,01:53,02:07,14,72.1,3.9
2026-03-18,02:07,02:21,14,67.7,2.5
2026-03-18,02:21,02:36,15,67.6,2.7
2026-03-18,02:36,02:53,17,71.3,4.0
2026-03-18,02:53,03:06,13,73.6,5.8
2026-03-18,03:06,03:17,11,73.2,4.7
2026-03-18,03:17,03:34,16,71.1,5.9
2026-03-18,03:34,03:50,16,70.2,3.4
2026-03-18,03:50,04:10,19,68.6,2.9
2026-03-18,04:10,04:34,24,64.3,5.2
2026-03-18,04:34,04:50,16,60.1,4.9
2026-03-18,04:50,05:06,16,60.9,5.1
2026-03-18,05:06,05:30,23,65.5,5.1
2026-03-18,05:30,05:50,20,64.8,4.8
2026-03-18,05:50,06:04,14,62.2,2.1
2026-03-18,06:04,06:20,16,63.6,2.1
2026-03-18,06:20,06:32,12,63.5,3.5
2026-03-18,06:32,06:45,7,64.0,4.8
2026-03-19,23:45,23:48,3,67.3,1.2
2026-03-19,23:48,00:21,33,71.2,7.0
2026-03-19,00:21,00:37,16,65.4,2.4
2026-03-19,00:37,00:53,16,64.5,3.5
2026-03-19,00:53,01:03,10,64.4,2.8
2026-03-19,01:03,01:19,16,64.2,3.0
2026-03-19,01:19,01:31,12,63.8,4.6
2026-03-19,01:31,01:45,14,63.2,3.1
2026-03-19,01:45,02:06,21,61.6,3.1
2026-03-19,02:06,02:16,10,61.9,3.4
2026-03-19,02:16,02:37,21,61.4,4.8
2026-03-19,02:37,02:58,21,61.1,6.3
2026-03-19,02:58,03:34,36,62.5,3.9
2026-03-19,03:34,03:52,18,59.6,5.6
2026-03-19,03:52,04:05,13,54.3,6.3
2026-03-19,04:05,04:17,12,56.9,4.0
2026-03-19,04:17,04:28,11,55.8,3.9
2026-03-19,04:28,04:44,16,55.8,4.6
2026-03-19,04:44,05:11,27,58.6,5.8
2026-03-19,05:11,05:34,23,59.3,5.2
2026-03-19,05:34,05:48,14,59.2,3.3
2026-03-19,05:48,06:02,12,58.4,6.9
2026-03-19,06:02,06:13,11,60.7,3.7
2026-03-19,06:13,06:30,17,57.0,4.1
2026-03-19,06:30,07:25,55,59.9,5.4
2026-03-20,01:42,01:51,9,63.8,2.6
2026-03-20,01:51,02:06,15,63.3,2.9
2026-03-20,02:06,02:31,25,61.2,3.7
2026-03-20,02:31,02:50,19,58.9,3.5
2026-03-20,02:50,03:02,12,57.9,4.6
2026-03-20,03:02,03:28,26,60.9,4.1
2026-03-20,03:28,03:53,25,61.1,5.1
2026-03-20,03:53,04:04,11,59.0,4.6
2026-03-20,04:04,04:17,13,56.6,4.7
2026-03-20,04:17,04:34,17,59.6,4.1
2026-03-20,04:34,04:53,19,58.3,4.9
2026-03-20,04:53,05:21,28,55.4,5.2
2026-03-20,05:21,05:32,11,59.0,4.7
2026-03-20,05:32,05:42,10,58.2,4.4
2026-03-20,05:42,05:58,16,60.1,5.1
2026-03-20,05:58,06:09,11,60.9,2.4
2026-03-20,06:09,06:21,12,59.8,4.8
2026-03-20,06:21,06:31,10,57.2,3.9
2026-03-20,06:31,07:00,29,60.2,4.5
2026-03-20,07:00,07:11,11,62.3,2.7
2026-03-20,07:11,07:23,12,61.3,3.7
2026-03-21,21:30,21:48,18,68.6,5.8
2026-03-21,21:48,22:00,12,65.7,2.5
2026-03-21,22:00,22:24,24,72.5,9.2
2026-03-21,22:24,22:34,10,80.9,8.0
2026-03-21,22:34,23:08,33,64.0,11.0
2026-03-21,23:08,23:25,17,55.6,4.9
2026-03-21,23:25,00:04,39,64.3,5.3
2026-03-21,00:04,00:28,24,69.7,2.4
2026-03-21,00:28,00:43,15,70.3,1.1
2026-03-21,00:43,00:59,15,66.3,4.7
2026-03-21,00:59,01:38,39,71.7,4.3
2026-03-21,01:38,01:57,19,73.7,2.8
2026-03-21,01:57,02:26,29,71.4,4.4
2026-03-21,02:26,02:41,15,63.1,2.4
2026-03-21,02:41,03:38,57,67.2,3.6
2026-03-21,03:38,03:55,17,68.6,2.3
2026-03-21,03:55,04:08,12,66.2,4.1
2026-03-21,04:08,04:25,17,64.8,6.3
2026-03-21,04:25,04:54,29,64.4,3.3
2026-03-21,04:54,05:09,15,64.2,5.1
2026-03-21,05:09,05:26,17,61.8,3.4
2026-03-21,05:26,05:34,8,57.9,6.4
2026-03-22,01:01,01:12,11,74.0,10.0
2026-03-22,01:12,01:30,18,68.2,2.9
2026-03-22,01:30,01:51,21,68.6,2.4
2026-03-22,01:51,02:14,23,66.5,3.4
2026-03-22,02:14,02:40,26,65.2,3.1
2026-03-22,02:40,03:18,38,68.1,2.8
2026-03-22,03:18,03:35,17,65.9,2.8
2026-03-22,03:35,03:58,23,67.3,3.1
2026-03-22,03:58,04:10,12,65.6,3.1
2026-03-22,04:10,04:21,11,64.6,5.5
2026-03-22,04:21,04:38,17,64.1,3.4
2026-03-22,04:38,04:50,12,64.8,6.9
2026-03-22,04:50,05:02,12,66.0,2.1
2026-03-22,05:02,05:13,11,63.5,3.9
2026-03-22,05:13,05:24,11,64.9,1.7
2026-03-22,05:24,05:45,21,63.1,6.5
2026-03-22,05:45,05:59,14,59.1,5.2
2026-03-22,05:59,06:23,24,62.8,3.4
2026-03-22,06:23,06:49,26,66.6,5.4
2026-03-22,06:49,07:06,17,68.6,4.6
2026-03-22,07:06,07:18,12,60.8,7.2
2026-03-22,07:18,07:56,37,63.8,3.1
2026-03-22,07:56,08:11,15,62.6,5.7
2026-03-22,08:11,08:17,6,56.3,2.4
2026-03-23,00:22,00:44,22,77.3,7.3
2026-03-23,00:44,01:06,22,71.1,4.1
2026-03-23,01:06,01:30,24,69.0,3.3
2026-03-23,01:30,01:50,20,69.1,3.7
2026-03-23,01:50,02:01,11,66.5,3.0
2026-03-23,02:01,02:30,29,68.7,3.1
2026-03-23,02:30,02:48,16,68.6,5.6
2026-03-23,02:48,03:15,27,68.4,3.5
2026-03-23,03:15,03:50,34,68.6,3.0
2026-03-23,03:50,04:11,20,64.8,3.4
2026-03-23,04:11,04:22,11,66.4,0.6
2026-03-23,04:22,04:36,11,67.4,2.9
2026-03-23,04:36,04:51,15,62.5,4.9
2026-03-23,04:51,05:02,11,59.7,6.9
2026-03-23,05:02,05:15,13,62.5,3.7
2026-03-23,05:15,05:43,28,63.8,2.8
2026-03-23,05:43,06:05,22,62.5,4.6
2026-03-23,06:05,06:24,18,61.9,5.3
2026-03-23,06:24,06:41,17,60.6,4.2
2026-03-23,06:41,07:00,19,65.4,6.1
2026-03-23,07:00,07:12,10,63.6,4.6
2026-03-23,07:12,07:29,16,62.8,2.1
2026-03-24,00:15,00:27,12,75.3,5.0
2026-03-24,00:27,00:51,24,73.0,2.6
2026-03-24,00:51,01:03,12,70.0,2.7
2026-03-24,01:03,01:35,32,72.0,3.9
2026-03-24,01:35,01:51,16,70.8,2.5
2026-03-24,01:51,02:24,33,71.9,3.2
2026-03-24,02:24,02:43,19,73.3,2.5
2026-03-24,02:43,03:00,17,71.8,1.8
2026-03-24,03:00,03:22,22,71.0,2.1
2026-03-24,03:22,03:41,19,69.5,3.8
2026-03-24,03:41,03:56,15,72.5,5.6
2026-03-24,03:56,04:42,46,70.3,3.3
2026-03-24,04:42,05:17,35,67.1,2.7
2026-03-24,05:17,05:29,11,63.9,2.1
2026-03-24,05:29,05:42,13,65.5,3.9
2026-03-24,05:42,06:12,29,67.4,4.8
2026-03-24,06:12,06:26,14,65.5,6.7
2026-03-24,06:26,06:48,22,64.4,3.9
2026-03-24,06:48,07:19,31,62.7,4.6
2026-03-24,07:19,07:26,5,64.0,5.2
2026-03-25,01:14,01:35,21,66.0,5.1
2026-03-25,01:35,01:57,22,65.5,2.3
2026-03-25,01:57,02:08,11,66.2,2.6
2026-03-25,02:08,02:26,18,66.0,4.0
2026-03-25,02:26,02:40,14,65.2,1.9
2026-03-25,02:40,02:58,18,65.2,4.8
2026-03-25,02:58,03:26,28,65.6,2.9
2026-03-25,03:26,03:50,24,67.2,3.9
2026-03-25,03:50,04:06,16,64.1,3.7
2026-03-25,04:06,04:21,14,62.5,5.8
2026-03-25,04:21,04:32,11,63.9,3.5
2026-03-25,04:32,04:46,14,62.2,4.2
2026-03-25,04:46,05:11,25,63.2,2.7
2026-03-25,05:11,05:29,18,58.5,4.6
2026-03-25,05:29,05:41,12,58.9,3.4
2026-03-25,05:41,05:59,17,61.0,4.9
2026-03-25,05:59,06:18,19,58.8,3.0
2026-03-25,06:18,06:39,21,64.2,3.4
2026-03-25,06:39,07:11,32,66.3,3.8
2026-03-25,07:11,07:25,14,60.1,5.7
2026-03-26,01:31,01:58,27,74.0,1.7
2026-03-26,01:58,02:23,24,70.8,2.8
2026-03-26,02:23,02:43,20,70.0,3.9
2026-03-26,02:43,02:54,11,71.9,3.5
2026-03-26,02:54,03:07,13,66.8,4.4
2026-03-26,03:07,03:44,37,69.3,4.6
2026-03-26,03:44,04:05,21,65.4,4.2
2026-03-26,04:05,04:22,16,60.4,4.2
2026-03-26,04:22,04:38,16,60.4,5.3
2026-03-26,04:38,05:01,23,64.5,2.1
2026-03-26,05:01,05:15,14,59.4,6.1
2026-03-26,05:15,05:35,19,61.4,4.4
2026-03-26,05:35,05:47,12,55.8,3.9
2026-03-26,05:47,05:58,11,56.5,3.4
2026-03-26,05:58,06:18,20,61.9,3.7
2026-03-26,06:18,06:57,39,62.9,4.8
2026-03-26,06:57,07:18,21,56.9,5.5
2026-03-26,07:18,07:28,10,59.3,8.0
2026-03-27,01:06,01:08,2,66.5,0.5
2026-03-27,01:08,01:19,11,67.2,4.5
2026-03-27,01:19,01:33,14,62.4,2.4
2026-03-27,01:33,01:55,22,61.2,4.2
2026-03-27,01:55,02:14,19,58.3,3.1
2026-03-27,02:14,02:37,23,60.8,3.4
2026-03-27,02:37,02:50,13,63.1,2.9
2026-03-27,02:50,03:18,28,63.7,6.7
2026-03-27,03:18,03:36,18,60.1,6.4
2026-03-27,03:36,03:48,12,60.7,2.7
2026-03-27,03:48,04:11,23,62.7,2.9
2026-03-27,04:11,04:32,21,61.9,3.0
2026-03-27,04:32,04:43,11,58.4,4.1
2026-03-27,04:43,04:54,11,59.6,3.5
2026-03-27,04:54,05:09,15,60.3,3.6
2026-03-27,05:09,05:20,11,63.8,3.4
2026-03-27,05:20,05:40,20,65.5,3.5
2026-03-27,05:40,05:51,11,65.8,6.4
2026-03-27,05:51,06:02,11,61.2,5.5
2026-03-27,06:02,06:13,11,62.5,3.9
2026-03-27,06:13,06:24,11,61.8,5.3
2026-03-27,06:24,07:11,47,65.3,4.7
2026-03-27,07:11,07:25,14,64.1,2.4
2026-03-28,01:56,02:07,11,69.6,5.0
2026-03-28,02:07,02:26,19,68.4,3.3
2026-03-28,02:26,02:58,32,69.0,3.9
2026-03-28,02:58,03:14,16,72.3,4.2
2026-03-28,03:14,03:27,13,67.5,3.0
2026-03-28,03:27,03:46,19,66.5,5.1
2026-03-28,03:46,04:21,34,70.2,4.0
2026-03-28,04:21,05:03,42,67.3,6.5
2026-03-28,05:03,05:47,44,63.4,4.8
2026-03-28,05:47,06:01,13,63.3,2.8
2026-03-28,06:01,06:37,35,65.9,3.7
2026-03-28,06:37,07:17,40,63.5,5.0
2026-03-28,07:17,07:27,10,59.7,5.7
2026-03-29,23:51,00:02,11,69.1,6.6
2026-03-29,00:02,00:23,21,65.7,2.2
2026-03-29,00:23,00:44,20,64.0,4.3
2026-03-29,00:44,01:05,21,63.9,2.5
2026-03-29,01:05,01:21,16,64.2,3.3
2026-03-29,01:21,01:38,17,66.3,5.9
2026-03-29,01:38,01:52,14,64.0,5.3
2026-03-29,01:52,03:18,26,60.6,4.1
2026-03-29,03:18,03:38,20,61.1,2.7
2026-03-29,03:38,03:57,19,62.8,3.0
2026-03-29,03:57,04:24,26,60.6,5.0
2026-03-29,04:24,04:54,29,61.8,3.9
2026-03-29,04:54,05:28,34,58.8,3.1
2026-03-29,05:28,05:42,13,60.6,2.5
2026-03-29,05:42,06:16,28,62.7,7.2
2026-03-29,06:16,06:38,22,59.4,6.0
2026-03-29,06:38,07:20,42,61.6,5.4
2026-03-29,07:20,07:33,13,57.8,7.7
2026-03-29,07:33,07:42,9,61.1,3.0
2026-03-30,01:15,01:31,16,73.4,4.6
2026-03-30,01:31,01:50,19,72.4,1.2
2026-03-30,01:50,02:06,16,68.2,5.2
2026-03-30,02:06,02:44,38,70.0,3.4
2026-03-30,02:44,02:57,13,67.9,3.2
2026-03-30,02:57,03:09,12,69.7,3.3
2026-03-30,03:09,03:22,13,68.8,5.2
2026-03-30,03:22,03:33,11,67.0,3.1
2026-03-30,03:33,03:52,18,66.1,3.9
2026-03-30,03:52,04:03,11,62.6,3.8
2026-03-30,04:03,04:27,24,59.1,3.6
2026-03-30,04:27,04:38,11,57.4,1.4
2026-03-30,04:38,04:59,21,58.2,4.9
2026-03-30,04:59,05:12,12,56.8,4.1
2026-03-30,05:12,05:37,25,61.8,3.1
2026-03-30,05:37,05:49,12,56.2,1.9
2026-03-30,05:49,06:06,17,56.2,4.1
2026-03-30,06:06,06:18,12,52.3,2.7
2026-03-30,06:18,06:42,21,55.9,4.2
2026-03-30,06:42,06:56,14,57.8,2.9
2026-03-30,06:56,07:19,23,60.0,6.3
2026-03-30,07:19,07:32,13,58.5,4.9
2026-03-30,07:32,07:45,13,56.1,2.1
2026-03-31,22:17,22:33,16,80.2,5.5
2026-03-31,22:33,22:59,26,75.8,1.3
2026-03-31,22:59,23:10,11,72.2,6.0
2026-03-31,23:10,00:13,62,70.9,7.9
2026-03-31,00:13,00:25,12,59.2,2.5
2026-03-31,00:25,00:40,15,58.8,3.2
2026-03-31,00:40,01:04,24,62.2,4.4
2026-03-31,01:04,02:08,64,73.0,8.3
2026-03-31,02:08,02:35,27,73.4,5.5
2026-03-31,02:35,02:51,16,68.5,3.4
2026-03-31,02:51,03:12,21,70.3,3.9
2026-03-31,03:12,03:29,17,74.6,2.6
2026-03-31,03:29,03:43,14,74.6,2.6
2026-03-31,03:43,04:08,25,75.0,1.0
2026-03-31,04:08,04:30,22,68.0,6.0
2026-03-31,04:30,04:48,18,62.9,4.8
2026-03-31,04:48,05:02,14,63.1,4.7
2026-03-31,05:02,05:15,13,64.0,3.8
2026-03-31,05:15,06:06,51,63.5,3.9
2026-03-31,06:06,06:22,16,63.8,3.7
2026-03-31,06:22,06:38,15,62.5,5.9
2026-03-31,06:38,06:49,11,61.4,4.3
2026-03-31,06:49,07:13,24,64.0,4.5
2026-04-01,01:32,01:42,10,60.8,8.7
2026-04-01,01:42,01:59,17,55.2,3.5
2026-04-01,01:59,02:20,21,59.8,3.4
2026-04-01,02:20,02:40,20,58.6,5.6
2026-04-01,02:40,02:59,19,61.4,6.1
2026-04-01,02:59,03:19,19,60.9,7.0
2026-04-01,03:19,03:32,13,57.9,4.1
2026-04-01,03:32,04:15,34,64.3,6.0
2026-04-01,04:15,04:27,12,59.2,7.4
2026-04-01,04:27,04:39,12,61.2,2.7
2026-04-01,04:39,04:51,12,60.2,2.0
2026-04-01,04:51,05:14,23,59.0,4.2
2026-04-01,05:14,05:34,20,58.2,2.8
2026-04-01,05:34,05:56,20,56.4,5.8
2026-04-01,05:56,06:16,20,57.1,4.0
2026-04-01,06:16,06:32,16,61.6,2.3
2026-04-01,06:32,06:52,20,63.2,3.2
2026-04-01,06:52,07:23,31,60.9,4.5
2026-04-01,07:23,07:24,1,53.0,0.0
2026-04-02,00:36,00:43,7,68.1,5.9
2026-04-02,00:43,01:09,26,67.2,3.3
2026-04-02,01:09,01:27,18,66.9,3.6
2026-04-02,01:27,01:40,13,66.4,3.3
2026-04-02,01:40,01:53,13,65.4,2.9
2026-04-02,01:53,02:04,11,65.8,6.1
2026-04-02,02:04,02:18,12,67.6,8.8
2026-04-02,02:18,02:29,11,64.6,3.2
2026-04-02,02:29,03:07,38,66.5,3.2
2026-04-02,03:07,03:35,28,65.5,4.4
2026-04-02,03:35,04:05,30,63.1,3.1
2026-04-02,04:05,04:20,15,61.3,3.0
2026-04-02,04:20,04:47,27,63.6,5.2
2026-04-02,04:47,05:03,16,63.7,4.4
2026-04-02,05:03,05:22,19,64.9,2.1
2026-04-02,05:22,05:36,14,64.9,4.1
2026-04-02,05:36,05:53,17,60.8,3.3
2026-04-02,05:53,06:04,11,58.9,3.7
2026-04-02,06:04,06:24,20,61.2,4.1
2026-04-02,06:24,06:35,11,63.8,2.0
2026-04-02,06:35,06:54,19,62.5,3.6
2026-04-02,06:54,07:15,20,61.8,3.1
2026-04-02,07:15,07:19,4,60.2,1.9
2026-04-03,00:40,00:54,14,75.3,5.0
2026-04-03,00:54,01:21,27,70.9,3.1
2026-04-03,01:21,01:34,12,68.8,2.4
2026-04-03,01:34,01:58,24,71.0,4.1
2026-04-03,01:58,02:25,27,70.7,4.9
2026-04-03,02:25,02:48,23,69.8,5.0
2026-04-03,02:48,03:32,44,68.5,3.3
2026-04-03,03:32,03:54,22,62.5,3.6
2026-04-03,03:54,04:15,21,63.3,5.1
2026-04-03,04:15,04:51,36,65.8,4.7
2026-04-03,04:51,05:06,15,64.5,1.5
2026-04-03,05:06,05:31,25,62.9,5.2
2026-04-03,05:31,05:54,23,59.3,4.3
2026-04-03,05:54,06:22,28,66.1,4.3
2026-04-03,06:22,06:32,10,68.5,1.2
2026-04-03,06:32,06:50,18,65.4,5.5
2026-04-03,06:50,07:13,23,60.7,4.3
2026-04-03,07:13,07:22,9,61.4,2.9
2026-04-04,01:21,01:32,11,73.4,1.8
2026-04-04,01:32,01:56,24,72.9,2.2
2026-04-04,01:56,02:14,18,72.4,3.9
2026-04-04,02:14,02:34,20,73.1,3.0
2026-04-04,02:34,02:47,13,71.2,3.4
2026-04-04,02:47,03:02,15,75.7,2.5
2026-04-04,03:02,03:13,11,74.0,3.6
2026-04-04,03:13,03:25,12,73.8,2.3
2026-04-04,03:25,03:49,24,70.1,5.1
2026-04-04,03:49,04:19,30,70.1,3.8
2026-04-04,04:19,04:37,18,65.9,4.7
2026-04-04,04:37,05:01,24,66.9,2.6
2026-04-04,05:01,05:17,16,65.9,3.9
2026-04-04,05:17,05:53,36,70.0,2.9
2026-04-04,05:53,06:06,13,69.0,2.7
2026-04-04,06:06,06:29,23,66.4,5.0
2026-04-04,06:29,06:43,14,62.1,3.6
2026-04-04,06:43,07:07,24,65.8,4.4
2026-04-04,07:07,07:24,17,66.3,3.1
2026-04-05,00:03,00:10,7,66.6,8.8
2026-04-05,00:10,00:30,20,66.2,3.5
2026-04-05,00:30,01:10,38,69.7,3.2
2026-04-05,01:10,01:31,21,69.2,3.3
2026-04-05,01:31,01:46,15,68.5,2.8
2026-04-05,01:46,02:17,31,70.2,3.0
2026-04-05,02:17,02:40,23,69.9,3.5
2026-04-05,02:40,03:07,26,65.5,5.6
2026-04-05,03:07,03:45,37,65.2,4.3
2026-04-05,03:45,04:01,16,65.8,1.9
2026-04-05,04:01,04:14,13,66.8,2.7
2026-04-05,04:14,04:26,12,65.3,5.8
2026-04-05,04:26,04:50,24,62.8,2.9
2026-04-05,04:50,05:27,37,65.3,3.1
2026-04-05,05:27,05:39,12,62.8,6.3
2026-04-05,05:39,05:49,10,56.6,2.8
2026-04-05,05:49,06:03,14,56.9,3.9
2026-04-05,06:03,06:27,23,60.3,3.5
2026-04-05,06:27,07:02,35,64.1,5.5
2026-04-05,07:02,07:19,12,62.4,6.4
2026-04-06,23:49,23:59,10,75.6,8.4
2026-04-06,23:59,00:11,12,70.2,3.1
2026-04-06,00:11,00:25,14,72.6,1.6
2026-04-06,00:25,00:43,18,72.4,2.0
2026-04-06,00:43,00:55,12,71.2,3.2
2026-04-06,00:55,01:05,10,70.4,2.2
2026-04-06,01:05,01:19,13,68.2,3.8
2026-04-06,01:19,01:36,17,67.6,3.1
2026-04-06,01:36,01:53,17,66.4,4.7
2026-04-06,01:53,02:21,27,64.8,2.2
2026-04-06,02:21,02:49,28,65.2,1.8
2026-04-06,02:49,03:02,13,65.2,4.9
2026-04-06,03:02,03:26,24,66.0,3.0
2026-04-06,03:26,03:46,20,64.7,4.3
2026-04-06,03:46,04:32,45,66.1,3.6
2026-04-06,04:32,04:49,17,65.0,2.5
2026-04-06,04:49,05:08,17,72.6,16.0
2026-04-06,05:08,05:44,36,65.6,2.5
2026-04-06,05:44,06:13,29,62.9,3.8
2026-04-06,06:13,06:25,12,57.9,3.4
2026-04-06,06:25,06:37,12,60.4,3.1
2026-04-06,06:37,07:00,22,59.3,2.8
2026-04-06,07:00,07:14,14,59.3,4.2
2026-04-06,07:14,07:26,12,59.8,6.7
2026-04-07,00:17,00:23,6,74.0,9.1
2026-04-07,00:23,01:07,44,71.9,2.2
2026-04-07,01:07,01:25,18,71.2,3.4
2026-04-07,01:25,01:43,18,71.9,2.7
2026-04-07,01:43,01:58,15,71.9,4.4
2026-04-07,01:58,02:16,18,71.2,3.3
2026-04-07,02:16,02:26,10,69.0,1.3
2026-04-07,02:26,03:00,34,68.5,3.0
2026-04-07,03:00,03:35,35,67.2,3.3
2026-04-07,03:35,03:57,22,64.6,4.3
2026-04-07,03:57,04:12,15,63.1,4.9
2026-04-07,04:12,04:23,11,61.5,1.8
2026-04-07,04:23,04:34,11,59.5,4.4
2026-04-07,04:34,05:06,31,65.7,2.6
2026-04-07,05:06,05:39,33,62.8,2.8
2026-04-07,05:39,06:14,34,62.6,4.3
2026-04-07,06:14,06:26,12,62.0,5.7
2026-04-07,06:26,06:37,11,59.3,2.9
2026-04-07,06:37,06:53,16,64.0,3.5
2026-04-07,06:53,07:18,24,63.6,5.0
2026-04-07,07:18,07:29,11,60.2,3.8
2026-04-08,19:29,19:44,15,81.4,2.3
2026-04-08,19:44,20:04,20,82.8,4.0
2026-04-08,20:04,20:19,15,83.0,3.0
2026-04-08,20:19,20:39,19,83.9,2.1
2026-04-08,20:39,20:52,13,81.9,1.6
2026-04-08,20:52,21:08,16,78.6,3.9
2026-04-08,21:08,21:21,13,78.9,3.4
2026-04-08,21:21,21:37,16,80.1,9.2
2026-04-08,21:37,22:05,28,76.5,3.6
2026-04-08,22:05,22:25,20,74.2,4.2
2026-04-08,22:25,22:50,25,81.4,6.2
2026-04-08,22:50,23:20,30,86.0,10.2
2026-04-08,23:20,23:44,24,72.8,3.1
2026-04-08,23:44,00:29,44,75.8,3.8
2026-04-08,00:29,01:04,35,79.0,4.0
2026-04-08,01:04,01:37,33,82.0,1.9
2026-04-08,01:37,01:55,18,82.2,2.7
2026-04-08,01:55,02:33,38,82.8,2.9
2026-04-08,02:33,03:29,56,85.7,2.6
2026-04-08,03:29,03:47,18,79.7,2.4
2026-04-08,03:47,04:07,20,79.4,2.1
2026-04-08,04:07,04:30,23,83.0,2.0
2026-04-08,04:30,04:51,20,78.2,6.8
2026-04-08,04:51,05:21,30,72.8,3.5
2026-04-08,05:21,05:36,15,72.3,2.4
2026-04-08,05:36,05:49,13,71.5,5.7
2026-04-08,05:49,06:15,26,72.2,4.5
2026-04-08,06:15,06:41,26,68.2,4.1
2026-04-08,06:41,07:14,33,72.8,5.4
2026-04-08,07:14,07:22,8,75.6,5.0
2026-04-09,00:14,00:21,7,69.4,1.3
2026-04-09,00:21,00:43,22,70.4,2.8
2026-04-09,00:43,00:58,15,69.5,4.9
2026-04-09,00:58,01:17,19,71.0,3.7
2026-04-09,01:17,01:29,12,69.7,6.3
2026-04-09,01:29,01:40,11,72.4,3.7
2026-04-09,01:40,02:15,35,71.8,3.8
2026-04-09,02:15,02:37,22,69.2,2.7
2026-04-09,02:37,02:50,13,70.8,3.0
2026-04-09,02:50,03:07,17,72.1,2.8
2026-04-09,03:07,03:22,15,67.9,3.3
2026-04-09,03:22,03:48,26,69.4,3.8
2026-04-09,03:48,04:03,15,68.7,4.3
2026-04-09,04:03,04:23,20,67.1,2.5
2026-04-09,04:23,04:36,13,68.5,3.7
2026-04-09,04:36,05:02,25,66.8,5.4
2026-04-09,05:02,05:14,12,63.3,3.1
2026-04-09,05:14,05:38,22,66.5,2.7
2026-04-09,05:38,05:56,18,67.6,4.1
2026-04-09,05:56,06:24,28,64.0,5.0
2026-04-09,06:24,06:38,14,66.6,4.0
2026-04-09,06:38,06:55,17,66.2,3.9
2026-04-09,06:55,07:19,24,68.8,1.9
2026-04-10,00:27,00:33,6,73.5,3.3
2026-04-10,00:33,00:53,20,75.7,1.6
2026-04-10,00:53,01:13,20,75.0,3.2
2026-04-10,01:13,01:23,10,75.1,1.6
2026-04-10,01:23,01:40,17,74.4,2.1
2026-04-10,01:40,01:55,15,75.8,4.1
2026-04-10,01:55,02:07,11,76.4,4.5
2026-04-10,02:07,02:56,49,74.8,4.3
2026-04-10,02:56,03:31,35,70.4,2.9
2026-04-10,03:31,03:42,11,68.3,2.4
2026-04-10,03:42,04:10,28,69.5,3.0
2026-04-10,04:10,04:22,12,67.6,2.9
2026-04-10,04:22,04:56,34,71.4,2.5
2026-04-10,04:56,05:09,13,68.6,4.6
2026-04-10,05:09,05:25,16,65.1,4.5
2026-04-10,05:25,05:37,12,63.6,3.3
2026-04-10,05:37,05:57,20,64.3,3.5
2026-04-10,05:57,06:09,12,64.4,4.2
2026-04-10,06:09,06:29,20,66.1,2.9
2026-04-10,06:29,06:41,12,62.3,5.2
2026-04-10,06:41,06:59,16,64.9,2.7
2026-04-10,06:59,07:14,15,67.1,4.5
2026-04-10,07:14,07:20,5,66.4,3.3
2026-04-11,00:45,01:04,19,63.3,1.9
2026-04-11,01:04,01:22,18,64.7,3.0
2026-04-11,01:22,01:36,14,63.1,4.9
2026-04-11,01:36,01:57,21,63.0,3.7
2026-04-11,01:57,02:13,16,64.9,5.1
2026-04-11,02:13,02:23,10,65.4,2.5
2026-04-11,02:23,02:35,12,63.4,2.5
2026-04-11,02:35,02:59,24,66.9,2.9
2026-04-11,02:59,03:14,15,67.5,1.9
2026-04-11,03:14,03:44,30,66.8,3.4
2026-04-11,03:44,04:06,20,60.8,3.2
2026-04-11,04:06,04:47,40,64.0,3.9
2026-04-11,04:47,05:03,16,65.8,3.5
2026-04-11,05:03,05:27,24,65.6,4.3
2026-04-11,05:27,05:40,13,66.3,6.7
2026-04-11,05:40,05:53,13,62.8,2.4
2026-04-11,05:53,06:07,14,63.1,2.7
2026-04-11,06:07,06:19,12,65.6,1.3
2026-04-11,06:19,06:33,13,65.2,3.2
2026-04-11,06:33,06:53,20,68.2,6.2
2026-04-11,06:53,07:01,8,62.6,6.6
